2026-05-09 02:55:12,284 - database - INFO - База данных инициализирована: crazy_time.db
2026-05-09 02:55:13,371 - __main__ - INFO - Бот запущен
2026-05-09 02:55:13,645 - httpx - INFO - HTTP Request: POST https://api.telegram.org/bot2047277455:AAGwObQa-UPRwulCHH1JJfHjE680_rP7n_I/getMe "HTTP/1.1 200 OK"
2026-05-09 02:55:13,650 - __main__ - INFO - Запуск фонового парсера...
2026-05-09 02:55:13,755 - httpx - INFO - HTTP Request: POST https://api.telegram.org/bot2047277455:AAGwObQa-UPRwulCHH1JJfHjE680_rP7n_I/deleteWebhook "HTTP/1.1 200 OK"
2026-05-09 02:55:13,760 - telegram.ext.Application - INFO - Application started
2026-05-09 02:55:13,933 - parser - ERROR - 403 Forbidden от tracksino
2026-05-09 02:55:23,963 - httpx - INFO - HTTP Request: POST https://api.telegram.org/bot2047277455:AAGwObQa-UPRwulCHH1JJfHjE680_rP7n_I/getUpdates "HTTP/1.1 200 OK"
2026-05-09 02:55:36,404 - httpx - INFO - HTTP Request: POST https://api.telegram.org/bot2047277455:AAGwObQa-UPRwulCHH1JJfHjE680_rP7n_I/getUpdates "HTTP/1.1 200 OK"
2026-05-09 02:55:44,147 - parser - ERROR - 403 Forbidden от tracksino
2026-05-09 02:55:46,465 - httpx - INFO - HTTP Request: POST https://api.telegram.org/bot2047277455:AAGwObQa-UPRwulCHH1JJfHjE680_rP7n_I/getUpdates "HTTP/1.1 200 OK"
2026-05-09 02:55:56,529 - httpx - INFO - HTTP Request: POST https://api.telegram.org/bot2047277455:AAGwObQa-UPRwulCHH1JJfHjE680_rP7n_I/getUpdates "HTTP/1.1 200 OK"
2026-05-09 02:56:06,589 - httpx - INFO - HTTP Request: POST https://api.telegram.org/bot2047277455:AAGwObQa-UPRwulCHH1JJfHjE680_rP7n_I/getUpdates "HTTP/1.1 200 OK"
2026-05-09 02:56:14,458 - parser - ERROR - 403 Forbidden от tracksino
2026-05-09 02:56:16,649 - httpx - INFO - HTTP Request: POST https://api.telegram.org/bot2047277455:AAGwObQa-UPRwulCHH1JJfHjE680_rP7n_I/getUpdates "HTTP/1.1 200 OK"
2026-05-09 02:56:26,709 - httpx - INFO - HTTP Request: POST https://api.telegram.org/bot2047277455:AAGwObQa-UPRwulCHH1JJfHjE680_rP7n_I/getUpdates "HTTP/1.1 200 OK"
2026-05-09 02:56:36,768 - httpx - INFO - HTTP Request: POST https://api.telegram.org/bot2047277455:AAGwObQa-UPRwulCHH1JJfHjE680_rP7n_I/getUpdates "HTTP/1.1 200 OK"
2026-05-09 02:56:44,656 - parser - ERROR - 403 Forbidden от tracksino
2026-05-09 02:56:46,827 - httpx - INFO - HTTP Request: POST https://api.telegram.org/bot2047277455:AAGwObQa-UPRwulCHH1JJfHjE680_rP7n_I/getUpdates "HTTP/1.1 200 OK"
2026-05-09 02:56:56,885 - httpx - INFO - HTTP Request: POST https://api.telegram.org/bot2047277455:AAGwObQa-UPRwulCHH1JJfHjE680_rP7n_I/getUpdates "HTTP/1.1 200 OK"
2026-05-09 02:57:06,944 - httpx - INFO - HTTP Request: POST https://api.telegram.org/bot2047277455:AAGwObQa-UPRwulCHH1JJfHjE680_rP7n_I/getUpdates "HTTP/1.1 200 OK"
2026-05-09 02:57:14,932 - parser - ERROR - 403 Forbidden от tracksino
2026-05-09 02:57:17,006 - httpx - INFO - HTTP Request: POST https://api.telegram.org/bot2047277455:AAGwObQa-UPRwulCHH1JJfHjE680_rP7n_I/getUpdates "HTTP/1.1 200 OK"
2026-05-09 02:57:27,070 - httpx - INFO - HTTP Request: POST https://api.telegram.org/bot2047277455:AAGwObQa-UPRwulCHH1JJfHjE680_rP7n_I/getUpdates "HTTP/1.1 200 OK"
2026-05-09 02:57:37,130 - httpx - INFO - HTTP Request: POST https://api.telegram.org/bot2047277455:AAGwObQa-UPRwulCHH1JJfHjE680_rP7n_I/getUpdates "HTTP/1.1 200 OK"
2026-05-09 02:57:45,136 - parser - ERROR - 403 Forbidden от tracksino
2026-05-09 02:57:47,187 - httpx - INFO - HTTP Request: POST https://api.telegram.org/bot2047277455:AAGwObQa-UPRwulCHH1JJfHjE680_rP7n_I/getUpdates "HTTP/1.1 200 OK"
2026-05-09 02:57:57,247 - httpx - INFO - HTTP Request: POST https://api.telegram.org/bot2047277455:AAGwObQa-UPRwulCHH1JJfHjE680_rP7n_I/getUpdates "HTTP/1.1 200 OK"
2026-05-09 02:58:07,308 - httpx - INFO - HTTP Request: POST https://api.telegram.org/bot2047277455:AAGwObQa-UPRwulCHH1JJfHjE680_rP7n_I/getUpdates "HTTP/1.1 200 OK"
2026-05-09 02:58:15,417 - parser - ERROR - 403 Forbidden от tracksino
2026-05-09 02:58:17,373 - httpx - INFO - HTTP Request: POST https://api.telegram.org/bot2047277455:AAGwObQa-UPRwulCHH1JJfHjE680_rP7n_I/getUpdates "HTTP/1.1 200 OK"
2026-05-09 02:58:27,433 - httpx - INFO - HTTP Request: POST https://api.telegram.org/bot2047277455:AAGwObQa-UPRwulCHH1JJfHjE680_rP7n_I/getUpdates "HTTP/1.1 200 OK"
2026-05-09 02:58:37,491 - httpx - INFO - HTTP Request: POST https://api.telegram.org/bot2047277455:AAGwObQa-UPRwulCHH1JJfHjE680_rP7n_I/getUpdates "HTTP/1.1 200 OK"
2026-05-09 02:58:45,609 - parser - ERROR - 403 Forbidden от tracksino
2026-05-09 02:58:47,555 - httpx - INFO - HTTP Request: POST https://api.telegram.org/bot2047277455:AAGwObQa-UPRwulCHH1JJfHjE680_rP7n_I/getUpdates "HTTP/1.1 200 OK"
2026-05-09 02:58:57,614 - httpx - INFO - HTTP Request: POST https://api.telegram.org/bot2047277455:AAGwObQa-UPRwulCHH1JJfHjE680_rP7n_I/getUpdates "HTTP/1.1 200 OK"
2026-05-09 02:59:07,677 - httpx - INFO - HTTP Request: POST https://api.telegram.org/bot2047277455:AAGwObQa-UPRwulCHH1JJfHjE680_rP7n_I/getUpdates "HTTP/1.1 200 OK"
2026-05-09 02:59:15,895 - parser - ERROR - 403 Forbidden от tracksino
2026-05-09 02:59:17,741 - httpx - INFO - HTTP Request: POST https://api.telegram.org/bot2047277455:AAGwObQa-UPRwulCHH1JJfHjE680_rP7n_I/getUpdates "HTTP/1.1 200 OK"
2026-05-09 02:59:27,800 - httpx - INFO - HTTP Request: POST https://api.telegram.org/bot2047277455:AAGwObQa-UPRwulCHH1JJfHjE680_rP7n_I/getUpdates "HTTP/1.1 200 OK"
2026-05-09 02:59:37,858 - httpx - INFO - HTTP Request: POST https://api.telegram.org/bot2047277455:AAGwObQa-UPRwulCHH1JJfHjE680_rP7n_I/getUpdates "HTTP/1.1 200 OK"
2026-05-09 02:59:46,109 - parser - ERROR - 403 Forbidden от tracksino
2026-05-09 02:59:47,920 - httpx - INFO - HTTP Request: POST https://api.telegram.org/bot2047277455:AAGwObQa-UPRwulCHH1JJfHjE680_rP7n_I/getUpdates "HTTP/1.1 200 OK"
2026-05-09 02:59:57,979 - httpx - INFO - HTTP Request: POST https://api.telegram.org/bot2047277455:AAGwObQa-UPRwulCHH1JJfHjE680_rP7n_I/getUpdates "HTTP/1.1 200 OK"
2026-05-09 03:00:08,037 - httpx - INFO - HTTP Request: POST https://api.telegram.org/bot2047277455:AAGwObQa-UPRwulCHH1JJfHjE680_rP7n_I/getUpdates "HTTP/1.1 200 OK"
2026-05-09 03:00:16,381 - parser - ERROR - 403 Forbidden от tracksino
2026-05-09 03:00:18,096 - httpx - INFO - HTTP Request: POST https://api.telegram.org/bot2047277455:AAGwObQa-UPRwulCHH1JJfHjE680_rP7n_I/getUpdates "HTTP/1.1 200 OK"
2026-05-09 03:00:28,154 - httpx - INFO - HTTP Request: POST https://api.telegram.org/bot2047277455:AAGwObQa-UPRwulCHH1JJfHjE680_rP7n_I/getUpdates "HTTP/1.1 200 OK"
2026-05-09 03:00:38,213 - httpx - INFO - HTTP Request: POST https://api.telegram.org/bot2047277455:AAGwObQa-UPRwulCHH1JJfHjE680_rP7n_I/getUpdates "HTTP/1.1 200 OK"
2026-05-09 03:00:46,582 - parser - ERROR - 403 Forbidden от tracksino
2026-05-09 03:00:48,277 - httpx - INFO - HTTP Request: POST https://api.telegram.org/bot2047277455:AAGwObQa-UPRwulCHH1JJfHjE680_rP7n_I/getUpdates "HTTP/1.1 200 OK"
2026-05-09 03:00:58,340 - httpx - INFO - HTTP Request: POST https://api.telegram.org/bot2047277455:AAGwObQa-UPRwulCHH1JJfHjE680_rP7n_I/getUpdates "HTTP/1.1 200 OK"
2026-05-09 03:01:08,402 - httpx - INFO - HTTP Request: POST https://api.telegram.org/bot2047277455:AAGwObQa-UPRwulCHH1JJfHjE680_rP7n_I/getUpdates "HTTP/1.1 200 OK"
2026-05-09 03:01:16,850 - parser - ERROR - 403 Forbidden от tracksino
2026-05-09 03:01:18,466 - httpx - INFO - HTTP Request: POST https://api.telegram.org/bot2047277455:AAGwObQa-UPRwulCHH1JJfHjE680_rP7n_I/getUpdates "HTTP/1.1 200 OK"
2026-05-09 03:01:28,528 - httpx - INFO - HTTP Request: POST https://api.telegram.org/bot2047277455:AAGwObQa-UPRwulCHH1JJfHjE680_rP7n_I/getUpdates "HTTP/1.1 200 OK"
2026-05-09 03:01:38,593 - httpx - INFO - HTTP Request: POST https://api.telegram.org/bot2047277455:AAGwObQa-UPRwulCHH1JJfHjE680_rP7n_I/getUpdates "HTTP/1.1 200 OK"
2026-05-09 03:01:47,080 - parser - ERROR - 403 Forbidden от tracksino
2026-05-09 03:01:48,654 - httpx - INFO - HTTP Request: POST https://api.telegram.org/bot2047277455:AAGwObQa-UPRwulCHH1JJfHjE680_rP7n_I/getUpdates "HTTP/1.1 200 OK"
2026-05-09 03:01:58,712 - httpx - INFO - HTTP Request: POST https://api.telegram.org/bot2047277455:AAGwObQa-UPRwulCHH1JJfHjE680_rP7n_I/getUpdates "HTTP/1.1 200 OK"
2026-05-09 03:02:08,774 - httpx - INFO - HTTP Request: POST https://api.telegram.org/bot2047277455:AAGwObQa-UPRwulCHH1JJfHjE680_rP7n_I/getUpdates "HTTP/1.1 200 OK"
2026-05-09 03:02:17,355 - parser - ERROR - 403 Forbidden от tracksino
2026-05-09 03:02:18,834 - httpx - INFO - HTTP Request: POST https://api.telegram.org/bot2047277455:AAGwObQa-UPRwulCHH1JJfHjE680_rP7n_I/getUpdates "HTTP/1.1 200 OK"
2026-05-09 03:02:28,899 - httpx - INFO - HTTP Request: POST https://api.telegram.org/bot2047277455:AAGwObQa-UPRwulCHH1JJfHjE680_rP7n_I/getUpdates "HTTP/1.1 200 OK"
2026-05-09 03:03:35,799 - database - INFO - База данных инициализирована: crazy_time.db
2026-05-09 03:03:36,885 - __main__ - INFO - Бот запущен
2026-05-09 03:03:37,138 - httpx - INFO - HTTP Request: POST https://api.telegram.org/bot2047277455:AAGwObQa-UPRwulCHH1JJfHjE680_rP7n_I/getMe "HTTP/1.1 200 OK"
2026-05-09 03:03:37,141 - __main__ - INFO - Запуск фонового парсера...
2026-05-09 03:03:37,143 - parser - INFO - Получаем новый токен с tracksino.com...
2026-05-09 03:03:37,221 - httpx - INFO - HTTP Request: POST https://api.telegram.org/bot2047277455:AAGwObQa-UPRwulCHH1JJfHjE680_rP7n_I/deleteWebhook "HTTP/1.1 200 OK"
2026-05-09 03:03:37,231 - telegram.ext.Application - INFO - Application started
2026-05-09 03:03:39,016 - parser - ERROR - Не удалось получить токен автоматически
2026-05-09 03:03:39,016 - parser - ERROR - Нет токена — пропускаем цикл
2026-05-09 03:03:47,444 - httpx - INFO - HTTP Request: POST https://api.telegram.org/bot2047277455:AAGwObQa-UPRwulCHH1JJfHjE680_rP7n_I/getUpdates "HTTP/1.1 200 OK"
2026-05-09 03:03:58,487 - httpx - INFO - HTTP Request: POST https://api.telegram.org/bot2047277455:AAGwObQa-UPRwulCHH1JJfHjE680_rP7n_I/getUpdates "HTTP/1.1 200 OK"
2026-05-09 03:04:27,620 - database - INFO - База данных инициализирована: crazy_time.db
2026-05-09 03:04:28,680 - __main__ - INFO - Бот запущен
2026-05-09 03:04:28,943 - httpx - INFO - HTTP Request: POST https://api.telegram.org/bot2047277455:AAGwObQa-UPRwulCHH1JJfHjE680_rP7n_I/getMe "HTTP/1.1 200 OK"
2026-05-09 03:04:28,946 - __main__ - INFO - Запуск фонового парсера...
2026-05-09 03:04:28,948 - parser - INFO - Получаем новый токен с tracksino.com...
2026-05-09 03:04:29,034 - httpx - INFO - HTTP Request: POST https://api.telegram.org/bot2047277455:AAGwObQa-UPRwulCHH1JJfHjE680_rP7n_I/deleteWebhook "HTTP/1.1 200 OK"
2026-05-09 03:04:29,038 - telegram.ext.Application - INFO - Application started
2026-05-09 03:04:29,714 - parser - INFO - Используем токен из config.py
2026-05-09 03:04:29,750 - parser - ERROR - HTTP 500
2026-05-09 03:04:39,250 - httpx - INFO - HTTP Request: POST https://api.telegram.org/bot2047277455:AAGwObQa-UPRwulCHH1JJfHjE680_rP7n_I/getUpdates "HTTP/1.1 200 OK"
2026-05-09 03:04:49,310 - httpx - INFO - HTTP Request: POST https://api.telegram.org/bot2047277455:AAGwObQa-UPRwulCHH1JJfHjE680_rP7n_I/getUpdates "HTTP/1.1 200 OK"
2026-05-09 03:05:52,496 - database - INFO - База данных инициализирована: crazy_time.db
2026-05-09 03:05:53,545 - __main__ - INFO - Бот запущен
2026-05-09 03:05:53,802 - httpx - INFO - HTTP Request: POST https://api.telegram.org/bot2047277455:AAGwObQa-UPRwulCHH1JJfHjE680_rP7n_I/getMe "HTTP/1.1 200 OK"
2026-05-09 03:05:53,803 - __main__ - INFO - Запуск фонового парсера...
2026-05-09 03:05:53,804 - parser - INFO - Получаем новый токен с tracksino.com...
2026-05-09 03:05:53,883 - httpx - INFO - HTTP Request: POST https://api.telegram.org/bot2047277455:AAGwObQa-UPRwulCHH1JJfHjE680_rP7n_I/deleteWebhook "HTTP/1.1 200 OK"
2026-05-09 03:05:53,889 - telegram.ext.Application - INFO - Application started
2026-05-09 03:05:54,666 - parser - ERROR - Не удалось получить токен автоматически
2026-05-09 03:05:54,666 - parser - ERROR - Нет токена — пропускаем цикл
2026-05-09 03:06:04,169 - httpx - INFO - HTTP Request: POST https://api.telegram.org/bot2047277455:AAGwObQa-UPRwulCHH1JJfHjE680_rP7n_I/getUpdates "HTTP/1.1 200 OK"
2026-05-09 03:06:14,254 - httpx - INFO - HTTP Request: POST https://api.telegram.org/bot2047277455:AAGwObQa-UPRwulCHH1JJfHjE680_rP7n_I/getUpdates "HTTP/1.1 200 OK"
2026-05-09 03:06:39,396 - database - INFO - База данных инициализирована: crazy_time.db
2026-05-09 03:06:40,469 - __main__ - INFO - Бот запущен
2026-05-09 03:06:40,752 - httpx - INFO - HTTP Request: POST https://api.telegram.org/bot2047277455:AAGwObQa-UPRwulCHH1JJfHjE680_rP7n_I/getMe "HTTP/1.1 200 OK"
2026-05-09 03:06:40,753 - __main__ - INFO - Запуск фонового парсера...
2026-05-09 03:06:40,754 - parser - INFO - Получаем новый токен с tracksino.com...
2026-05-09 03:06:40,835 - httpx - INFO - HTTP Request: POST https://api.telegram.org/bot2047277455:AAGwObQa-UPRwulCHH1JJfHjE680_rP7n_I/deleteWebhook "HTTP/1.1 200 OK"
2026-05-09 03:06:40,838 - telegram.ext.Application - INFO - Application started
2026-05-09 03:06:41,508 - parser - INFO - Используем токен из config.py
2026-05-09 03:06:41,554 - parser - INFO - Новых спинов: 50
2026-05-09 03:06:41,554 - parser - ERROR - Ошибка парсера: 'int' object has no attribute 'strip'
Traceback (most recent call last):
  File "D:\MILLIONER\parser.py", line 152, in fetch_and_process
    result = normalize_result(
             ^^^^^^^^^^^^^^^^^
  File "D:\MILLIONER\parser.py", line 48, in normalize_result
    return RESULT_MAP.get(raw.strip().lower())
                          ^^^^^^^^^
AttributeError: 'int' object has no attribute 'strip'
2026-05-09 03:06:51,051 - httpx - INFO - HTTP Request: POST https://api.telegram.org/bot2047277455:AAGwObQa-UPRwulCHH1JJfHjE680_rP7n_I/getUpdates "HTTP/1.1 200 OK"
2026-05-09 03:07:01,109 - httpx - INFO - HTTP Request: POST https://api.telegram.org/bot2047277455:AAGwObQa-UPRwulCHH1JJfHjE680_rP7n_I/getUpdates "HTTP/1.1 200 OK"
2026-05-09 03:07:11,169 - httpx - INFO - HTTP Request: POST https://api.telegram.org/bot2047277455:AAGwObQa-UPRwulCHH1JJfHjE680_rP7n_I/getUpdates "HTTP/1.1 200 OK"
2026-05-09 03:07:11,845 - parser - INFO - Новых спинов: 50
2026-05-09 03:07:11,846 - parser - ERROR - Ошибка парсера: 'int' object has no attribute 'strip'
Traceback (most recent call last):
  File "D:\MILLIONER\parser.py", line 152, in fetch_and_process
    result = normalize_result(
             ^^^^^^^^^^^^^^^^^
  File "D:\MILLIONER\parser.py", line 48, in normalize_result
    return RESULT_MAP.get(raw.strip().lower())
                          ^^^^^^^^^
AttributeError: 'int' object has no attribute 'strip'
2026-05-09 03:07:21,237 - httpx - INFO - HTTP Request: POST https://api.telegram.org/bot2047277455:AAGwObQa-UPRwulCHH1JJfHjE680_rP7n_I/getUpdates "HTTP/1.1 200 OK"
2026-05-09 03:07:31,297 - httpx - INFO - HTTP Request: POST https://api.telegram.org/bot2047277455:AAGwObQa-UPRwulCHH1JJfHjE680_rP7n_I/getUpdates "HTTP/1.1 200 OK"
2026-05-09 03:07:37,468 - database - INFO - База данных инициализирована: crazy_time.db
2026-05-09 03:07:38,530 - __main__ - INFO - Бот запущен
2026-05-09 03:07:38,786 - httpx - INFO - HTTP Request: POST https://api.telegram.org/bot2047277455:AAGwObQa-UPRwulCHH1JJfHjE680_rP7n_I/getMe "HTTP/1.1 200 OK"
2026-05-09 03:07:38,789 - __main__ - INFO - Запуск фонового парсера...
2026-05-09 03:07:38,791 - parser - INFO - Получаем новый токен с tracksino.com...
2026-05-09 03:07:38,878 - httpx - INFO - HTTP Request: POST https://api.telegram.org/bot2047277455:AAGwObQa-UPRwulCHH1JJfHjE680_rP7n_I/deleteWebhook "HTTP/1.1 200 OK"
2026-05-09 03:07:38,884 - telegram.ext.Application - INFO - Application started
2026-05-09 03:07:39,093 - httpx - INFO - HTTP Request: POST https://api.telegram.org/bot2047277455:AAGwObQa-UPRwulCHH1JJfHjE680_rP7n_I/getUpdates "HTTP/1.1 409 Conflict"
2026-05-09 03:07:39,094 - telegram.ext.Updater - ERROR - Error while getting Updates: Conflict: terminated by other getUpdates request; make sure that only one bot instance is running
2026-05-09 03:07:39,094 - telegram.ext.Application - ERROR - No error handlers are registered, logging exception.
Traceback (most recent call last):
  File "C:\Users\Sh1ndyS\AppData\Local\Programs\Python\Python311\Lib\site-packages\telegram\ext\_updater.py", line 755, in _network_loop_retry
    if not await do_action():
           ^^^^^^^^^^^^^^^^^
  File "C:\Users\Sh1ndyS\AppData\Local\Programs\Python\Python311\Lib\site-packages\telegram\ext\_updater.py", line 749, in do_action
    return action_cb_task.result()
           ^^^^^^^^^^^^^^^^^^^^^^^
  File "C:\Users\Sh1ndyS\AppData\Local\Programs\Python\Python311\Lib\site-packages\telegram\ext\_updater.py", line 389, in polling_action_cb
    raise exc
  File "C:\Users\Sh1ndyS\AppData\Local\Programs\Python\Python311\Lib\site-packages\telegram\ext\_updater.py", line 378, in polling_action_cb
    updates = await self.bot.get_updates(
              ^^^^^^^^^^^^^^^^^^^^^^^^^^^
  File "C:\Users\Sh1ndyS\AppData\Local\Programs\Python\Python311\Lib\site-packages\telegram\ext\_extbot.py", line 647, in get_updates
    updates = await super().get_updates(
              ^^^^^^^^^^^^^^^^^^^^^^^^^^
  File "C:\Users\Sh1ndyS\AppData\Local\Programs\Python\Python311\Lib\site-packages\telegram\_bot.py", line 4326, in get_updates
    await self._post(
  File "C:\Users\Sh1ndyS\AppData\Local\Programs\Python\Python311\Lib\site-packages\telegram\_bot.py", line 618, in _post
    return await self._do_post(
           ^^^^^^^^^^^^^^^^^^^^
  File "C:\Users\Sh1ndyS\AppData\Local\Programs\Python\Python311\Lib\site-packages\telegram\ext\_extbot.py", line 353, in _do_post
    return await super()._do_post(
           ^^^^^^^^^^^^^^^^^^^^^^^
  File "C:\Users\Sh1ndyS\AppData\Local\Programs\Python\Python311\Lib\site-packages\telegram\_bot.py", line 647, in _do_post
    result = await request.post(
             ^^^^^^^^^^^^^^^^^^^
  File "C:\Users\Sh1ndyS\AppData\Local\Programs\Python\Python311\Lib\site-packages\telegram\request\_baserequest.py", line 200, in post
    result = await self._request_wrapper(
             ^^^^^^^^^^^^^^^^^^^^^^^^^^^^
  File "C:\Users\Sh1ndyS\AppData\Local\Programs\Python\Python311\Lib\site-packages\telegram\request\_baserequest.py", line 383, in _request_wrapper
    raise Conflict(message)
telegram.error.Conflict: Conflict: terminated by other getUpdates request; make sure that only one bot instance is running
2026-05-09 03:07:39,726 - parser - INFO - Используем токен из config.py
2026-05-09 03:07:39,769 - parser - INFO - Новых спинов: 50
2026-05-09 03:07:43,162 - httpx - INFO - HTTP Request: POST https://api.telegram.org/bot2047277455:AAGwObQa-UPRwulCHH1JJfHjE680_rP7n_I/getUpdates "HTTP/1.1 409 Conflict"
2026-05-09 03:07:43,163 - telegram.ext.Updater - ERROR - Error while getting Updates: Conflict: terminated by other getUpdates request; make sure that only one bot instance is running
2026-05-09 03:07:43,164 - telegram.ext.Application - ERROR - No error handlers are registered, logging exception.
Traceback (most recent call last):
  File "C:\Users\Sh1ndyS\AppData\Local\Programs\Python\Python311\Lib\site-packages\telegram\ext\_updater.py", line 755, in _network_loop_retry
    if not await do_action():
           ^^^^^^^^^^^^^^^^^
  File "C:\Users\Sh1ndyS\AppData\Local\Programs\Python\Python311\Lib\site-packages\telegram\ext\_updater.py", line 749, in do_action
    return action_cb_task.result()
           ^^^^^^^^^^^^^^^^^^^^^^^
  File "C:\Users\Sh1ndyS\AppData\Local\Programs\Python\Python311\Lib\site-packages\telegram\ext\_updater.py", line 389, in polling_action_cb
    raise exc
  File "C:\Users\Sh1ndyS\AppData\Local\Programs\Python\Python311\Lib\site-packages\telegram\ext\_updater.py", line 378, in polling_action_cb
    updates = await self.bot.get_updates(
              ^^^^^^^^^^^^^^^^^^^^^^^^^^^
  File "C:\Users\Sh1ndyS\AppData\Local\Programs\Python\Python311\Lib\site-packages\telegram\ext\_extbot.py", line 647, in get_updates
    updates = await super().get_updates(
              ^^^^^^^^^^^^^^^^^^^^^^^^^^
  File "C:\Users\Sh1ndyS\AppData\Local\Programs\Python\Python311\Lib\site-packages\telegram\_bot.py", line 4326, in get_updates
    await self._post(
  File "C:\Users\Sh1ndyS\AppData\Local\Programs\Python\Python311\Lib\site-packages\telegram\_bot.py", line 618, in _post
    return await self._do_post(
           ^^^^^^^^^^^^^^^^^^^^
  File "C:\Users\Sh1ndyS\AppData\Local\Programs\Python\Python311\Lib\site-packages\telegram\ext\_extbot.py", line 353, in _do_post
    return await super()._do_post(
           ^^^^^^^^^^^^^^^^^^^^^^^
  File "C:\Users\Sh1ndyS\AppData\Local\Programs\Python\Python311\Lib\site-packages\telegram\_bot.py", line 647, in _do_post
    result = await request.post(
             ^^^^^^^^^^^^^^^^^^^
  File "C:\Users\Sh1ndyS\AppData\Local\Programs\Python\Python311\Lib\site-packages\telegram\request\_baserequest.py", line 200, in post
    result = await self._request_wrapper(
             ^^^^^^^^^^^^^^^^^^^^^^^^^^^^
  File "C:\Users\Sh1ndyS\AppData\Local\Programs\Python\Python311\Lib\site-packages\telegram\request\_baserequest.py", line 383, in _request_wrapper
    raise Conflict(message)
telegram.error.Conflict: Conflict: terminated by other getUpdates request; make sure that only one bot instance is running
2026-05-09 03:07:44,233 - httpx - INFO - HTTP Request: POST https://api.telegram.org/bot2047277455:AAGwObQa-UPRwulCHH1JJfHjE680_rP7n_I/getUpdates "HTTP/1.1 409 Conflict"
2026-05-09 03:07:44,235 - telegram.ext.Updater - ERROR - Error while getting Updates: Conflict: terminated by other getUpdates request; make sure that only one bot instance is running
2026-05-09 03:07:44,235 - telegram.ext.Application - ERROR - No error handlers are registered, logging exception.
Traceback (most recent call last):
  File "C:\Users\Sh1ndyS\AppData\Local\Programs\Python\Python311\Lib\site-packages\telegram\ext\_updater.py", line 755, in _network_loop_retry
    if not await do_action():
           ^^^^^^^^^^^^^^^^^
  File "C:\Users\Sh1ndyS\AppData\Local\Programs\Python\Python311\Lib\site-packages\telegram\ext\_updater.py", line 749, in do_action
    return action_cb_task.result()
           ^^^^^^^^^^^^^^^^^^^^^^^
  File "C:\Users\Sh1ndyS\AppData\Local\Programs\Python\Python311\Lib\site-packages\telegram\ext\_updater.py", line 389, in polling_action_cb
    raise exc
  File "C:\Users\Sh1ndyS\AppData\Local\Programs\Python\Python311\Lib\site-packages\telegram\ext\_updater.py", line 378, in polling_action_cb
    updates = await self.bot.get_updates(
              ^^^^^^^^^^^^^^^^^^^^^^^^^^^
  File "C:\Users\Sh1ndyS\AppData\Local\Programs\Python\Python311\Lib\site-packages\telegram\ext\_extbot.py", line 647, in get_updates
    updates = await super().get_updates(
              ^^^^^^^^^^^^^^^^^^^^^^^^^^
  File "C:\Users\Sh1ndyS\AppData\Local\Programs\Python\Python311\Lib\site-packages\telegram\_bot.py", line 4326, in get_updates
    await self._post(
  File "C:\Users\Sh1ndyS\AppData\Local\Programs\Python\Python311\Lib\site-packages\telegram\_bot.py", line 618, in _post
    return await self._do_post(
           ^^^^^^^^^^^^^^^^^^^^
  File "C:\Users\Sh1ndyS\AppData\Local\Programs\Python\Python311\Lib\site-packages\telegram\ext\_extbot.py", line 353, in _do_post
    return await super()._do_post(
           ^^^^^^^^^^^^^^^^^^^^^^^
  File "C:\Users\Sh1ndyS\AppData\Local\Programs\Python\Python311\Lib\site-packages\telegram\_bot.py", line 647, in _do_post
    result = await request.post(
             ^^^^^^^^^^^^^^^^^^^
  File "C:\Users\Sh1ndyS\AppData\Local\Programs\Python\Python311\Lib\site-packages\telegram\request\_baserequest.py", line 200, in post
    result = await self._request_wrapper(
             ^^^^^^^^^^^^^^^^^^^^^^^^^^^^
  File "C:\Users\Sh1ndyS\AppData\Local\Programs\Python\Python311\Lib\site-packages\telegram\request\_baserequest.py", line 383, in _request_wrapper
    raise Conflict(message)
telegram.error.Conflict: Conflict: terminated by other getUpdates request; make sure that only one bot instance is running
2026-05-09 03:07:48,791 - httpx - INFO - HTTP Request: POST https://api.telegram.org/bot2047277455:AAGwObQa-UPRwulCHH1JJfHjE680_rP7n_I/getUpdates "HTTP/1.1 409 Conflict"
2026-05-09 03:07:50,437 - telegram.ext.Updater - ERROR - Error while getting Updates: Conflict: terminated by other getUpdates request; make sure that only one bot instance is running
2026-05-09 03:07:50,437 - telegram.ext.Application - ERROR - No error handlers are registered, logging exception.
Traceback (most recent call last):
  File "C:\Users\Sh1ndyS\AppData\Local\Programs\Python\Python311\Lib\site-packages\telegram\ext\_updater.py", line 755, in _network_loop_retry
    if not await do_action():
           ^^^^^^^^^^^^^^^^^
  File "C:\Users\Sh1ndyS\AppData\Local\Programs\Python\Python311\Lib\site-packages\telegram\ext\_updater.py", line 749, in do_action
    return action_cb_task.result()
           ^^^^^^^^^^^^^^^^^^^^^^^
  File "C:\Users\Sh1ndyS\AppData\Local\Programs\Python\Python311\Lib\site-packages\telegram\ext\_updater.py", line 389, in polling_action_cb
    raise exc
  File "C:\Users\Sh1ndyS\AppData\Local\Programs\Python\Python311\Lib\site-packages\telegram\ext\_updater.py", line 378, in polling_action_cb
    updates = await self.bot.get_updates(
              ^^^^^^^^^^^^^^^^^^^^^^^^^^^
  File "C:\Users\Sh1ndyS\AppData\Local\Programs\Python\Python311\Lib\site-packages\telegram\ext\_extbot.py", line 647, in get_updates
    updates = await super().get_updates(
              ^^^^^^^^^^^^^^^^^^^^^^^^^^
  File "C:\Users\Sh1ndyS\AppData\Local\Programs\Python\Python311\Lib\site-packages\telegram\_bot.py", line 4326, in get_updates
    await self._post(
  File "C:\Users\Sh1ndyS\AppData\Local\Programs\Python\Python311\Lib\site-packages\telegram\_bot.py", line 618, in _post
    return await self._do_post(
           ^^^^^^^^^^^^^^^^^^^^
  File "C:\Users\Sh1ndyS\AppData\Local\Programs\Python\Python311\Lib\site-packages\telegram\ext\_extbot.py", line 353, in _do_post
    return await super()._do_post(
           ^^^^^^^^^^^^^^^^^^^^^^^
  File "C:\Users\Sh1ndyS\AppData\Local\Programs\Python\Python311\Lib\site-packages\telegram\_bot.py", line 647, in _do_post
    result = await request.post(
             ^^^^^^^^^^^^^^^^^^^
  File "C:\Users\Sh1ndyS\AppData\Local\Programs\Python\Python311\Lib\site-packages\telegram\request\_baserequest.py", line 200, in post
    result = await self._request_wrapper(
             ^^^^^^^^^^^^^^^^^^^^^^^^^^^^
  File "C:\Users\Sh1ndyS\AppData\Local\Programs\Python\Python311\Lib\site-packages\telegram\request\_baserequest.py", line 383, in _request_wrapper
    raise Conflict(message)
telegram.error.Conflict: Conflict: terminated by other getUpdates request; make sure that only one bot instance is running
2026-05-09 03:07:51,572 - parser - INFO - Новых спинов: 500
2026-05-09 03:07:51,572 - parser - ERROR - Ошибка парсера: 'int' object has no attribute 'strip'
Traceback (most recent call last):
  File "D:\MILLIONER\parser.py", line 152, in fetch_and_process
    result = normalize_result(
             ^^^^^^^^^^^^^^^^^
  File "D:\MILLIONER\parser.py", line 48, in normalize_result
    return RESULT_MAP.get(str(raw).strip().lower())
                          ^^^^^^^^^
AttributeError: 'int' object has no attribute 'strip'
2026-05-09 03:07:52,006 - httpx - INFO - HTTP Request: POST https://api.telegram.org/bot2047277455:AAGwObQa-UPRwulCHH1JJfHjE680_rP7n_I/getUpdates "HTTP/1.1 409 Conflict"
2026-05-09 03:07:52,007 - telegram.ext.Updater - ERROR - Error while getting Updates: Conflict: terminated by other getUpdates request; make sure that only one bot instance is running
2026-05-09 03:07:52,007 - telegram.ext.Application - ERROR - No error handlers are registered, logging exception.
Traceback (most recent call last):
  File "C:\Users\Sh1ndyS\AppData\Local\Programs\Python\Python311\Lib\site-packages\telegram\ext\_updater.py", line 755, in _network_loop_retry
    if not await do_action():
           ^^^^^^^^^^^^^^^^^
  File "C:\Users\Sh1ndyS\AppData\Local\Programs\Python\Python311\Lib\site-packages\telegram\ext\_updater.py", line 749, in do_action
    return action_cb_task.result()
           ^^^^^^^^^^^^^^^^^^^^^^^
  File "C:\Users\Sh1ndyS\AppData\Local\Programs\Python\Python311\Lib\site-packages\telegram\ext\_updater.py", line 389, in polling_action_cb
    raise exc
  File "C:\Users\Sh1ndyS\AppData\Local\Programs\Python\Python311\Lib\site-packages\telegram\ext\_updater.py", line 378, in polling_action_cb
    updates = await self.bot.get_updates(
              ^^^^^^^^^^^^^^^^^^^^^^^^^^^
  File "C:\Users\Sh1ndyS\AppData\Local\Programs\Python\Python311\Lib\site-packages\telegram\ext\_extbot.py", line 647, in get_updates
    updates = await super().get_updates(
              ^^^^^^^^^^^^^^^^^^^^^^^^^^
  File "C:\Users\Sh1ndyS\AppData\Local\Programs\Python\Python311\Lib\site-packages\telegram\_bot.py", line 4326, in get_updates
    await self._post(
  File "C:\Users\Sh1ndyS\AppData\Local\Programs\Python\Python311\Lib\site-packages\telegram\_bot.py", line 618, in _post
    return await self._do_post(
           ^^^^^^^^^^^^^^^^^^^^
  File "C:\Users\Sh1ndyS\AppData\Local\Programs\Python\Python311\Lib\site-packages\telegram\ext\_extbot.py", line 353, in _do_post
    return await super()._do_post(
           ^^^^^^^^^^^^^^^^^^^^^^^
  File "C:\Users\Sh1ndyS\AppData\Local\Programs\Python\Python311\Lib\site-packages\telegram\_bot.py", line 647, in _do_post
    result = await request.post(
             ^^^^^^^^^^^^^^^^^^^
  File "C:\Users\Sh1ndyS\AppData\Local\Programs\Python\Python311\Lib\site-packages\telegram\request\_baserequest.py", line 200, in post
    result = await self._request_wrapper(
             ^^^^^^^^^^^^^^^^^^^^^^^^^^^^
  File "C:\Users\Sh1ndyS\AppData\Local\Programs\Python\Python311\Lib\site-packages\telegram\request\_baserequest.py", line 383, in _request_wrapper
    raise Conflict(message)
telegram.error.Conflict: Conflict: terminated by other getUpdates request; make sure that only one bot instance is running
2026-05-09 03:07:57,321 - httpx - INFO - HTTP Request: POST https://api.telegram.org/bot2047277455:AAGwObQa-UPRwulCHH1JJfHjE680_rP7n_I/getUpdates "HTTP/1.1 409 Conflict"
2026-05-09 03:07:57,322 - telegram.ext.Updater - ERROR - Error while getting Updates: Conflict: terminated by other getUpdates request; make sure that only one bot instance is running
2026-05-09 03:07:57,322 - telegram.ext.Application - ERROR - No error handlers are registered, logging exception.
Traceback (most recent call last):
  File "C:\Users\Sh1ndyS\AppData\Local\Programs\Python\Python311\Lib\site-packages\telegram\ext\_updater.py", line 755, in _network_loop_retry
    if not await do_action():
           ^^^^^^^^^^^^^^^^^
  File "C:\Users\Sh1ndyS\AppData\Local\Programs\Python\Python311\Lib\site-packages\telegram\ext\_updater.py", line 749, in do_action
    return action_cb_task.result()
           ^^^^^^^^^^^^^^^^^^^^^^^
  File "C:\Users\Sh1ndyS\AppData\Local\Programs\Python\Python311\Lib\site-packages\telegram\ext\_updater.py", line 389, in polling_action_cb
    raise exc
  File "C:\Users\Sh1ndyS\AppData\Local\Programs\Python\Python311\Lib\site-packages\telegram\ext\_updater.py", line 378, in polling_action_cb
    updates = await self.bot.get_updates(
              ^^^^^^^^^^^^^^^^^^^^^^^^^^^
  File "C:\Users\Sh1ndyS\AppData\Local\Programs\Python\Python311\Lib\site-packages\telegram\ext\_extbot.py", line 647, in get_updates
    updates = await super().get_updates(
              ^^^^^^^^^^^^^^^^^^^^^^^^^^
  File "C:\Users\Sh1ndyS\AppData\Local\Programs\Python\Python311\Lib\site-packages\telegram\_bot.py", line 4326, in get_updates
    await self._post(
  File "C:\Users\Sh1ndyS\AppData\Local\Programs\Python\Python311\Lib\site-packages\telegram\_bot.py", line 618, in _post
    return await self._do_post(
           ^^^^^^^^^^^^^^^^^^^^
  File "C:\Users\Sh1ndyS\AppData\Local\Programs\Python\Python311\Lib\site-packages\telegram\ext\_extbot.py", line 353, in _do_post
    return await super()._do_post(
           ^^^^^^^^^^^^^^^^^^^^^^^
  File "C:\Users\Sh1ndyS\AppData\Local\Programs\Python\Python311\Lib\site-packages\telegram\_bot.py", line 647, in _do_post
    result = await request.post(
             ^^^^^^^^^^^^^^^^^^^
  File "C:\Users\Sh1ndyS\AppData\Local\Programs\Python\Python311\Lib\site-packages\telegram\request\_baserequest.py", line 200, in post
    result = await self._request_wrapper(
             ^^^^^^^^^^^^^^^^^^^^^^^^^^^^
  File "C:\Users\Sh1ndyS\AppData\Local\Programs\Python\Python311\Lib\site-packages\telegram\request\_baserequest.py", line 383, in _request_wrapper
    raise Conflict(message)
telegram.error.Conflict: Conflict: terminated by other getUpdates request; make sure that only one bot instance is running
2026-05-09 03:07:59,643 - httpx - INFO - HTTP Request: POST https://api.telegram.org/bot2047277455:AAGwObQa-UPRwulCHH1JJfHjE680_rP7n_I/getUpdates "HTTP/1.1 409 Conflict"
2026-05-09 03:07:59,644 - telegram.ext.Updater - ERROR - Error while getting Updates: Conflict: terminated by other getUpdates request; make sure that only one bot instance is running
2026-05-09 03:07:59,646 - telegram.ext.Application - ERROR - No error handlers are registered, logging exception.
Traceback (most recent call last):
  File "C:\Users\Sh1ndyS\AppData\Local\Programs\Python\Python311\Lib\site-packages\telegram\ext\_updater.py", line 755, in _network_loop_retry
    if not await do_action():
           ^^^^^^^^^^^^^^^^^
  File "C:\Users\Sh1ndyS\AppData\Local\Programs\Python\Python311\Lib\site-packages\telegram\ext\_updater.py", line 749, in do_action
    return action_cb_task.result()
           ^^^^^^^^^^^^^^^^^^^^^^^
  File "C:\Users\Sh1ndyS\AppData\Local\Programs\Python\Python311\Lib\site-packages\telegram\ext\_updater.py", line 389, in polling_action_cb
    raise exc
  File "C:\Users\Sh1ndyS\AppData\Local\Programs\Python\Python311\Lib\site-packages\telegram\ext\_updater.py", line 378, in polling_action_cb
    updates = await self.bot.get_updates(
              ^^^^^^^^^^^^^^^^^^^^^^^^^^^
  File "C:\Users\Sh1ndyS\AppData\Local\Programs\Python\Python311\Lib\site-packages\telegram\ext\_extbot.py", line 647, in get_updates
    updates = await super().get_updates(
              ^^^^^^^^^^^^^^^^^^^^^^^^^^
  File "C:\Users\Sh1ndyS\AppData\Local\Programs\Python\Python311\Lib\site-packages\telegram\_bot.py", line 4326, in get_updates
    await self._post(
  File "C:\Users\Sh1ndyS\AppData\Local\Programs\Python\Python311\Lib\site-packages\telegram\_bot.py", line 618, in _post
    return await self._do_post(
           ^^^^^^^^^^^^^^^^^^^^
  File "C:\Users\Sh1ndyS\AppData\Local\Programs\Python\Python311\Lib\site-packages\telegram\ext\_extbot.py", line 353, in _do_post
    return await super()._do_post(
           ^^^^^^^^^^^^^^^^^^^^^^^
  File "C:\Users\Sh1ndyS\AppData\Local\Programs\Python\Python311\Lib\site-packages\telegram\_bot.py", line 647, in _do_post
    result = await request.post(
             ^^^^^^^^^^^^^^^^^^^
  File "C:\Users\Sh1ndyS\AppData\Local\Programs\Python\Python311\Lib\site-packages\telegram\request\_baserequest.py", line 200, in post
    result = await self._request_wrapper(
             ^^^^^^^^^^^^^^^^^^^^^^^^^^^^
  File "C:\Users\Sh1ndyS\AppData\Local\Programs\Python\Python311\Lib\site-packages\telegram\request\_baserequest.py", line 383, in _request_wrapper
    raise Conflict(message)
telegram.error.Conflict: Conflict: terminated by other getUpdates request; make sure that only one bot instance is running
2026-05-09 03:08:03,091 - httpx - INFO - HTTP Request: POST https://api.telegram.org/bot2047277455:AAGwObQa-UPRwulCHH1JJfHjE680_rP7n_I/getUpdates "HTTP/1.1 409 Conflict"
2026-05-09 03:08:03,094 - telegram.ext.Updater - ERROR - Error while getting Updates: Conflict: terminated by other getUpdates request; make sure that only one bot instance is running
2026-05-09 03:08:03,095 - telegram.ext.Application - ERROR - No error handlers are registered, logging exception.
Traceback (most recent call last):
  File "C:\Users\Sh1ndyS\AppData\Local\Programs\Python\Python311\Lib\site-packages\telegram\ext\_updater.py", line 755, in _network_loop_retry
    if not await do_action():
           ^^^^^^^^^^^^^^^^^
  File "C:\Users\Sh1ndyS\AppData\Local\Programs\Python\Python311\Lib\site-packages\telegram\ext\_updater.py", line 749, in do_action
    return action_cb_task.result()
           ^^^^^^^^^^^^^^^^^^^^^^^
  File "C:\Users\Sh1ndyS\AppData\Local\Programs\Python\Python311\Lib\site-packages\telegram\ext\_updater.py", line 389, in polling_action_cb
    raise exc
  File "C:\Users\Sh1ndyS\AppData\Local\Programs\Python\Python311\Lib\site-packages\telegram\ext\_updater.py", line 378, in polling_action_cb
    updates = await self.bot.get_updates(
              ^^^^^^^^^^^^^^^^^^^^^^^^^^^
  File "C:\Users\Sh1ndyS\AppData\Local\Programs\Python\Python311\Lib\site-packages\telegram\ext\_extbot.py", line 647, in get_updates
    updates = await super().get_updates(
              ^^^^^^^^^^^^^^^^^^^^^^^^^^
  File "C:\Users\Sh1ndyS\AppData\Local\Programs\Python\Python311\Lib\site-packages\telegram\_bot.py", line 4326, in get_updates
    await self._post(
  File "C:\Users\Sh1ndyS\AppData\Local\Programs\Python\Python311\Lib\site-packages\telegram\_bot.py", line 618, in _post
    return await self._do_post(
           ^^^^^^^^^^^^^^^^^^^^
  File "C:\Users\Sh1ndyS\AppData\Local\Programs\Python\Python311\Lib\site-packages\telegram\ext\_extbot.py", line 353, in _do_post
    return await super()._do_post(
           ^^^^^^^^^^^^^^^^^^^^^^^
  File "C:\Users\Sh1ndyS\AppData\Local\Programs\Python\Python311\Lib\site-packages\telegram\_bot.py", line 647, in _do_post
    result = await request.post(
             ^^^^^^^^^^^^^^^^^^^
  File "C:\Users\Sh1ndyS\AppData\Local\Programs\Python\Python311\Lib\site-packages\telegram\request\_baserequest.py", line 200, in post
    result = await self._request_wrapper(
             ^^^^^^^^^^^^^^^^^^^^^^^^^^^^
  File "C:\Users\Sh1ndyS\AppData\Local\Programs\Python\Python311\Lib\site-packages\telegram\request\_baserequest.py", line 383, in _request_wrapper
    raise Conflict(message)
telegram.error.Conflict: Conflict: terminated by other getUpdates request; make sure that only one bot instance is running
2026-05-09 03:08:06,552 - httpx - INFO - HTTP Request: POST https://api.telegram.org/bot2047277455:AAGwObQa-UPRwulCHH1JJfHjE680_rP7n_I/getUpdates "HTTP/1.1 409 Conflict"
2026-05-09 03:08:06,556 - telegram.ext.Updater - ERROR - Error while getting Updates: Conflict: terminated by other getUpdates request; make sure that only one bot instance is running
2026-05-09 03:08:06,563 - telegram.ext.Application - ERROR - No error handlers are registered, logging exception.
Traceback (most recent call last):
  File "C:\Users\Sh1ndyS\AppData\Local\Programs\Python\Python311\Lib\site-packages\telegram\ext\_updater.py", line 755, in _network_loop_retry
    if not await do_action():
           ^^^^^^^^^^^^^^^^^
  File "C:\Users\Sh1ndyS\AppData\Local\Programs\Python\Python311\Lib\site-packages\telegram\ext\_updater.py", line 749, in do_action
    return action_cb_task.result()
           ^^^^^^^^^^^^^^^^^^^^^^^
  File "C:\Users\Sh1ndyS\AppData\Local\Programs\Python\Python311\Lib\site-packages\telegram\ext\_updater.py", line 389, in polling_action_cb
    raise exc
  File "C:\Users\Sh1ndyS\AppData\Local\Programs\Python\Python311\Lib\site-packages\telegram\ext\_updater.py", line 378, in polling_action_cb
    updates = await self.bot.get_updates(
              ^^^^^^^^^^^^^^^^^^^^^^^^^^^
  File "C:\Users\Sh1ndyS\AppData\Local\Programs\Python\Python311\Lib\site-packages\telegram\ext\_extbot.py", line 647, in get_updates
    updates = await super().get_updates(
              ^^^^^^^^^^^^^^^^^^^^^^^^^^
  File "C:\Users\Sh1ndyS\AppData\Local\Programs\Python\Python311\Lib\site-packages\telegram\_bot.py", line 4326, in get_updates
    await self._post(
  File "C:\Users\Sh1ndyS\AppData\Local\Programs\Python\Python311\Lib\site-packages\telegram\_bot.py", line 618, in _post
    return await self._do_post(
           ^^^^^^^^^^^^^^^^^^^^
  File "C:\Users\Sh1ndyS\AppData\Local\Programs\Python\Python311\Lib\site-packages\telegram\ext\_extbot.py", line 353, in _do_post
    return await super()._do_post(
           ^^^^^^^^^^^^^^^^^^^^^^^
  File "C:\Users\Sh1ndyS\AppData\Local\Programs\Python\Python311\Lib\site-packages\telegram\_bot.py", line 647, in _do_post
    result = await request.post(
             ^^^^^^^^^^^^^^^^^^^
  File "C:\Users\Sh1ndyS\AppData\Local\Programs\Python\Python311\Lib\site-packages\telegram\request\_baserequest.py", line 200, in post
    result = await self._request_wrapper(
             ^^^^^^^^^^^^^^^^^^^^^^^^^^^^
  File "C:\Users\Sh1ndyS\AppData\Local\Programs\Python\Python311\Lib\site-packages\telegram\request\_baserequest.py", line 383, in _request_wrapper
    raise Conflict(message)
telegram.error.Conflict: Conflict: terminated by other getUpdates request; make sure that only one bot instance is running
2026-05-09 03:08:11,877 - httpx - INFO - HTTP Request: POST https://api.telegram.org/bot2047277455:AAGwObQa-UPRwulCHH1JJfHjE680_rP7n_I/getUpdates "HTTP/1.1 409 Conflict"
2026-05-09 03:08:11,878 - telegram.ext.Updater - ERROR - Error while getting Updates: Conflict: terminated by other getUpdates request; make sure that only one bot instance is running
2026-05-09 03:08:11,879 - telegram.ext.Application - ERROR - No error handlers are registered, logging exception.
Traceback (most recent call last):
  File "C:\Users\Sh1ndyS\AppData\Local\Programs\Python\Python311\Lib\site-packages\telegram\ext\_updater.py", line 755, in _network_loop_retry
    if not await do_action():
           ^^^^^^^^^^^^^^^^^
  File "C:\Users\Sh1ndyS\AppData\Local\Programs\Python\Python311\Lib\site-packages\telegram\ext\_updater.py", line 749, in do_action
    return action_cb_task.result()
           ^^^^^^^^^^^^^^^^^^^^^^^
  File "C:\Users\Sh1ndyS\AppData\Local\Programs\Python\Python311\Lib\site-packages\telegram\ext\_updater.py", line 389, in polling_action_cb
    raise exc
  File "C:\Users\Sh1ndyS\AppData\Local\Programs\Python\Python311\Lib\site-packages\telegram\ext\_updater.py", line 378, in polling_action_cb
    updates = await self.bot.get_updates(
              ^^^^^^^^^^^^^^^^^^^^^^^^^^^
  File "C:\Users\Sh1ndyS\AppData\Local\Programs\Python\Python311\Lib\site-packages\telegram\ext\_extbot.py", line 647, in get_updates
    updates = await super().get_updates(
              ^^^^^^^^^^^^^^^^^^^^^^^^^^
  File "C:\Users\Sh1ndyS\AppData\Local\Programs\Python\Python311\Lib\site-packages\telegram\_bot.py", line 4326, in get_updates
    await self._post(
  File "C:\Users\Sh1ndyS\AppData\Local\Programs\Python\Python311\Lib\site-packages\telegram\_bot.py", line 618, in _post
    return await self._do_post(
           ^^^^^^^^^^^^^^^^^^^^
  File "C:\Users\Sh1ndyS\AppData\Local\Programs\Python\Python311\Lib\site-packages\telegram\ext\_extbot.py", line 353, in _do_post
    return await super()._do_post(
           ^^^^^^^^^^^^^^^^^^^^^^^
  File "C:\Users\Sh1ndyS\AppData\Local\Programs\Python\Python311\Lib\site-packages\telegram\_bot.py", line 647, in _do_post
    result = await request.post(
             ^^^^^^^^^^^^^^^^^^^
  File "C:\Users\Sh1ndyS\AppData\Local\Programs\Python\Python311\Lib\site-packages\telegram\request\_baserequest.py", line 200, in post
    result = await self._request_wrapper(
             ^^^^^^^^^^^^^^^^^^^^^^^^^^^^
  File "C:\Users\Sh1ndyS\AppData\Local\Programs\Python\Python311\Lib\site-packages\telegram\request\_baserequest.py", line 383, in _request_wrapper
    raise Conflict(message)
telegram.error.Conflict: Conflict: terminated by other getUpdates request; make sure that only one bot instance is running
2026-05-09 03:08:29,138 - database - INFO - База данных инициализирована: crazy_time.db
2026-05-09 03:08:30,195 - __main__ - INFO - Бот запущен
2026-05-09 03:08:30,474 - httpx - INFO - HTTP Request: POST https://api.telegram.org/bot2047277455:AAGwObQa-UPRwulCHH1JJfHjE680_rP7n_I/getMe "HTTP/1.1 200 OK"
2026-05-09 03:08:30,478 - __main__ - INFO - Запуск фонового парсера...
2026-05-09 03:08:30,479 - parser - INFO - Получаем новый токен с tracksino.com...
2026-05-09 03:08:30,573 - httpx - INFO - HTTP Request: POST https://api.telegram.org/bot2047277455:AAGwObQa-UPRwulCHH1JJfHjE680_rP7n_I/deleteWebhook "HTTP/1.1 200 OK"
2026-05-09 03:08:30,577 - telegram.ext.Application - INFO - Application started
2026-05-09 03:08:31,301 - parser - INFO - Используем токен из config.py
2026-05-09 03:08:40,791 - httpx - INFO - HTTP Request: POST https://api.telegram.org/bot2047277455:AAGwObQa-UPRwulCHH1JJfHjE680_rP7n_I/getUpdates "HTTP/1.1 200 OK"
2026-05-09 03:08:40,839 - parser - INFO - Новых спинов: 500
2026-05-09 03:08:50,859 - httpx - INFO - HTTP Request: POST https://api.telegram.org/bot2047277455:AAGwObQa-UPRwulCHH1JJfHjE680_rP7n_I/getUpdates "HTTP/1.1 200 OK"
2026-05-09 03:09:00,924 - httpx - INFO - HTTP Request: POST https://api.telegram.org/bot2047277455:AAGwObQa-UPRwulCHH1JJfHjE680_rP7n_I/getUpdates "HTTP/1.1 200 OK"
2026-05-09 03:09:05,064 - httpx - INFO - HTTP Request: POST https://api.telegram.org/bot2047277455:AAGwObQa-UPRwulCHH1JJfHjE680_rP7n_I/getUpdates "HTTP/1.1 200 OK"
2026-05-09 03:09:05,358 - httpx - INFO - HTTP Request: POST https://api.telegram.org/bot2047277455:AAGwObQa-UPRwulCHH1JJfHjE680_rP7n_I/sendMessage "HTTP/1.1 200 OK"
2026-05-09 03:09:11,293 - httpx - INFO - HTTP Request: POST https://api.telegram.org/bot2047277455:AAGwObQa-UPRwulCHH1JJfHjE680_rP7n_I/getUpdates "HTTP/1.1 200 OK"
2026-05-09 03:09:11,515 - httpx - INFO - HTTP Request: POST https://api.telegram.org/bot2047277455:AAGwObQa-UPRwulCHH1JJfHjE680_rP7n_I/sendMessage "HTTP/1.1 200 OK"
2026-05-09 03:09:20,625 - parser - INFO - Новых спинов: 500
2026-05-09 03:09:21,362 - httpx - INFO - HTTP Request: POST https://api.telegram.org/bot2047277455:AAGwObQa-UPRwulCHH1JJfHjE680_rP7n_I/getUpdates "HTTP/1.1 200 OK"
2026-05-09 03:09:31,430 - httpx - INFO - HTTP Request: POST https://api.telegram.org/bot2047277455:AAGwObQa-UPRwulCHH1JJfHjE680_rP7n_I/getUpdates "HTTP/1.1 200 OK"
2026-05-09 03:09:41,494 - httpx - INFO - HTTP Request: POST https://api.telegram.org/bot2047277455:AAGwObQa-UPRwulCHH1JJfHjE680_rP7n_I/getUpdates "HTTP/1.1 200 OK"
2026-05-09 03:09:45,886 - httpx - INFO - HTTP Request: POST https://api.telegram.org/bot2047277455:AAGwObQa-UPRwulCHH1JJfHjE680_rP7n_I/getUpdates "HTTP/1.1 200 OK"
2026-05-09 03:09:46,143 - httpx - INFO - HTTP Request: POST https://api.telegram.org/bot2047277455:AAGwObQa-UPRwulCHH1JJfHjE680_rP7n_I/sendMessage "HTTP/1.1 200 OK"
2026-05-09 03:09:55,951 - httpx - INFO - HTTP Request: POST https://api.telegram.org/bot2047277455:AAGwObQa-UPRwulCHH1JJfHjE680_rP7n_I/getUpdates "HTTP/1.1 200 OK"
2026-05-09 03:10:00,465 - parser - INFO - Новых спинов: 500
2026-05-09 03:10:06,019 - httpx - INFO - HTTP Request: POST https://api.telegram.org/bot2047277455:AAGwObQa-UPRwulCHH1JJfHjE680_rP7n_I/getUpdates "HTTP/1.1 200 OK"
2026-05-09 03:10:16,084 - httpx - INFO - HTTP Request: POST https://api.telegram.org/bot2047277455:AAGwObQa-UPRwulCHH1JJfHjE680_rP7n_I/getUpdates "HTTP/1.1 200 OK"
2026-05-09 03:10:16,839 - httpx - INFO - HTTP Request: POST https://api.telegram.org/bot2047277455:AAGwObQa-UPRwulCHH1JJfHjE680_rP7n_I/getUpdates "HTTP/1.1 200 OK"
2026-05-09 03:10:17,110 - httpx - INFO - HTTP Request: POST https://api.telegram.org/bot2047277455:AAGwObQa-UPRwulCHH1JJfHjE680_rP7n_I/sendMessage "HTTP/1.1 200 OK"
2026-05-09 03:10:26,909 - httpx - INFO - HTTP Request: POST https://api.telegram.org/bot2047277455:AAGwObQa-UPRwulCHH1JJfHjE680_rP7n_I/getUpdates "HTTP/1.1 200 OK"
2026-05-09 03:10:28,993 - httpx - INFO - HTTP Request: POST https://api.telegram.org/bot2047277455:AAGwObQa-UPRwulCHH1JJfHjE680_rP7n_I/getUpdates "HTTP/1.1 200 OK"
2026-05-09 03:10:29,225 - httpx - INFO - HTTP Request: POST https://api.telegram.org/bot2047277455:AAGwObQa-UPRwulCHH1JJfHjE680_rP7n_I/sendMessage "HTTP/1.1 200 OK"
2026-05-09 03:10:39,055 - httpx - INFO - HTTP Request: POST https://api.telegram.org/bot2047277455:AAGwObQa-UPRwulCHH1JJfHjE680_rP7n_I/getUpdates "HTTP/1.1 200 OK"
2026-05-09 03:10:40,238 - parser - INFO - Новых спинов: 500
2026-05-09 03:10:49,121 - httpx - INFO - HTTP Request: POST https://api.telegram.org/bot2047277455:AAGwObQa-UPRwulCHH1JJfHjE680_rP7n_I/getUpdates "HTTP/1.1 200 OK"
2026-05-09 03:10:59,189 - httpx - INFO - HTTP Request: POST https://api.telegram.org/bot2047277455:AAGwObQa-UPRwulCHH1JJfHjE680_rP7n_I/getUpdates "HTTP/1.1 200 OK"
2026-05-09 03:11:09,262 - httpx - INFO - HTTP Request: POST https://api.telegram.org/bot2047277455:AAGwObQa-UPRwulCHH1JJfHjE680_rP7n_I/getUpdates "HTTP/1.1 200 OK"
2026-05-09 03:11:09,987 - httpx - INFO - HTTP Request: POST https://api.telegram.org/bot2047277455:AAGwObQa-UPRwulCHH1JJfHjE680_rP7n_I/getUpdates "HTTP/1.1 200 OK"
2026-05-09 03:11:10,255 - httpx - INFO - HTTP Request: POST https://api.telegram.org/bot2047277455:AAGwObQa-UPRwulCHH1JJfHjE680_rP7n_I/sendMessage "HTTP/1.1 200 OK"
2026-05-09 03:11:19,969 - parser - INFO - Новых спинов: 500
2026-05-09 03:11:20,053 - httpx - INFO - HTTP Request: POST https://api.telegram.org/bot2047277455:AAGwObQa-UPRwulCHH1JJfHjE680_rP7n_I/getUpdates "HTTP/1.1 200 OK"
2026-05-09 03:11:30,119 - httpx - INFO - HTTP Request: POST https://api.telegram.org/bot2047277455:AAGwObQa-UPRwulCHH1JJfHjE680_rP7n_I/getUpdates "HTTP/1.1 200 OK"
2026-05-09 03:11:40,181 - httpx - INFO - HTTP Request: POST https://api.telegram.org/bot2047277455:AAGwObQa-UPRwulCHH1JJfHjE680_rP7n_I/getUpdates "HTTP/1.1 200 OK"
2026-05-09 03:11:42,544 - httpx - INFO - HTTP Request: POST https://api.telegram.org/bot2047277455:AAGwObQa-UPRwulCHH1JJfHjE680_rP7n_I/getUpdates "HTTP/1.1 200 OK"
2026-05-09 03:11:42,784 - httpx - INFO - HTTP Request: POST https://api.telegram.org/bot2047277455:AAGwObQa-UPRwulCHH1JJfHjE680_rP7n_I/sendMessage "HTTP/1.1 200 OK"
2026-05-09 03:11:52,608 - httpx - INFO - HTTP Request: POST https://api.telegram.org/bot2047277455:AAGwObQa-UPRwulCHH1JJfHjE680_rP7n_I/getUpdates "HTTP/1.1 200 OK"
2026-05-09 03:11:59,656 - parser - INFO - Новых спинов: 500
2026-05-09 03:12:02,219 - httpx - INFO - HTTP Request: POST https://api.telegram.org/bot2047277455:AAGwObQa-UPRwulCHH1JJfHjE680_rP7n_I/getUpdates "HTTP/1.1 200 OK"
2026-05-09 03:12:02,472 - httpx - INFO - HTTP Request: POST https://api.telegram.org/bot2047277455:AAGwObQa-UPRwulCHH1JJfHjE680_rP7n_I/sendMessage "HTTP/1.1 200 OK"
2026-05-09 03:12:12,283 - httpx - INFO - HTTP Request: POST https://api.telegram.org/bot2047277455:AAGwObQa-UPRwulCHH1JJfHjE680_rP7n_I/getUpdates "HTTP/1.1 200 OK"
2026-05-09 03:12:22,371 - httpx - INFO - HTTP Request: POST https://api.telegram.org/bot2047277455:AAGwObQa-UPRwulCHH1JJfHjE680_rP7n_I/getUpdates "HTTP/1.1 200 OK"
2026-05-09 03:12:32,431 - httpx - INFO - HTTP Request: POST https://api.telegram.org/bot2047277455:AAGwObQa-UPRwulCHH1JJfHjE680_rP7n_I/getUpdates "HTTP/1.1 200 OK"
2026-05-09 03:12:39,497 - parser - INFO - Новых спинов: 500
2026-05-09 03:12:42,503 - httpx - INFO - HTTP Request: POST https://api.telegram.org/bot2047277455:AAGwObQa-UPRwulCHH1JJfHjE680_rP7n_I/getUpdates "HTTP/1.1 200 OK"
2026-05-09 03:12:52,573 - httpx - INFO - HTTP Request: POST https://api.telegram.org/bot2047277455:AAGwObQa-UPRwulCHH1JJfHjE680_rP7n_I/getUpdates "HTTP/1.1 200 OK"
2026-05-09 03:13:02,633 - httpx - INFO - HTTP Request: POST https://api.telegram.org/bot2047277455:AAGwObQa-UPRwulCHH1JJfHjE680_rP7n_I/getUpdates "HTTP/1.1 200 OK"
2026-05-09 03:13:12,697 - httpx - INFO - HTTP Request: POST https://api.telegram.org/bot2047277455:AAGwObQa-UPRwulCHH1JJfHjE680_rP7n_I/getUpdates "HTTP/1.1 200 OK"
2026-05-09 03:13:19,211 - parser - INFO - Новых спинов: 500
2026-05-09 03:13:22,774 - httpx - INFO - HTTP Request: POST https://api.telegram.org/bot2047277455:AAGwObQa-UPRwulCHH1JJfHjE680_rP7n_I/getUpdates "HTTP/1.1 200 OK"
2026-05-09 03:13:32,835 - httpx - INFO - HTTP Request: POST https://api.telegram.org/bot2047277455:AAGwObQa-UPRwulCHH1JJfHjE680_rP7n_I/getUpdates "HTTP/1.1 200 OK"
2026-05-09 03:13:42,895 - httpx - INFO - HTTP Request: POST https://api.telegram.org/bot2047277455:AAGwObQa-UPRwulCHH1JJfHjE680_rP7n_I/getUpdates "HTTP/1.1 200 OK"
2026-05-09 03:13:45,875 - httpx - INFO - HTTP Request: POST https://api.telegram.org/bot2047277455:AAGwObQa-UPRwulCHH1JJfHjE680_rP7n_I/getUpdates "HTTP/1.1 200 OK"
2026-05-09 03:13:46,155 - httpx - INFO - HTTP Request: POST https://api.telegram.org/bot2047277455:AAGwObQa-UPRwulCHH1JJfHjE680_rP7n_I/sendMessage "HTTP/1.1 200 OK"
2026-05-09 03:13:53,540 - httpx - INFO - HTTP Request: POST https://api.telegram.org/bot2047277455:AAGwObQa-UPRwulCHH1JJfHjE680_rP7n_I/getUpdates "HTTP/1.1 200 OK"
2026-05-09 03:13:53,768 - httpx - INFO - HTTP Request: POST https://api.telegram.org/bot2047277455:AAGwObQa-UPRwulCHH1JJfHjE680_rP7n_I/sendMessage "HTTP/1.1 200 OK"
2026-05-09 03:13:58,985 - parser - INFO - Новых спинов: 500
2026-05-09 03:14:03,602 - httpx - INFO - HTTP Request: POST https://api.telegram.org/bot2047277455:AAGwObQa-UPRwulCHH1JJfHjE680_rP7n_I/getUpdates "HTTP/1.1 200 OK"
2026-05-09 03:14:05,688 - httpx - INFO - HTTP Request: POST https://api.telegram.org/bot2047277455:AAGwObQa-UPRwulCHH1JJfHjE680_rP7n_I/getUpdates "HTTP/1.1 200 OK"
2026-05-09 03:14:06,047 - httpx - INFO - HTTP Request: POST https://api.telegram.org/bot2047277455:AAGwObQa-UPRwulCHH1JJfHjE680_rP7n_I/sendMessage "HTTP/1.1 200 OK"
2026-05-09 03:14:15,767 - httpx - INFO - HTTP Request: POST https://api.telegram.org/bot2047277455:AAGwObQa-UPRwulCHH1JJfHjE680_rP7n_I/getUpdates "HTTP/1.1 200 OK"
2026-05-09 03:14:25,828 - httpx - INFO - HTTP Request: POST https://api.telegram.org/bot2047277455:AAGwObQa-UPRwulCHH1JJfHjE680_rP7n_I/getUpdates "HTTP/1.1 200 OK"
2026-05-09 03:14:35,889 - httpx - INFO - HTTP Request: POST https://api.telegram.org/bot2047277455:AAGwObQa-UPRwulCHH1JJfHjE680_rP7n_I/getUpdates "HTTP/1.1 200 OK"
2026-05-09 03:14:38,750 - parser - INFO - Новых спинов: 500
2026-05-09 03:14:45,948 - httpx - INFO - HTTP Request: POST https://api.telegram.org/bot2047277455:AAGwObQa-UPRwulCHH1JJfHjE680_rP7n_I/getUpdates "HTTP/1.1 200 OK"
2026-05-09 03:14:56,013 - httpx - INFO - HTTP Request: POST https://api.telegram.org/bot2047277455:AAGwObQa-UPRwulCHH1JJfHjE680_rP7n_I/getUpdates "HTTP/1.1 200 OK"
2026-05-09 03:15:06,072 - httpx - INFO - HTTP Request: POST https://api.telegram.org/bot2047277455:AAGwObQa-UPRwulCHH1JJfHjE680_rP7n_I/getUpdates "HTTP/1.1 200 OK"
2026-05-09 03:15:16,144 - httpx - INFO - HTTP Request: POST https://api.telegram.org/bot2047277455:AAGwObQa-UPRwulCHH1JJfHjE680_rP7n_I/getUpdates "HTTP/1.1 200 OK"
2026-05-09 03:15:18,556 - parser - INFO - Новых спинов: 500
2026-05-09 03:15:26,210 - httpx - INFO - HTTP Request: POST https://api.telegram.org/bot2047277455:AAGwObQa-UPRwulCHH1JJfHjE680_rP7n_I/getUpdates "HTTP/1.1 200 OK"
2026-05-09 03:15:36,279 - httpx - INFO - HTTP Request: POST https://api.telegram.org/bot2047277455:AAGwObQa-UPRwulCHH1JJfHjE680_rP7n_I/getUpdates "HTTP/1.1 200 OK"
2026-05-09 03:15:46,341 - httpx - INFO - HTTP Request: POST https://api.telegram.org/bot2047277455:AAGwObQa-UPRwulCHH1JJfHjE680_rP7n_I/getUpdates "HTTP/1.1 200 OK"
2026-05-09 03:15:56,411 - httpx - INFO - HTTP Request: POST https://api.telegram.org/bot2047277455:AAGwObQa-UPRwulCHH1JJfHjE680_rP7n_I/getUpdates "HTTP/1.1 200 OK"
2026-05-09 03:15:58,238 - parser - INFO - Новых спинов: 500
2026-05-09 03:16:06,483 - httpx - INFO - HTTP Request: POST https://api.telegram.org/bot2047277455:AAGwObQa-UPRwulCHH1JJfHjE680_rP7n_I/getUpdates "HTTP/1.1 200 OK"
2026-05-09 03:16:21,800 - httpx - INFO - HTTP Request: POST https://api.telegram.org/bot2047277455:AAGwObQa-UPRwulCHH1JJfHjE680_rP7n_I/getUpdates "HTTP/1.1 200 OK"
2026-05-09 03:16:31,864 - httpx - INFO - HTTP Request: POST https://api.telegram.org/bot2047277455:AAGwObQa-UPRwulCHH1JJfHjE680_rP7n_I/getUpdates "HTTP/1.1 200 OK"
2026-05-09 03:16:38,028 - parser - INFO - Новых спинов: 500
2026-05-09 03:16:41,926 - httpx - INFO - HTTP Request: POST https://api.telegram.org/bot2047277455:AAGwObQa-UPRwulCHH1JJfHjE680_rP7n_I/getUpdates "HTTP/1.1 200 OK"
2026-05-09 03:16:51,985 - httpx - INFO - HTTP Request: POST https://api.telegram.org/bot2047277455:AAGwObQa-UPRwulCHH1JJfHjE680_rP7n_I/getUpdates "HTTP/1.1 200 OK"
2026-05-09 03:17:02,049 - httpx - INFO - HTTP Request: POST https://api.telegram.org/bot2047277455:AAGwObQa-UPRwulCHH1JJfHjE680_rP7n_I/getUpdates "HTTP/1.1 200 OK"
2026-05-09 03:17:12,119 - httpx - INFO - HTTP Request: POST https://api.telegram.org/bot2047277455:AAGwObQa-UPRwulCHH1JJfHjE680_rP7n_I/getUpdates "HTTP/1.1 200 OK"
2026-05-09 03:17:17,703 - parser - INFO - Новых спинов: 500
2026-05-09 03:17:22,184 - httpx - INFO - HTTP Request: POST https://api.telegram.org/bot2047277455:AAGwObQa-UPRwulCHH1JJfHjE680_rP7n_I/getUpdates "HTTP/1.1 200 OK"
2026-05-09 03:17:32,245 - httpx - INFO - HTTP Request: POST https://api.telegram.org/bot2047277455:AAGwObQa-UPRwulCHH1JJfHjE680_rP7n_I/getUpdates "HTTP/1.1 200 OK"
2026-05-09 03:17:42,307 - httpx - INFO - HTTP Request: POST https://api.telegram.org/bot2047277455:AAGwObQa-UPRwulCHH1JJfHjE680_rP7n_I/getUpdates "HTTP/1.1 200 OK"
2026-05-09 03:17:52,367 - httpx - INFO - HTTP Request: POST https://api.telegram.org/bot2047277455:AAGwObQa-UPRwulCHH1JJfHjE680_rP7n_I/getUpdates "HTTP/1.1 200 OK"
2026-05-09 03:17:57,419 - parser - INFO - Новых спинов: 500
2026-05-09 03:18:02,426 - httpx - INFO - HTTP Request: POST https://api.telegram.org/bot2047277455:AAGwObQa-UPRwulCHH1JJfHjE680_rP7n_I/getUpdates "HTTP/1.1 200 OK"
2026-05-09 03:18:03,596 - httpx - INFO - HTTP Request: POST https://api.telegram.org/bot2047277455:AAGwObQa-UPRwulCHH1JJfHjE680_rP7n_I/getUpdates "HTTP/1.1 200 OK"
2026-05-09 03:18:03,904 - httpx - INFO - HTTP Request: POST https://api.telegram.org/bot2047277455:AAGwObQa-UPRwulCHH1JJfHjE680_rP7n_I/sendMessage "HTTP/1.1 200 OK"
2026-05-09 03:18:13,659 - httpx - INFO - HTTP Request: POST https://api.telegram.org/bot2047277455:AAGwObQa-UPRwulCHH1JJfHjE680_rP7n_I/getUpdates "HTTP/1.1 200 OK"
2026-05-09 03:18:23,733 - httpx - INFO - HTTP Request: POST https://api.telegram.org/bot2047277455:AAGwObQa-UPRwulCHH1JJfHjE680_rP7n_I/getUpdates "HTTP/1.1 200 OK"
2026-05-09 03:18:33,797 - httpx - INFO - HTTP Request: POST https://api.telegram.org/bot2047277455:AAGwObQa-UPRwulCHH1JJfHjE680_rP7n_I/getUpdates "HTTP/1.1 200 OK"
2026-05-09 03:18:37,157 - parser - INFO - Новых спинов: 500
2026-05-09 03:18:43,863 - httpx - INFO - HTTP Request: POST https://api.telegram.org/bot2047277455:AAGwObQa-UPRwulCHH1JJfHjE680_rP7n_I/getUpdates "HTTP/1.1 200 OK"
2026-05-09 03:18:53,928 - httpx - INFO - HTTP Request: POST https://api.telegram.org/bot2047277455:AAGwObQa-UPRwulCHH1JJfHjE680_rP7n_I/getUpdates "HTTP/1.1 200 OK"
2026-05-09 03:19:03,997 - httpx - INFO - HTTP Request: POST https://api.telegram.org/bot2047277455:AAGwObQa-UPRwulCHH1JJfHjE680_rP7n_I/getUpdates "HTTP/1.1 200 OK"
2026-05-09 03:19:14,058 - httpx - INFO - HTTP Request: POST https://api.telegram.org/bot2047277455:AAGwObQa-UPRwulCHH1JJfHjE680_rP7n_I/getUpdates "HTTP/1.1 200 OK"
2026-05-09 03:19:16,924 - parser - INFO - Новых спинов: 500
2026-05-09 03:19:24,126 - httpx - INFO - HTTP Request: POST https://api.telegram.org/bot2047277455:AAGwObQa-UPRwulCHH1JJfHjE680_rP7n_I/getUpdates "HTTP/1.1 200 OK"
2026-05-09 03:19:34,194 - httpx - INFO - HTTP Request: POST https://api.telegram.org/bot2047277455:AAGwObQa-UPRwulCHH1JJfHjE680_rP7n_I/getUpdates "HTTP/1.1 200 OK"
2026-05-09 03:19:44,260 - httpx - INFO - HTTP Request: POST https://api.telegram.org/bot2047277455:AAGwObQa-UPRwulCHH1JJfHjE680_rP7n_I/getUpdates "HTTP/1.1 200 OK"
2026-05-09 03:19:54,329 - httpx - INFO - HTTP Request: POST https://api.telegram.org/bot2047277455:AAGwObQa-UPRwulCHH1JJfHjE680_rP7n_I/getUpdates "HTTP/1.1 200 OK"
2026-05-09 03:19:56,625 - parser - INFO - Новых спинов: 500
2026-05-09 03:20:04,408 - httpx - INFO - HTTP Request: POST https://api.telegram.org/bot2047277455:AAGwObQa-UPRwulCHH1JJfHjE680_rP7n_I/getUpdates "HTTP/1.1 200 OK"
2026-05-09 03:20:14,474 - httpx - INFO - HTTP Request: POST https://api.telegram.org/bot2047277455:AAGwObQa-UPRwulCHH1JJfHjE680_rP7n_I/getUpdates "HTTP/1.1 200 OK"
2026-05-09 03:20:24,547 - httpx - INFO - HTTP Request: POST https://api.telegram.org/bot2047277455:AAGwObQa-UPRwulCHH1JJfHjE680_rP7n_I/getUpdates "HTTP/1.1 200 OK"
2026-05-09 03:20:34,615 - httpx - INFO - HTTP Request: POST https://api.telegram.org/bot2047277455:AAGwObQa-UPRwulCHH1JJfHjE680_rP7n_I/getUpdates "HTTP/1.1 200 OK"
2026-05-09 03:20:36,374 - parser - INFO - Новых спинов: 500
2026-05-09 03:20:44,688 - httpx - INFO - HTTP Request: POST https://api.telegram.org/bot2047277455:AAGwObQa-UPRwulCHH1JJfHjE680_rP7n_I/getUpdates "HTTP/1.1 200 OK"
2026-05-09 03:20:53,712 - httpx - INFO - HTTP Request: POST https://api.telegram.org/bot2047277455:AAGwObQa-UPRwulCHH1JJfHjE680_rP7n_I/getUpdates "HTTP/1.1 200 OK"
2026-05-09 03:20:54,005 - httpx - INFO - HTTP Request: POST https://api.telegram.org/bot2047277455:AAGwObQa-UPRwulCHH1JJfHjE680_rP7n_I/sendMessage "HTTP/1.1 200 OK"
2026-05-09 03:21:03,687 - httpx - INFO - HTTP Request: POST https://api.telegram.org/bot2047277455:AAGwObQa-UPRwulCHH1JJfHjE680_rP7n_I/getUpdates "HTTP/1.1 200 OK"
2026-05-09 03:21:04,010 - httpx - INFO - HTTP Request: POST https://api.telegram.org/bot2047277455:AAGwObQa-UPRwulCHH1JJfHjE680_rP7n_I/sendMessage "HTTP/1.1 200 OK"
2026-05-09 03:21:13,763 - httpx - INFO - HTTP Request: POST https://api.telegram.org/bot2047277455:AAGwObQa-UPRwulCHH1JJfHjE680_rP7n_I/getUpdates "HTTP/1.1 200 OK"
2026-05-09 03:21:16,095 - parser - INFO - Новых спинов: 500
2026-05-09 03:21:22,427 - httpx - INFO - HTTP Request: POST https://api.telegram.org/bot2047277455:AAGwObQa-UPRwulCHH1JJfHjE680_rP7n_I/getUpdates "HTTP/1.1 200 OK"
2026-05-09 03:21:22,732 - httpx - INFO - HTTP Request: POST https://api.telegram.org/bot2047277455:AAGwObQa-UPRwulCHH1JJfHjE680_rP7n_I/sendMessage "HTTP/1.1 200 OK"
2026-05-09 03:21:32,494 - httpx - INFO - HTTP Request: POST https://api.telegram.org/bot2047277455:AAGwObQa-UPRwulCHH1JJfHjE680_rP7n_I/getUpdates "HTTP/1.1 200 OK"
2026-05-09 03:21:42,560 - httpx - INFO - HTTP Request: POST https://api.telegram.org/bot2047277455:AAGwObQa-UPRwulCHH1JJfHjE680_rP7n_I/getUpdates "HTTP/1.1 200 OK"
2026-05-09 03:21:52,625 - httpx - INFO - HTTP Request: POST https://api.telegram.org/bot2047277455:AAGwObQa-UPRwulCHH1JJfHjE680_rP7n_I/getUpdates "HTTP/1.1 200 OK"
2026-05-09 03:21:55,858 - parser - INFO - Новых спинов: 500
2026-05-09 03:22:02,706 - httpx - INFO - HTTP Request: POST https://api.telegram.org/bot2047277455:AAGwObQa-UPRwulCHH1JJfHjE680_rP7n_I/getUpdates "HTTP/1.1 200 OK"
2026-05-09 03:24:04,134 - database - INFO - База данных инициализирована: crazy_time.db
2026-05-09 03:24:05,202 - __main__ - INFO - Бот запущен
2026-05-09 03:24:05,459 - httpx - INFO - HTTP Request: POST https://api.telegram.org/bot2047277455:AAGwObQa-UPRwulCHH1JJfHjE680_rP7n_I/getMe "HTTP/1.1 200 OK"
2026-05-09 03:24:05,460 - __main__ - INFO - Запуск фонового парсера...
2026-05-09 03:24:05,460 - parser - INFO - Получаем новый токен с tracksino.com...
2026-05-09 03:24:05,542 - httpx - INFO - HTTP Request: POST https://api.telegram.org/bot2047277455:AAGwObQa-UPRwulCHH1JJfHjE680_rP7n_I/deleteWebhook "HTTP/1.1 200 OK"
2026-05-09 03:24:05,548 - telegram.ext.Application - INFO - Application started
2026-05-09 03:24:06,334 - parser - INFO - Используем токен из config.py
2026-05-09 03:24:06,382 - parser - INFO - Структура первого спина: {'round_code': 'cdHphY2_r2vQ', 'when': 1778286092, 'result': 1, 'slot_result': 400, 'slot_multiplier': 3, 'multiplier': 1, 'total_winners': 1679, 'total_payout': 4556, 'video_uid': ''}
2026-05-09 03:24:07,437 - parser - INFO - Структура первого спина: {'round_code': 'cdHphY2_r2Kw', 'when': 1778283766, 'result': 1, 'slot_result': 200, 'slot_multiplier': 2, 'multiplier': 1, 'total_winners': 1429, 'total_payout': 3459, 'video_uid': ''}
2026-05-09 03:24:08,497 - parser - INFO - Структура первого спина: {'round_code': 'cdHphY2_rxpQ', 'when': 1778281314, 'result': 200, 'slot_result': 200, 'slot_multiplier': 7, 'multiplier': 140, 'total_winners': 5213, 'total_payout': 651480, 'video_uid': ''}
2026-05-09 03:24:09,546 - parser - INFO - Структура первого спина: {'round_code': 'cdHphY2_rxKA', 'when': 1778278591, 'result': 10, 'slot_result': 100, 'slot_multiplier': 4, 'multiplier': 10, 'total_winners': 3216, 'total_payout': 50013, 'video_uid': ''}
2026-05-09 03:24:10,605 - parser - INFO - Структура первого спина: {'round_code': 'cdHphY2_rwp8', 'when': 1778276129, 'result': 1, 'slot_result': 1, 'slot_multiplier': 3, 'multiplier': 3, 'total_winners': 2195, 'total_payout': 10937, 'video_uid': ''}
2026-05-09 03:24:11,658 - parser - INFO - Структура первого спина: {'round_code': 'cdHphY2_rw3A', 'when': 1778273733, 'result': 200, 'slot_result': 10, 'slot_multiplier': 2, 'multiplier': 20, 'total_winners': 6387, 'total_payout': 124821, 'video_uid': ''}
2026-05-09 03:24:12,707 - parser - INFO - Структура первого спина: {'round_code': 'cdHphY2_rwV8', 'when': 1778271206, 'result': 1, 'slot_result': 400, 'slot_multiplier': 5, 'multiplier': 1, 'total_winners': 2443, 'total_payout': 4893, 'video_uid': ''}
2026-05-09 03:24:13,741 - parser - INFO - Структура первого спина: {'round_code': 'cdHphY2_rz1o', 'when': 1778268733, 'result': 1, 'slot_result': 200, 'slot_multiplier': 5, 'multiplier': 1, 'total_winners': 2123, 'total_payout': 5236, 'video_uid': ''}
2026-05-09 03:24:14,795 - parser - INFO - Структура первого спина: {'round_code': 'cdHphY2_rzVo', 'when': 1778266121, 'result': 1, 'slot_result': 300, 'slot_multiplier': 0, 'multiplier': 1, 'total_winners': 2868, 'total_payout': 5913, 'video_uid': ''}
2026-05-09 03:24:15,752 - httpx - INFO - HTTP Request: POST https://api.telegram.org/bot2047277455:AAGwObQa-UPRwulCHH1JJfHjE680_rP7n_I/getUpdates "HTTP/1.1 200 OK"
2026-05-09 03:24:15,855 - parser - INFO - Структура первого спина: {'round_code': 'cdHphY2_ryyM', 'when': 1778263665, 'result': 2, 'slot_result': 2, 'slot_multiplier': 3, 'multiplier': 6, 'total_winners': 4398, 'total_payout': 31964, 'video_uid': ''}
2026-05-09 03:24:15,855 - parser - INFO - Новых спинов: 500
2026-05-09 03:24:25,811 - httpx - INFO - HTTP Request: POST https://api.telegram.org/bot2047277455:AAGwObQa-UPRwulCHH1JJfHjE680_rP7n_I/getUpdates "HTTP/1.1 200 OK"
2026-05-09 03:24:35,879 - httpx - INFO - HTTP Request: POST https://api.telegram.org/bot2047277455:AAGwObQa-UPRwulCHH1JJfHjE680_rP7n_I/getUpdates "HTTP/1.1 200 OK"
2026-05-09 03:24:45,935 - httpx - INFO - HTTP Request: POST https://api.telegram.org/bot2047277455:AAGwObQa-UPRwulCHH1JJfHjE680_rP7n_I/getUpdates "HTTP/1.1 200 OK"
2026-05-09 03:24:46,131 - parser - INFO - Структура первого спина: {'round_code': 'cdHphY2_r2tw', 'when': 1778286134, 'result': 400, 'slot_result': 300, 'slot_multiplier': 4, 'total_winners': 4733, 'total_payout': 84866, 'video_uid': '', 'left_multiplier': 30, 'top_multiplier': 15, 'right_multiplier': 15}
2026-05-09 03:24:47,174 - parser - INFO - Структура первого спина: {'round_code': 'cdHphY2_r2L8', 'when': 1778283811, 'result': 300, 'slot_result': 2, 'slot_multiplier': 3, 'multiplier': 3, 'total_winners': 3663, 'total_payout': 14303, 'video_uid': '', 'headtail': 2}
2026-05-09 03:24:48,230 - parser - INFO - Структура первого спина: {'round_code': 'cdHphY2_r2W8', 'when': 1778281411, 'result': 2, 'slot_result': 200, 'slot_multiplier': 20, 'multiplier': 2, 'total_winners': 0, 'total_payout': 0, 'video_uid': ''}
2026-05-09 03:24:49,289 - parser - INFO - Структура первого спина: {'round_code': 'cdHphY2_rxLc', 'when': 1778278632, 'result': 5, 'slot_result': 400, 'slot_multiplier': 0, 'multiplier': 5, 'total_winners': 2987, 'total_payout': 18259, 'video_uid': ''}
2026-05-09 03:24:50,340 - parser - INFO - Структура первого спина: {'round_code': 'cdHphY2_rwpU', 'when': 1778276169, 'result': 1, 'slot_result': 200, 'slot_multiplier': 5, 'multiplier': 1, 'total_winners': 2279, 'total_payout': 4870, 'video_uid': ''}
2026-05-09 03:24:51,386 - parser - INFO - Структура первого спина: {'round_code': 'cdHphY2_rw0M', 'when': 1778273819, 'result': 300, 'slot_result': 300, 'slot_multiplier': 3, 'multiplier': 12, 'total_winners': 5665, 'total_payout': 59944, 'video_uid': '', 'headtail': 2}
2026-05-09 03:24:52,431 - parser - INFO - Структура первого спина: {'round_code': 'cdHphY2_rwVU', 'when': 1778271252, 'result': 1, 'slot_result': 400, 'slot_multiplier': 3, 'multiplier': 1, 'total_winners': 2362, 'total_payout': 5479, 'video_uid': ''}
2026-05-09 03:24:53,485 - parser - INFO - Структура первого спина: {'round_code': 'cdHphY2_rz1Q', 'when': 1778268778, 'result': 5, 'slot_result': 300, 'slot_multiplier': 3, 'multiplier': 5, 'total_winners': 3016, 'total_payout': 12182, 'video_uid': ''}
2026-05-09 03:24:54,531 - parser - INFO - Структура первого спина: {'round_code': 'cdHphY2_rzVE', 'when': 1778266162, 'result': 2, 'slot_result': 300, 'slot_multiplier': 2, 'multiplier': 2, 'total_winners': 3533, 'total_payout': 9777, 'video_uid': ''}
2026-05-09 03:24:55,582 - parser - INFO - Структура первого спина: {'round_code': 'cdHphY2_ryzw', 'when': 1778263708, 'result': 1, 'slot_result': 400, 'slot_multiplier': 3, 'multiplier': 1, 'total_winners': 3269, 'total_payout': 4691, 'video_uid': ''}
2026-05-09 03:24:55,582 - parser - INFO - Новых спинов: 500
2026-05-09 03:24:55,992 - httpx - INFO - HTTP Request: POST https://api.telegram.org/bot2047277455:AAGwObQa-UPRwulCHH1JJfHjE680_rP7n_I/getUpdates "HTTP/1.1 200 OK"
2026-05-09 03:25:06,059 - httpx - INFO - HTTP Request: POST https://api.telegram.org/bot2047277455:AAGwObQa-UPRwulCHH1JJfHjE680_rP7n_I/getUpdates "HTTP/1.1 200 OK"
2026-05-09 03:25:16,123 - httpx - INFO - HTTP Request: POST https://api.telegram.org/bot2047277455:AAGwObQa-UPRwulCHH1JJfHjE680_rP7n_I/getUpdates "HTTP/1.1 200 OK"
2026-05-09 03:25:25,867 - parser - INFO - Структура первого спина: {'round_code': 'cdHphY2_r2tw', 'when': 1778286134, 'result': 400, 'slot_result': 300, 'slot_multiplier': 4, 'total_winners': 4733, 'total_payout': 84866, 'video_uid': '', 'left_multiplier': 30, 'top_multiplier': 15, 'right_multiplier': 15}
2026-05-09 03:25:26,186 - httpx - INFO - HTTP Request: POST https://api.telegram.org/bot2047277455:AAGwObQa-UPRwulCHH1JJfHjE680_rP7n_I/getUpdates "HTTP/1.1 200 OK"
2026-05-09 03:25:26,936 - parser - INFO - Структура первого спина: {'round_code': 'cdHphY2_r2L8', 'when': 1778283811, 'result': 300, 'slot_result': 2, 'slot_multiplier': 3, 'multiplier': 3, 'total_winners': 3663, 'total_payout': 14303, 'video_uid': '', 'headtail': 2}
2026-05-09 03:25:27,991 - parser - INFO - Структура первого спина: {'round_code': 'cdHphY2_r2W8', 'when': 1778281411, 'result': 2, 'slot_result': 200, 'slot_multiplier': 20, 'multiplier': 2, 'total_winners': 0, 'total_payout': 0, 'video_uid': ''}
2026-05-09 03:25:29,045 - parser - INFO - Структура первого спина: {'round_code': 'cdHphY2_rxII', 'when': 1778278675, 'result': 100, 'slot_result': 200, 'slot_multiplier': 2, 'total_winners': 0, 'total_payout': 0, 'video_uid': '', 'max_multiplier': 100, 'min_multiplier': 5, 'avg_multiplier': 19}
2026-05-09 03:25:30,099 - parser - INFO - Структура первого спина: {'round_code': 'cdHphY2_rxW0', 'when': 1778276209, 'result': 1, 'slot_result': 200, 'slot_multiplier': 3, 'multiplier': 1, 'total_winners': 0, 'total_payout': 0, 'video_uid': ''}
2026-05-09 03:25:31,149 - parser - INFO - Структура первого спина: {'round_code': 'cdHphY2_rw1w', 'when': 1778273891, 'result': 2, 'slot_result': 200, 'slot_multiplier': 2, 'multiplier': 2, 'total_winners': 3483, 'total_payout': 13270, 'video_uid': ''}
2026-05-09 03:25:32,196 - parser - INFO - Структура первого спина: {'round_code': 'cdHphY2_rwSg', 'when': 1778271293, 'result': 2, 'slot_result': 2, 'slot_multiplier': 2, 'multiplier': 4, 'total_winners': 0, 'total_payout': 0, 'video_uid': ''}
2026-05-09 03:25:33,248 - parser - INFO - Структура первого спина: {'round_code': 'cdHphY2_rzy0', 'when': 1778268823, 'result': 2, 'slot_result': 10, 'slot_multiplier': 7, 'multiplier': 2, 'total_winners': 2687, 'total_payout': 8044, 'video_uid': ''}
2026-05-09 03:25:34,302 - parser - INFO - Структура первого спина: {'round_code': 'cdHphY2_rzSU', 'when': 1778266209, 'result': 1, 'slot_result': 10, 'slot_multiplier': 3, 'multiplier': 1, 'total_winners': 2855, 'total_payout': 5208, 'video_uid': ''}
2026-05-09 03:25:35,355 - parser - INFO - Структура первого спина: {'round_code': 'cdHphY2_ryzY', 'when': 1778263750, 'result': 5, 'slot_result': 400, 'slot_multiplier': 0, 'multiplier': 5, 'total_winners': 4742, 'total_payout': 18654, 'video_uid': ''}
2026-05-09 03:25:35,356 - parser - INFO - Новых спинов: 500
2026-05-09 03:25:36,248 - httpx - INFO - HTTP Request: POST https://api.telegram.org/bot2047277455:AAGwObQa-UPRwulCHH1JJfHjE680_rP7n_I/getUpdates "HTTP/1.1 200 OK"
2026-05-09 03:25:46,308 - httpx - INFO - HTTP Request: POST https://api.telegram.org/bot2047277455:AAGwObQa-UPRwulCHH1JJfHjE680_rP7n_I/getUpdates "HTTP/1.1 200 OK"
2026-05-09 03:25:56,369 - httpx - INFO - HTTP Request: POST https://api.telegram.org/bot2047277455:AAGwObQa-UPRwulCHH1JJfHjE680_rP7n_I/getUpdates "HTTP/1.1 200 OK"
2026-05-09 03:26:05,607 - parser - INFO - Структура первого спина: {'round_code': 'cdHphY2_r2tM', 'when': 1778286263, 'result': 300, 'slot_result': 2, 'slot_multiplier': 3, 'multiplier': 2, 'total_winners': 4575, 'total_payout': 10092, 'video_uid': '', 'headtail': 2}
2026-05-09 03:26:06,428 - httpx - INFO - HTTP Request: POST https://api.telegram.org/bot2047277455:AAGwObQa-UPRwulCHH1JJfHjE680_rP7n_I/getUpdates "HTTP/1.1 200 OK"
2026-05-09 03:26:06,655 - parser - INFO - Структура первого спина: {'round_code': 'cdHphY2_r2LQ', 'when': 1778283878, 'result': 1, 'slot_result': 200, 'slot_multiplier': 5, 'multiplier': 1, 'total_winners': 1329, 'total_payout': 2069, 'video_uid': ''}
2026-05-09 03:26:07,709 - parser - INFO - Структура первого спина: {'round_code': 'cdHphY2_r2WY', 'when': 1778281454, 'result': 2, 'slot_result': 200, 'slot_multiplier': 0, 'multiplier': 2, 'total_winners': 2411, 'total_payout': 9812, 'video_uid': ''}
2026-05-09 03:26:08,757 - parser - INFO - Структура первого спина: {'round_code': 'cdHphY2_rxII', 'when': 1778278675, 'result': 100, 'slot_result': 200, 'slot_multiplier': 2, 'total_winners': 0, 'total_payout': 0, 'video_uid': '', 'max_multiplier': 100, 'min_multiplier': 5, 'avg_multiplier': 19}
2026-05-09 03:26:09,806 - parser - INFO - Структура первого спина: {'round_code': 'cdHphY2_rxW0', 'when': 1778276209, 'result': 1, 'slot_result': 200, 'slot_multiplier': 3, 'multiplier': 1, 'total_winners': 0, 'total_payout': 0, 'video_uid': ''}
2026-05-09 03:26:10,857 - parser - INFO - Структура первого спина: {'round_code': 'cdHphY2_rw1w', 'when': 1778273891, 'result': 2, 'slot_result': 200, 'slot_multiplier': 2, 'multiplier': 2, 'total_winners': 3483, 'total_payout': 13270, 'video_uid': ''}
2026-05-09 03:26:11,909 - parser - INFO - Структура первого спина: {'round_code': 'cdHphY2_rwSg', 'when': 1778271293, 'result': 2, 'slot_result': 2, 'slot_multiplier': 2, 'multiplier': 4, 'total_winners': 0, 'total_payout': 0, 'video_uid': ''}
2026-05-09 03:26:12,964 - parser - INFO - Структура первого спина: {'round_code': 'cdHphY2_rzy0', 'when': 1778268823, 'result': 2, 'slot_result': 10, 'slot_multiplier': 7, 'multiplier': 2, 'total_winners': 2687, 'total_payout': 8044, 'video_uid': ''}
2026-05-09 03:26:14,020 - parser - INFO - Структура первого спина: {'round_code': 'cdHphY2_rzSU', 'when': 1778266209, 'result': 1, 'slot_result': 10, 'slot_multiplier': 3, 'multiplier': 1, 'total_winners': 2855, 'total_payout': 5208, 'video_uid': ''}
2026-05-09 03:26:15,072 - parser - INFO - Структура первого спина: {'round_code': 'cdHphY2_ryzY', 'when': 1778263750, 'result': 5, 'slot_result': 400, 'slot_multiplier': 0, 'multiplier': 5, 'total_winners': 4742, 'total_payout': 18654, 'video_uid': ''}
2026-05-09 03:26:15,073 - parser - INFO - Новых спинов: 500
2026-05-09 03:26:16,497 - httpx - INFO - HTTP Request: POST https://api.telegram.org/bot2047277455:AAGwObQa-UPRwulCHH1JJfHjE680_rP7n_I/getUpdates "HTTP/1.1 200 OK"
2026-05-09 03:26:26,568 - httpx - INFO - HTTP Request: POST https://api.telegram.org/bot2047277455:AAGwObQa-UPRwulCHH1JJfHjE680_rP7n_I/getUpdates "HTTP/1.1 200 OK"
2026-05-09 03:26:36,626 - httpx - INFO - HTTP Request: POST https://api.telegram.org/bot2047277455:AAGwObQa-UPRwulCHH1JJfHjE680_rP7n_I/getUpdates "HTTP/1.1 200 OK"
2026-05-09 03:26:45,356 - parser - INFO - Структура первого спина: {'round_code': 'cdHphY2_r2tM', 'when': 1778286263, 'result': 300, 'slot_result': 2, 'slot_multiplier': 3, 'multiplier': 2, 'total_winners': 4575, 'total_payout': 10092, 'video_uid': '', 'headtail': 2}
2026-05-09 03:26:46,408 - parser - INFO - Структура первого спина: {'round_code': 'cdHphY2_r2LQ', 'when': 1778283878, 'result': 1, 'slot_result': 200, 'slot_multiplier': 5, 'multiplier': 1, 'total_winners': 1329, 'total_payout': 2069, 'video_uid': ''}
2026-05-09 03:26:46,683 - httpx - INFO - HTTP Request: POST https://api.telegram.org/bot2047277455:AAGwObQa-UPRwulCHH1JJfHjE680_rP7n_I/getUpdates "HTTP/1.1 200 OK"
2026-05-09 03:26:47,456 - parser - INFO - Структура первого спина: {'round_code': 'cdHphY2_r2WY', 'when': 1778281454, 'result': 2, 'slot_result': 200, 'slot_multiplier': 0, 'multiplier': 2, 'total_winners': 2411, 'total_payout': 9812, 'video_uid': ''}
2026-05-09 03:26:48,517 - parser - INFO - Структура первого спина: {'round_code': 'cdHphY2_rxII', 'when': 1778278675, 'result': 100, 'slot_result': 200, 'slot_multiplier': 2, 'total_winners': 0, 'total_payout': 0, 'video_uid': '', 'max_multiplier': 100, 'min_multiplier': 5, 'avg_multiplier': 19}
2026-05-09 03:26:49,586 - parser - INFO - Структура первого спина: {'round_code': 'cdHphY2_rxW0', 'when': 1778276209, 'result': 1, 'slot_result': 200, 'slot_multiplier': 3, 'multiplier': 1, 'total_winners': 0, 'total_payout': 0, 'video_uid': ''}
2026-05-09 03:26:50,645 - parser - INFO - Структура первого спина: {'round_code': 'cdHphY2_rw1w', 'when': 1778273891, 'result': 2, 'slot_result': 200, 'slot_multiplier': 2, 'multiplier': 2, 'total_winners': 3483, 'total_payout': 13270, 'video_uid': ''}
2026-05-09 03:26:51,692 - parser - INFO - Структура первого спина: {'round_code': 'cdHphY2_rwSg', 'when': 1778271293, 'result': 2, 'slot_result': 2, 'slot_multiplier': 2, 'multiplier': 4, 'total_winners': 0, 'total_payout': 0, 'video_uid': ''}
2026-05-09 03:27:13,690 - database - INFO - База данных инициализирована: crazy_time.db
2026-05-09 03:27:14,774 - __main__ - INFO - Бот запущен
2026-05-09 03:27:15,030 - httpx - INFO - HTTP Request: POST https://api.telegram.org/bot2047277455:AAGwObQa-UPRwulCHH1JJfHjE680_rP7n_I/getMe "HTTP/1.1 200 OK"
2026-05-09 03:27:15,032 - __main__ - INFO - Запуск фонового парсера...
2026-05-09 03:27:15,034 - parser - INFO - Получаем токен...
2026-05-09 03:27:15,121 - httpx - INFO - HTTP Request: POST https://api.telegram.org/bot2047277455:AAGwObQa-UPRwulCHH1JJfHjE680_rP7n_I/deleteWebhook "HTTP/1.1 200 OK"
2026-05-09 03:27:15,126 - telegram.ext.Application - INFO - Application started
2026-05-09 03:27:15,862 - parser - INFO - Используем токен из config.py
2026-05-09 03:27:25,335 - httpx - INFO - HTTP Request: POST https://api.telegram.org/bot2047277455:AAGwObQa-UPRwulCHH1JJfHjE680_rP7n_I/getUpdates "HTTP/1.1 200 OK"
2026-05-09 03:27:32,505 - parser - INFO - Сохранено: 967, пропущено: 33
2026-05-09 03:27:32,787 - httpx - INFO - HTTP Request: POST https://api.telegram.org/bot2047277455:AAGwObQa-UPRwulCHH1JJfHjE680_rP7n_I/sendMessage "HTTP/1.1 200 OK"
2026-05-09 03:27:35,398 - httpx - INFO - HTTP Request: POST https://api.telegram.org/bot2047277455:AAGwObQa-UPRwulCHH1JJfHjE680_rP7n_I/getUpdates "HTTP/1.1 200 OK"
2026-05-09 03:27:37,084 - httpx - INFO - HTTP Request: POST https://api.telegram.org/bot2047277455:AAGwObQa-UPRwulCHH1JJfHjE680_rP7n_I/getUpdates "HTTP/1.1 200 OK"
2026-05-09 03:27:37,182 - httpx - INFO - HTTP Request: POST https://api.telegram.org/bot2047277455:AAGwObQa-UPRwulCHH1JJfHjE680_rP7n_I/sendMessage "HTTP/1.1 200 OK"
2026-05-09 03:27:47,154 - httpx - INFO - HTTP Request: POST https://api.telegram.org/bot2047277455:AAGwObQa-UPRwulCHH1JJfHjE680_rP7n_I/getUpdates "HTTP/1.1 200 OK"
2026-05-09 03:27:57,215 - httpx - INFO - HTTP Request: POST https://api.telegram.org/bot2047277455:AAGwObQa-UPRwulCHH1JJfHjE680_rP7n_I/getUpdates "HTTP/1.1 200 OK"
2026-05-09 03:28:02,770 - httpx - INFO - HTTP Request: POST https://api.telegram.org/bot2047277455:AAGwObQa-UPRwulCHH1JJfHjE680_rP7n_I/getUpdates "HTTP/1.1 200 OK"
2026-05-09 03:28:03,014 - httpx - INFO - HTTP Request: POST https://api.telegram.org/bot2047277455:AAGwObQa-UPRwulCHH1JJfHjE680_rP7n_I/sendMessage "HTTP/1.1 200 OK"
2026-05-09 03:28:03,022 - parser - INFO - Сохранено: 1, пропущено: 0
2026-05-09 03:28:03,112 - httpx - INFO - HTTP Request: POST https://api.telegram.org/bot2047277455:AAGwObQa-UPRwulCHH1JJfHjE680_rP7n_I/sendMessage "HTTP/1.1 200 OK"
2026-05-09 03:28:12,836 - httpx - INFO - HTTP Request: POST https://api.telegram.org/bot2047277455:AAGwObQa-UPRwulCHH1JJfHjE680_rP7n_I/getUpdates "HTTP/1.1 200 OK"
2026-05-09 03:28:22,902 - httpx - INFO - HTTP Request: POST https://api.telegram.org/bot2047277455:AAGwObQa-UPRwulCHH1JJfHjE680_rP7n_I/getUpdates "HTTP/1.1 200 OK"
2026-05-09 03:28:32,962 - httpx - INFO - HTTP Request: POST https://api.telegram.org/bot2047277455:AAGwObQa-UPRwulCHH1JJfHjE680_rP7n_I/getUpdates "HTTP/1.1 200 OK"
2026-05-09 03:28:33,396 - parser - INFO - Сохранено: 1, пропущено: 0
2026-05-09 03:28:33,663 - httpx - INFO - HTTP Request: POST https://api.telegram.org/bot2047277455:AAGwObQa-UPRwulCHH1JJfHjE680_rP7n_I/sendMessage "HTTP/1.1 200 OK"
2026-05-09 03:28:43,028 - httpx - INFO - HTTP Request: POST https://api.telegram.org/bot2047277455:AAGwObQa-UPRwulCHH1JJfHjE680_rP7n_I/getUpdates "HTTP/1.1 200 OK"
2026-05-09 03:28:53,092 - httpx - INFO - HTTP Request: POST https://api.telegram.org/bot2047277455:AAGwObQa-UPRwulCHH1JJfHjE680_rP7n_I/getUpdates "HTTP/1.1 200 OK"
2026-05-09 03:29:03,152 - httpx - INFO - HTTP Request: POST https://api.telegram.org/bot2047277455:AAGwObQa-UPRwulCHH1JJfHjE680_rP7n_I/getUpdates "HTTP/1.1 200 OK"
2026-05-09 03:29:03,910 - parser - INFO - Сохранено: 1, пропущено: 0
2026-05-09 03:29:04,169 - httpx - INFO - HTTP Request: POST https://api.telegram.org/bot2047277455:AAGwObQa-UPRwulCHH1JJfHjE680_rP7n_I/sendMessage "HTTP/1.1 200 OK"
2026-05-09 03:29:13,214 - httpx - INFO - HTTP Request: POST https://api.telegram.org/bot2047277455:AAGwObQa-UPRwulCHH1JJfHjE680_rP7n_I/getUpdates "HTTP/1.1 200 OK"
2026-05-09 03:29:23,276 - httpx - INFO - HTTP Request: POST https://api.telegram.org/bot2047277455:AAGwObQa-UPRwulCHH1JJfHjE680_rP7n_I/getUpdates "HTTP/1.1 200 OK"
2026-05-09 03:29:33,336 - httpx - INFO - HTTP Request: POST https://api.telegram.org/bot2047277455:AAGwObQa-UPRwulCHH1JJfHjE680_rP7n_I/getUpdates "HTTP/1.1 200 OK"
2026-05-09 03:29:43,398 - httpx - INFO - HTTP Request: POST https://api.telegram.org/bot2047277455:AAGwObQa-UPRwulCHH1JJfHjE680_rP7n_I/getUpdates "HTTP/1.1 200 OK"
2026-05-09 03:29:53,459 - httpx - INFO - HTTP Request: POST https://api.telegram.org/bot2047277455:AAGwObQa-UPRwulCHH1JJfHjE680_rP7n_I/getUpdates "HTTP/1.1 200 OK"
2026-05-09 03:30:03,519 - httpx - INFO - HTTP Request: POST https://api.telegram.org/bot2047277455:AAGwObQa-UPRwulCHH1JJfHjE680_rP7n_I/getUpdates "HTTP/1.1 200 OK"
2026-05-09 03:30:06,401 - parser - INFO - Сохранено: 1, пропущено: 0
2026-05-09 03:30:06,678 - httpx - INFO - HTTP Request: POST https://api.telegram.org/bot2047277455:AAGwObQa-UPRwulCHH1JJfHjE680_rP7n_I/sendMessage "HTTP/1.1 200 OK"
2026-05-09 03:30:13,577 - httpx - INFO - HTTP Request: POST https://api.telegram.org/bot2047277455:AAGwObQa-UPRwulCHH1JJfHjE680_rP7n_I/getUpdates "HTTP/1.1 200 OK"
2026-05-09 03:30:23,637 - httpx - INFO - HTTP Request: POST https://api.telegram.org/bot2047277455:AAGwObQa-UPRwulCHH1JJfHjE680_rP7n_I/getUpdates "HTTP/1.1 200 OK"
2026-05-09 03:30:33,699 - httpx - INFO - HTTP Request: POST https://api.telegram.org/bot2047277455:AAGwObQa-UPRwulCHH1JJfHjE680_rP7n_I/getUpdates "HTTP/1.1 200 OK"
2026-05-09 03:30:37,309 - parser - INFO - Сохранено: 1, пропущено: 0
2026-05-09 03:30:37,570 - httpx - INFO - HTTP Request: POST https://api.telegram.org/bot2047277455:AAGwObQa-UPRwulCHH1JJfHjE680_rP7n_I/sendMessage "HTTP/1.1 200 OK"
2026-05-09 03:30:43,763 - httpx - INFO - HTTP Request: POST https://api.telegram.org/bot2047277455:AAGwObQa-UPRwulCHH1JJfHjE680_rP7n_I/getUpdates "HTTP/1.1 200 OK"
2026-05-09 03:30:53,822 - httpx - INFO - HTTP Request: POST https://api.telegram.org/bot2047277455:AAGwObQa-UPRwulCHH1JJfHjE680_rP7n_I/getUpdates "HTTP/1.1 200 OK"
2026-05-09 03:31:03,886 - httpx - INFO - HTTP Request: POST https://api.telegram.org/bot2047277455:AAGwObQa-UPRwulCHH1JJfHjE680_rP7n_I/getUpdates "HTTP/1.1 200 OK"
2026-05-09 03:31:13,948 - httpx - INFO - HTTP Request: POST https://api.telegram.org/bot2047277455:AAGwObQa-UPRwulCHH1JJfHjE680_rP7n_I/getUpdates "HTTP/1.1 200 OK"
2026-05-09 03:31:24,042 - httpx - INFO - HTTP Request: POST https://api.telegram.org/bot2047277455:AAGwObQa-UPRwulCHH1JJfHjE680_rP7n_I/getUpdates "HTTP/1.1 200 OK"
2026-05-09 03:31:34,104 - httpx - INFO - HTTP Request: POST https://api.telegram.org/bot2047277455:AAGwObQa-UPRwulCHH1JJfHjE680_rP7n_I/getUpdates "HTTP/1.1 200 OK"
2026-05-09 03:31:38,130 - parser - INFO - Сохранено: 1, пропущено: 0
2026-05-09 03:31:38,401 - httpx - INFO - HTTP Request: POST https://api.telegram.org/bot2047277455:AAGwObQa-UPRwulCHH1JJfHjE680_rP7n_I/sendMessage "HTTP/1.1 200 OK"
2026-05-09 03:31:44,162 - httpx - INFO - HTTP Request: POST https://api.telegram.org/bot2047277455:AAGwObQa-UPRwulCHH1JJfHjE680_rP7n_I/getUpdates "HTTP/1.1 200 OK"
2026-05-09 03:32:05,892 - database - INFO - База данных инициализирована: crazy_time.db
2026-05-09 03:32:06,996 - __main__ - INFO - Бот запущен
2026-05-09 03:32:07,229 - httpx - INFO - HTTP Request: POST https://api.telegram.org/bot2047277455:AAGwObQa-UPRwulCHH1JJfHjE680_rP7n_I/getMe "HTTP/1.1 200 OK"
2026-05-09 03:32:07,230 - __main__ - INFO - Запуск фонового парсера...
2026-05-09 03:32:07,233 - parser - INFO - Получаем токен...
2026-05-09 03:32:07,326 - httpx - INFO - HTTP Request: POST https://api.telegram.org/bot2047277455:AAGwObQa-UPRwulCHH1JJfHjE680_rP7n_I/deleteWebhook "HTTP/1.1 200 OK"
2026-05-09 03:32:07,329 - telegram.ext.Application - INFO - Application started
2026-05-09 03:32:08,379 - parser - ERROR - Не удалось получить токен
2026-05-09 03:32:08,379 - parser - ERROR - Нет токена — пропускаем цикл
2026-05-09 03:32:17,536 - httpx - INFO - HTTP Request: POST https://api.telegram.org/bot2047277455:AAGwObQa-UPRwulCHH1JJfHjE680_rP7n_I/getUpdates "HTTP/1.1 200 OK"
2026-05-09 03:32:26,240 - httpx - INFO - HTTP Request: POST https://api.telegram.org/bot2047277455:AAGwObQa-UPRwulCHH1JJfHjE680_rP7n_I/getUpdates "HTTP/1.1 200 OK"
2026-05-09 03:32:26,485 - httpx - INFO - HTTP Request: POST https://api.telegram.org/bot2047277455:AAGwObQa-UPRwulCHH1JJfHjE680_rP7n_I/sendMessage "HTTP/1.1 200 OK"
2026-05-09 03:32:36,305 - httpx - INFO - HTTP Request: POST https://api.telegram.org/bot2047277455:AAGwObQa-UPRwulCHH1JJfHjE680_rP7n_I/getUpdates "HTTP/1.1 200 OK"
2026-05-09 03:32:38,384 - parser - INFO - Получаем токен...
2026-05-09 03:32:39,202 - parser - ERROR - Не удалось получить токен
2026-05-09 03:32:39,202 - parser - ERROR - Нет токена — пропускаем цикл
2026-05-09 03:32:46,369 - httpx - INFO - HTTP Request: POST https://api.telegram.org/bot2047277455:AAGwObQa-UPRwulCHH1JJfHjE680_rP7n_I/getUpdates "HTTP/1.1 200 OK"
2026-05-09 03:33:19,384 - database - INFO - База данных инициализирована: crazy_time.db
2026-05-09 03:33:20,457 - __main__ - INFO - Бот запущен
2026-05-09 03:33:20,691 - httpx - INFO - HTTP Request: POST https://api.telegram.org/bot2047277455:AAGwObQa-UPRwulCHH1JJfHjE680_rP7n_I/getMe "HTTP/1.1 200 OK"
2026-05-09 03:33:20,692 - __main__ - INFO - Запуск фонового парсера...
2026-05-09 03:33:20,693 - parser - INFO - Получаем токен...
2026-05-09 03:33:20,764 - httpx - INFO - HTTP Request: POST https://api.telegram.org/bot2047277455:AAGwObQa-UPRwulCHH1JJfHjE680_rP7n_I/deleteWebhook "HTTP/1.1 200 OK"
2026-05-09 03:33:20,767 - telegram.ext.Application - INFO - Application started
2026-05-09 03:33:21,427 - parser - INFO - Используем токен из config.py
2026-05-09 03:33:21,845 - parser - INFO - Сохранено: 49, пропущено: 1
2026-05-09 03:33:21,845 - parser - INFO - Пропускаем проверку порогов — в БД только 49 спинов (нужно 500+)
2026-05-09 03:33:30,985 - httpx - INFO - HTTP Request: POST https://api.telegram.org/bot2047277455:AAGwObQa-UPRwulCHH1JJfHjE680_rP7n_I/getUpdates "HTTP/1.1 200 OK"
2026-05-09 03:33:34,568 - httpx - INFO - HTTP Request: POST https://api.telegram.org/bot2047277455:AAGwObQa-UPRwulCHH1JJfHjE680_rP7n_I/getUpdates "HTTP/1.1 200 OK"
2026-05-09 03:33:34,832 - httpx - INFO - HTTP Request: POST https://api.telegram.org/bot2047277455:AAGwObQa-UPRwulCHH1JJfHjE680_rP7n_I/sendMessage "HTTP/1.1 200 OK"
2026-05-09 03:33:44,632 - httpx - INFO - HTTP Request: POST https://api.telegram.org/bot2047277455:AAGwObQa-UPRwulCHH1JJfHjE680_rP7n_I/getUpdates "HTTP/1.1 200 OK"
2026-05-09 03:33:52,118 - parser - INFO - Сохранено: 1, пропущено: 0
2026-05-09 03:33:52,119 - parser - INFO - Пропускаем проверку порогов — в БД только 50 спинов (нужно 500+)
2026-05-09 03:33:54,692 - httpx - INFO - HTTP Request: POST https://api.telegram.org/bot2047277455:AAGwObQa-UPRwulCHH1JJfHjE680_rP7n_I/getUpdates "HTTP/1.1 200 OK"
2026-05-09 03:34:04,751 - httpx - INFO - HTTP Request: POST https://api.telegram.org/bot2047277455:AAGwObQa-UPRwulCHH1JJfHjE680_rP7n_I/getUpdates "HTTP/1.1 200 OK"
2026-05-09 03:34:14,821 - httpx - INFO - HTTP Request: POST https://api.telegram.org/bot2047277455:AAGwObQa-UPRwulCHH1JJfHjE680_rP7n_I/getUpdates "HTTP/1.1 200 OK"
2026-05-09 03:34:24,887 - httpx - INFO - HTTP Request: POST https://api.telegram.org/bot2047277455:AAGwObQa-UPRwulCHH1JJfHjE680_rP7n_I/getUpdates "HTTP/1.1 200 OK"
2026-05-09 03:34:34,948 - httpx - INFO - HTTP Request: POST https://api.telegram.org/bot2047277455:AAGwObQa-UPRwulCHH1JJfHjE680_rP7n_I/getUpdates "HTTP/1.1 200 OK"
2026-05-09 03:34:45,014 - httpx - INFO - HTTP Request: POST https://api.telegram.org/bot2047277455:AAGwObQa-UPRwulCHH1JJfHjE680_rP7n_I/getUpdates "HTTP/1.1 200 OK"
2026-05-09 03:34:53,814 - httpx - INFO - HTTP Request: POST https://api.telegram.org/bot2047277455:AAGwObQa-UPRwulCHH1JJfHjE680_rP7n_I/getUpdates "HTTP/1.1 200 OK"
2026-05-09 03:34:54,078 - httpx - INFO - HTTP Request: POST https://api.telegram.org/bot2047277455:AAGwObQa-UPRwulCHH1JJfHjE680_rP7n_I/sendMessage "HTTP/1.1 200 OK"
2026-05-09 03:35:03,876 - httpx - INFO - HTTP Request: POST https://api.telegram.org/bot2047277455:AAGwObQa-UPRwulCHH1JJfHjE680_rP7n_I/getUpdates "HTTP/1.1 200 OK"
2026-05-09 03:35:13,937 - httpx - INFO - HTTP Request: POST https://api.telegram.org/bot2047277455:AAGwObQa-UPRwulCHH1JJfHjE680_rP7n_I/getUpdates "HTTP/1.1 200 OK"
2026-05-09 03:35:22,999 - parser - INFO - Сохранено: 2, пропущено: 0
2026-05-09 03:35:23,000 - parser - INFO - Пропускаем проверку порогов — в БД только 52 спинов (нужно 500+)
2026-05-09 03:35:23,998 - httpx - INFO - HTTP Request: POST https://api.telegram.org/bot2047277455:AAGwObQa-UPRwulCHH1JJfHjE680_rP7n_I/getUpdates "HTTP/1.1 200 OK"
2026-05-09 03:35:34,059 - httpx - INFO - HTTP Request: POST https://api.telegram.org/bot2047277455:AAGwObQa-UPRwulCHH1JJfHjE680_rP7n_I/getUpdates "HTTP/1.1 200 OK"
2026-05-09 03:35:44,121 - httpx - INFO - HTTP Request: POST https://api.telegram.org/bot2047277455:AAGwObQa-UPRwulCHH1JJfHjE680_rP7n_I/getUpdates "HTTP/1.1 200 OK"
2026-05-09 03:35:54,187 - httpx - INFO - HTTP Request: POST https://api.telegram.org/bot2047277455:AAGwObQa-UPRwulCHH1JJfHjE680_rP7n_I/getUpdates "HTTP/1.1 200 OK"
2026-05-09 03:36:21,459 - database - INFO - База данных инициализирована: crazy_time.db
2026-05-09 03:36:22,541 - __main__ - INFO - Бот запущен
2026-05-09 03:36:22,789 - httpx - INFO - HTTP Request: POST https://api.telegram.org/bot2047277455:AAGwObQa-UPRwulCHH1JJfHjE680_rP7n_I/getMe "HTTP/1.1 200 OK"
2026-05-09 03:36:22,790 - __main__ - INFO - Запуск фонового парсера...
2026-05-09 03:36:22,792 - parser - INFO - Получаем токен...
2026-05-09 03:36:22,879 - httpx - INFO - HTTP Request: POST https://api.telegram.org/bot2047277455:AAGwObQa-UPRwulCHH1JJfHjE680_rP7n_I/deleteWebhook "HTTP/1.1 200 OK"
2026-05-09 03:36:22,882 - telegram.ext.Application - INFO - Application started
2026-05-09 03:36:23,565 - parser - INFO - Используем токен из config.py
2026-05-09 03:36:23,930 - parser - INFO - Сохранено: 50, пропущено: 0
2026-05-09 03:36:23,930 - parser - INFO - Пропускаем проверку порогов — в БД только 50 спинов (нужно 500+)
2026-05-09 03:36:33,109 - httpx - INFO - HTTP Request: POST https://api.telegram.org/bot2047277455:AAGwObQa-UPRwulCHH1JJfHjE680_rP7n_I/getUpdates "HTTP/1.1 200 OK"
2026-05-09 03:37:06,334 - database - INFO - База данных инициализирована: crazy_time.db
2026-05-09 03:37:07,376 - __main__ - INFO - Бот запущен
2026-05-09 03:37:07,604 - httpx - INFO - HTTP Request: POST https://api.telegram.org/bot2047277455:AAGwObQa-UPRwulCHH1JJfHjE680_rP7n_I/getMe "HTTP/1.1 200 OK"
2026-05-09 03:37:07,606 - __main__ - INFO - Запуск фонового парсера...
2026-05-09 03:37:07,608 - parser - INFO - Получаем токен...
2026-05-09 03:37:07,686 - httpx - INFO - HTTP Request: POST https://api.telegram.org/bot2047277455:AAGwObQa-UPRwulCHH1JJfHjE680_rP7n_I/deleteWebhook "HTTP/1.1 200 OK"
2026-05-09 03:37:07,688 - telegram.ext.Application - INFO - Application started
2026-05-09 03:37:08,436 - parser - INFO - Используем токен из config.py
2026-05-09 03:37:08,513 - parser - INFO - Найдено новых спинов от API: 50
2026-05-09 03:37:08,794 - parser - INFO - Сохранено: 50, пропущено: 0
2026-05-09 03:37:08,795 - parser - INFO - Пропускаем проверку порогов — в БД только 50 спинов (нужно 500+)
2026-05-09 03:37:17,889 - httpx - INFO - HTTP Request: POST https://api.telegram.org/bot2047277455:AAGwObQa-UPRwulCHH1JJfHjE680_rP7n_I/getUpdates "HTTP/1.1 200 OK"
2026-05-09 03:37:27,951 - httpx - INFO - HTTP Request: POST https://api.telegram.org/bot2047277455:AAGwObQa-UPRwulCHH1JJfHjE680_rP7n_I/getUpdates "HTTP/1.1 200 OK"
2026-05-09 03:37:30,727 - httpx - INFO - HTTP Request: POST https://api.telegram.org/bot2047277455:AAGwObQa-UPRwulCHH1JJfHjE680_rP7n_I/getUpdates "HTTP/1.1 200 OK"
2026-05-09 03:37:30,978 - httpx - INFO - HTTP Request: POST https://api.telegram.org/bot2047277455:AAGwObQa-UPRwulCHH1JJfHjE680_rP7n_I/sendMessage "HTTP/1.1 200 OK"
2026-05-09 03:37:39,004 - parser - INFO - Найдено новых спинов от API: 0
2026-05-09 03:37:40,792 - httpx - INFO - HTTP Request: POST https://api.telegram.org/bot2047277455:AAGwObQa-UPRwulCHH1JJfHjE680_rP7n_I/getUpdates "HTTP/1.1 200 OK"
2026-05-09 03:37:50,852 - httpx - INFO - HTTP Request: POST https://api.telegram.org/bot2047277455:AAGwObQa-UPRwulCHH1JJfHjE680_rP7n_I/getUpdates "HTTP/1.1 200 OK"
2026-05-09 03:38:00,914 - httpx - INFO - HTTP Request: POST https://api.telegram.org/bot2047277455:AAGwObQa-UPRwulCHH1JJfHjE680_rP7n_I/getUpdates "HTTP/1.1 200 OK"
2026-05-09 03:38:09,336 - parser - INFO - Найдено новых спинов от API: 0
2026-05-09 03:38:10,974 - httpx - INFO - HTTP Request: POST https://api.telegram.org/bot2047277455:AAGwObQa-UPRwulCHH1JJfHjE680_rP7n_I/getUpdates "HTTP/1.1 200 OK"
2026-05-09 03:38:21,032 - httpx - INFO - HTTP Request: POST https://api.telegram.org/bot2047277455:AAGwObQa-UPRwulCHH1JJfHjE680_rP7n_I/getUpdates "HTTP/1.1 200 OK"
2026-05-09 03:38:31,089 - httpx - INFO - HTTP Request: POST https://api.telegram.org/bot2047277455:AAGwObQa-UPRwulCHH1JJfHjE680_rP7n_I/getUpdates "HTTP/1.1 200 OK"
2026-05-09 03:38:39,570 - parser - INFO - Найдено новых спинов от API: 1
2026-05-09 03:38:39,570 - parser - INFO - Сохранено: 0, пропущено: 1
2026-05-09 03:38:41,154 - httpx - INFO - HTTP Request: POST https://api.telegram.org/bot2047277455:AAGwObQa-UPRwulCHH1JJfHjE680_rP7n_I/getUpdates "HTTP/1.1 200 OK"
2026-05-09 03:38:51,212 - httpx - INFO - HTTP Request: POST https://api.telegram.org/bot2047277455:AAGwObQa-UPRwulCHH1JJfHjE680_rP7n_I/getUpdates "HTTP/1.1 200 OK"
2026-05-09 03:39:01,278 - httpx - INFO - HTTP Request: POST https://api.telegram.org/bot2047277455:AAGwObQa-UPRwulCHH1JJfHjE680_rP7n_I/getUpdates "HTTP/1.1 200 OK"
2026-05-09 03:39:09,950 - parser - INFO - Найдено новых спинов от API: 2
2026-05-09 03:39:09,966 - parser - INFO - Сохранено: 1, пропущено: 1
2026-05-09 03:39:09,967 - parser - INFO - Пропускаем проверку порогов — в БД только 51 спинов (нужно 500+)
2026-05-09 03:39:11,336 - httpx - INFO - HTTP Request: POST https://api.telegram.org/bot2047277455:AAGwObQa-UPRwulCHH1JJfHjE680_rP7n_I/getUpdates "HTTP/1.1 200 OK"
2026-05-09 03:39:21,395 - httpx - INFO - HTTP Request: POST https://api.telegram.org/bot2047277455:AAGwObQa-UPRwulCHH1JJfHjE680_rP7n_I/getUpdates "HTTP/1.1 200 OK"
2026-05-09 03:39:31,452 - httpx - INFO - HTTP Request: POST https://api.telegram.org/bot2047277455:AAGwObQa-UPRwulCHH1JJfHjE680_rP7n_I/getUpdates "HTTP/1.1 200 OK"
2026-05-09 03:39:40,259 - parser - INFO - Найдено новых спинов от API: 1
2026-05-09 03:39:40,274 - parser - INFO - Сохранено: 1, пропущено: 0
2026-05-09 03:39:40,275 - parser - INFO - Пропускаем проверку порогов — в БД только 52 спинов (нужно 500+)
2026-05-09 03:39:41,513 - httpx - INFO - HTTP Request: POST https://api.telegram.org/bot2047277455:AAGwObQa-UPRwulCHH1JJfHjE680_rP7n_I/getUpdates "HTTP/1.1 200 OK"
2026-05-09 03:39:51,582 - httpx - INFO - HTTP Request: POST https://api.telegram.org/bot2047277455:AAGwObQa-UPRwulCHH1JJfHjE680_rP7n_I/getUpdates "HTTP/1.1 200 OK"
2026-05-09 03:40:01,647 - httpx - INFO - HTTP Request: POST https://api.telegram.org/bot2047277455:AAGwObQa-UPRwulCHH1JJfHjE680_rP7n_I/getUpdates "HTTP/1.1 200 OK"
2026-05-09 03:40:10,551 - parser - INFO - Найдено новых спинов от API: 0
2026-05-09 03:40:11,703 - httpx - INFO - HTTP Request: POST https://api.telegram.org/bot2047277455:AAGwObQa-UPRwulCHH1JJfHjE680_rP7n_I/getUpdates "HTTP/1.1 200 OK"
2026-05-09 03:40:21,771 - httpx - INFO - HTTP Request: POST https://api.telegram.org/bot2047277455:AAGwObQa-UPRwulCHH1JJfHjE680_rP7n_I/getUpdates "HTTP/1.1 200 OK"
2026-05-09 03:40:31,840 - httpx - INFO - HTTP Request: POST https://api.telegram.org/bot2047277455:AAGwObQa-UPRwulCHH1JJfHjE680_rP7n_I/getUpdates "HTTP/1.1 200 OK"
2026-05-09 03:40:40,847 - parser - INFO - Найдено новых спинов от API: 1
2026-05-09 03:40:40,855 - parser - INFO - Сохранено: 1, пропущено: 0
2026-05-09 03:40:40,855 - parser - INFO - Пропускаем проверку порогов — в БД только 53 спинов (нужно 500+)
2026-05-09 03:40:41,904 - httpx - INFO - HTTP Request: POST https://api.telegram.org/bot2047277455:AAGwObQa-UPRwulCHH1JJfHjE680_rP7n_I/getUpdates "HTTP/1.1 200 OK"
2026-05-09 03:40:51,962 - httpx - INFO - HTTP Request: POST https://api.telegram.org/bot2047277455:AAGwObQa-UPRwulCHH1JJfHjE680_rP7n_I/getUpdates "HTTP/1.1 200 OK"
2026-05-09 03:41:02,020 - httpx - INFO - HTTP Request: POST https://api.telegram.org/bot2047277455:AAGwObQa-UPRwulCHH1JJfHjE680_rP7n_I/getUpdates "HTTP/1.1 200 OK"
2026-05-09 03:41:11,161 - parser - INFO - Найдено новых спинов от API: 1
2026-05-09 03:41:11,173 - parser - INFO - Сохранено: 1, пропущено: 0
2026-05-09 03:41:11,173 - parser - INFO - Пропускаем проверку порогов — в БД только 54 спинов (нужно 500+)
2026-05-09 03:41:12,077 - httpx - INFO - HTTP Request: POST https://api.telegram.org/bot2047277455:AAGwObQa-UPRwulCHH1JJfHjE680_rP7n_I/getUpdates "HTTP/1.1 200 OK"
2026-05-09 03:41:22,146 - httpx - INFO - HTTP Request: POST https://api.telegram.org/bot2047277455:AAGwObQa-UPRwulCHH1JJfHjE680_rP7n_I/getUpdates "HTTP/1.1 200 OK"
2026-05-09 03:41:32,205 - httpx - INFO - HTTP Request: POST https://api.telegram.org/bot2047277455:AAGwObQa-UPRwulCHH1JJfHjE680_rP7n_I/getUpdates "HTTP/1.1 200 OK"
2026-05-09 03:41:41,386 - parser - INFO - Найдено новых спинов от API: 0
2026-05-09 03:41:42,261 - httpx - INFO - HTTP Request: POST https://api.telegram.org/bot2047277455:AAGwObQa-UPRwulCHH1JJfHjE680_rP7n_I/getUpdates "HTTP/1.1 200 OK"
2026-05-09 03:41:52,320 - httpx - INFO - HTTP Request: POST https://api.telegram.org/bot2047277455:AAGwObQa-UPRwulCHH1JJfHjE680_rP7n_I/getUpdates "HTTP/1.1 200 OK"
2026-05-09 03:42:02,387 - httpx - INFO - HTTP Request: POST https://api.telegram.org/bot2047277455:AAGwObQa-UPRwulCHH1JJfHjE680_rP7n_I/getUpdates "HTTP/1.1 200 OK"
2026-05-09 03:42:08,953 - httpx - INFO - HTTP Request: POST https://api.telegram.org/bot2047277455:AAGwObQa-UPRwulCHH1JJfHjE680_rP7n_I/getUpdates "HTTP/1.1 200 OK"
2026-05-09 03:42:09,215 - httpx - INFO - HTTP Request: POST https://api.telegram.org/bot2047277455:AAGwObQa-UPRwulCHH1JJfHjE680_rP7n_I/sendMessage "HTTP/1.1 200 OK"
2026-05-09 03:42:11,699 - parser - INFO - Найдено новых спинов от API: 0
2026-05-09 03:42:19,014 - httpx - INFO - HTTP Request: POST https://api.telegram.org/bot2047277455:AAGwObQa-UPRwulCHH1JJfHjE680_rP7n_I/getUpdates "HTTP/1.1 200 OK"
2026-05-09 03:42:29,071 - httpx - INFO - HTTP Request: POST https://api.telegram.org/bot2047277455:AAGwObQa-UPRwulCHH1JJfHjE680_rP7n_I/getUpdates "HTTP/1.1 200 OK"
2026-05-09 03:42:39,128 - httpx - INFO - HTTP Request: POST https://api.telegram.org/bot2047277455:AAGwObQa-UPRwulCHH1JJfHjE680_rP7n_I/getUpdates "HTTP/1.1 200 OK"
2026-05-09 03:42:41,922 - parser - INFO - Найдено новых спинов от API: 0
2026-05-09 03:42:49,185 - httpx - INFO - HTTP Request: POST https://api.telegram.org/bot2047277455:AAGwObQa-UPRwulCHH1JJfHjE680_rP7n_I/getUpdates "HTTP/1.1 200 OK"
2026-05-09 03:42:59,245 - httpx - INFO - HTTP Request: POST https://api.telegram.org/bot2047277455:AAGwObQa-UPRwulCHH1JJfHjE680_rP7n_I/getUpdates "HTTP/1.1 200 OK"
2026-05-09 03:43:09,306 - httpx - INFO - HTTP Request: POST https://api.telegram.org/bot2047277455:AAGwObQa-UPRwulCHH1JJfHjE680_rP7n_I/getUpdates "HTTP/1.1 200 OK"
2026-05-09 03:43:12,283 - parser - INFO - Найдено новых спинов от API: 0
2026-05-09 03:43:19,378 - httpx - INFO - HTTP Request: POST https://api.telegram.org/bot2047277455:AAGwObQa-UPRwulCHH1JJfHjE680_rP7n_I/getUpdates "HTTP/1.1 200 OK"
2026-05-09 03:43:29,440 - httpx - INFO - HTTP Request: POST https://api.telegram.org/bot2047277455:AAGwObQa-UPRwulCHH1JJfHjE680_rP7n_I/getUpdates "HTTP/1.1 200 OK"
2026-05-09 03:43:32,679 - httpx - INFO - HTTP Request: POST https://api.telegram.org/bot2047277455:AAGwObQa-UPRwulCHH1JJfHjE680_rP7n_I/getUpdates "HTTP/1.1 200 OK"
2026-05-09 03:43:32,956 - httpx - INFO - HTTP Request: POST https://api.telegram.org/bot2047277455:AAGwObQa-UPRwulCHH1JJfHjE680_rP7n_I/sendMessage "HTTP/1.1 200 OK"
2026-05-09 03:43:42,503 - parser - INFO - Найдено новых спинов от API: 1
2026-05-09 03:43:42,511 - parser - INFO - Сохранено: 1, пропущено: 0
2026-05-09 03:43:42,512 - parser - INFO - Пропускаем проверку порогов — в БД только 55 спинов (нужно 500+)
2026-05-09 03:43:42,739 - httpx - INFO - HTTP Request: POST https://api.telegram.org/bot2047277455:AAGwObQa-UPRwulCHH1JJfHjE680_rP7n_I/getUpdates "HTTP/1.1 200 OK"
2026-05-09 03:43:47,238 - httpx - INFO - HTTP Request: POST https://api.telegram.org/bot2047277455:AAGwObQa-UPRwulCHH1JJfHjE680_rP7n_I/getUpdates "HTTP/1.1 200 OK"
2026-05-09 03:43:48,530 - httpx - INFO - HTTP Request: POST https://api.telegram.org/bot2047277455:AAGwObQa-UPRwulCHH1JJfHjE680_rP7n_I/sendMessage "HTTP/1.1 200 OK"
2026-05-09 03:43:57,301 - httpx - INFO - HTTP Request: POST https://api.telegram.org/bot2047277455:AAGwObQa-UPRwulCHH1JJfHjE680_rP7n_I/getUpdates "HTTP/1.1 200 OK"
2026-05-09 03:44:07,359 - httpx - INFO - HTTP Request: POST https://api.telegram.org/bot2047277455:AAGwObQa-UPRwulCHH1JJfHjE680_rP7n_I/getUpdates "HTTP/1.1 200 OK"
2026-05-09 03:44:12,831 - parser - INFO - Найдено новых спинов от API: 1
2026-05-09 03:44:12,840 - parser - INFO - Сохранено: 1, пропущено: 0
2026-05-09 03:44:12,841 - parser - INFO - Пропускаем проверку порогов — в БД только 56 спинов (нужно 500+)
2026-05-09 03:44:17,419 - httpx - INFO - HTTP Request: POST https://api.telegram.org/bot2047277455:AAGwObQa-UPRwulCHH1JJfHjE680_rP7n_I/getUpdates "HTTP/1.1 200 OK"
2026-05-09 03:44:27,478 - httpx - INFO - HTTP Request: POST https://api.telegram.org/bot2047277455:AAGwObQa-UPRwulCHH1JJfHjE680_rP7n_I/getUpdates "HTTP/1.1 200 OK"
2026-05-09 03:44:37,540 - httpx - INFO - HTTP Request: POST https://api.telegram.org/bot2047277455:AAGwObQa-UPRwulCHH1JJfHjE680_rP7n_I/getUpdates "HTTP/1.1 200 OK"
2026-05-09 03:44:43,068 - parser - INFO - Найдено новых спинов от API: 0
2026-05-09 03:44:47,599 - httpx - INFO - HTTP Request: POST https://api.telegram.org/bot2047277455:AAGwObQa-UPRwulCHH1JJfHjE680_rP7n_I/getUpdates "HTTP/1.1 200 OK"
2026-05-09 03:44:57,654 - httpx - INFO - HTTP Request: POST https://api.telegram.org/bot2047277455:AAGwObQa-UPRwulCHH1JJfHjE680_rP7n_I/getUpdates "HTTP/1.1 200 OK"
2026-05-09 03:44:58,065 - httpx - INFO - HTTP Request: POST https://api.telegram.org/bot2047277455:AAGwObQa-UPRwulCHH1JJfHjE680_rP7n_I/getUpdates "HTTP/1.1 200 OK"
2026-05-09 03:44:58,326 - httpx - INFO - HTTP Request: POST https://api.telegram.org/bot2047277455:AAGwObQa-UPRwulCHH1JJfHjE680_rP7n_I/sendMessage "HTTP/1.1 200 OK"
2026-05-09 03:45:08,126 - httpx - INFO - HTTP Request: POST https://api.telegram.org/bot2047277455:AAGwObQa-UPRwulCHH1JJfHjE680_rP7n_I/getUpdates "HTTP/1.1 200 OK"
2026-05-09 03:45:13,422 - parser - INFO - Найдено новых спинов от API: 1
2026-05-09 03:45:13,440 - parser - INFO - Сохранено: 1, пропущено: 0
2026-05-09 03:45:13,441 - parser - INFO - Пропускаем проверку порогов — в БД только 57 спинов (нужно 500+)
2026-05-09 03:45:18,186 - httpx - INFO - HTTP Request: POST https://api.telegram.org/bot2047277455:AAGwObQa-UPRwulCHH1JJfHjE680_rP7n_I/getUpdates "HTTP/1.1 200 OK"
2026-05-09 03:45:28,244 - httpx - INFO - HTTP Request: POST https://api.telegram.org/bot2047277455:AAGwObQa-UPRwulCHH1JJfHjE680_rP7n_I/getUpdates "HTTP/1.1 200 OK"
2026-05-09 03:45:38,311 - httpx - INFO - HTTP Request: POST https://api.telegram.org/bot2047277455:AAGwObQa-UPRwulCHH1JJfHjE680_rP7n_I/getUpdates "HTTP/1.1 200 OK"
2026-05-09 03:45:43,664 - parser - INFO - Найдено новых спинов от API: 1
2026-05-09 03:45:43,672 - parser - INFO - Сохранено: 1, пропущено: 0
2026-05-09 03:45:43,673 - parser - INFO - Пропускаем проверку порогов — в БД только 58 спинов (нужно 500+)
2026-05-09 03:45:48,370 - httpx - INFO - HTTP Request: POST https://api.telegram.org/bot2047277455:AAGwObQa-UPRwulCHH1JJfHjE680_rP7n_I/getUpdates "HTTP/1.1 200 OK"
2026-05-09 03:45:58,284 - httpx - INFO - HTTP Request: POST https://api.telegram.org/bot2047277455:AAGwObQa-UPRwulCHH1JJfHjE680_rP7n_I/getUpdates "HTTP/1.1 200 OK"
2026-05-09 03:45:58,550 - httpx - INFO - HTTP Request: POST https://api.telegram.org/bot2047277455:AAGwObQa-UPRwulCHH1JJfHjE680_rP7n_I/sendMessage "HTTP/1.1 200 OK"
2026-05-09 03:46:08,346 - httpx - INFO - HTTP Request: POST https://api.telegram.org/bot2047277455:AAGwObQa-UPRwulCHH1JJfHjE680_rP7n_I/getUpdates "HTTP/1.1 200 OK"
2026-05-09 03:46:11,182 - httpx - INFO - HTTP Request: POST https://api.telegram.org/bot2047277455:AAGwObQa-UPRwulCHH1JJfHjE680_rP7n_I/getUpdates "HTTP/1.1 200 OK"
2026-05-09 03:46:11,417 - httpx - INFO - HTTP Request: POST https://api.telegram.org/bot2047277455:AAGwObQa-UPRwulCHH1JJfHjE680_rP7n_I/sendMessage "HTTP/1.1 200 OK"
2026-05-09 03:46:14,035 - parser - INFO - Найдено новых спинов от API: 0
2026-05-09 03:46:21,242 - httpx - INFO - HTTP Request: POST https://api.telegram.org/bot2047277455:AAGwObQa-UPRwulCHH1JJfHjE680_rP7n_I/getUpdates "HTTP/1.1 200 OK"
2026-05-09 03:46:23,905 - httpx - INFO - HTTP Request: POST https://api.telegram.org/bot2047277455:AAGwObQa-UPRwulCHH1JJfHjE680_rP7n_I/getUpdates "HTTP/1.1 200 OK"
2026-05-09 03:46:24,153 - httpx - INFO - HTTP Request: POST https://api.telegram.org/bot2047277455:AAGwObQa-UPRwulCHH1JJfHjE680_rP7n_I/sendMessage "HTTP/1.1 200 OK"
2026-05-09 03:46:28,442 - httpx - INFO - HTTP Request: POST https://api.telegram.org/bot2047277455:AAGwObQa-UPRwulCHH1JJfHjE680_rP7n_I/getUpdates "HTTP/1.1 200 OK"
2026-05-09 03:46:28,531 - httpx - INFO - HTTP Request: POST https://api.telegram.org/bot2047277455:AAGwObQa-UPRwulCHH1JJfHjE680_rP7n_I/sendMessage "HTTP/1.1 200 OK"
2026-05-09 03:46:31,851 - httpx - INFO - HTTP Request: POST https://api.telegram.org/bot2047277455:AAGwObQa-UPRwulCHH1JJfHjE680_rP7n_I/getUpdates "HTTP/1.1 200 OK"
2026-05-09 03:46:31,937 - httpx - INFO - HTTP Request: POST https://api.telegram.org/bot2047277455:AAGwObQa-UPRwulCHH1JJfHjE680_rP7n_I/sendMessage "HTTP/1.1 200 OK"
2026-05-09 03:46:34,623 - httpx - INFO - HTTP Request: POST https://api.telegram.org/bot2047277455:AAGwObQa-UPRwulCHH1JJfHjE680_rP7n_I/getUpdates "HTTP/1.1 200 OK"
2026-05-09 03:46:34,711 - httpx - INFO - HTTP Request: POST https://api.telegram.org/bot2047277455:AAGwObQa-UPRwulCHH1JJfHjE680_rP7n_I/sendMessage "HTTP/1.1 200 OK"
2026-05-09 03:46:36,961 - httpx - INFO - HTTP Request: POST https://api.telegram.org/bot2047277455:AAGwObQa-UPRwulCHH1JJfHjE680_rP7n_I/getUpdates "HTTP/1.1 200 OK"
2026-05-09 03:46:37,046 - httpx - INFO - HTTP Request: POST https://api.telegram.org/bot2047277455:AAGwObQa-UPRwulCHH1JJfHjE680_rP7n_I/sendMessage "HTTP/1.1 200 OK"
2026-05-09 03:46:39,178 - httpx - INFO - HTTP Request: POST https://api.telegram.org/bot2047277455:AAGwObQa-UPRwulCHH1JJfHjE680_rP7n_I/getUpdates "HTTP/1.1 200 OK"
2026-05-09 03:46:39,276 - httpx - INFO - HTTP Request: POST https://api.telegram.org/bot2047277455:AAGwObQa-UPRwulCHH1JJfHjE680_rP7n_I/sendMessage "HTTP/1.1 200 OK"
2026-05-09 03:46:42,432 - httpx - INFO - HTTP Request: POST https://api.telegram.org/bot2047277455:AAGwObQa-UPRwulCHH1JJfHjE680_rP7n_I/getUpdates "HTTP/1.1 200 OK"
2026-05-09 03:46:42,512 - httpx - INFO - HTTP Request: POST https://api.telegram.org/bot2047277455:AAGwObQa-UPRwulCHH1JJfHjE680_rP7n_I/sendMessage "HTTP/1.1 200 OK"
2026-05-09 03:46:44,281 - parser - INFO - Найдено новых спинов от API: 1
2026-05-09 03:46:44,289 - parser - INFO - Сохранено: 1, пропущено: 0
2026-05-09 03:46:44,290 - parser - INFO - Пропускаем проверку порогов — в БД только 59 спинов (нужно 500+)
2026-05-09 03:46:52,492 - httpx - INFO - HTTP Request: POST https://api.telegram.org/bot2047277455:AAGwObQa-UPRwulCHH1JJfHjE680_rP7n_I/getUpdates "HTTP/1.1 200 OK"
2026-05-09 03:46:55,887 - httpx - INFO - HTTP Request: POST https://api.telegram.org/bot2047277455:AAGwObQa-UPRwulCHH1JJfHjE680_rP7n_I/getUpdates "HTTP/1.1 200 OK"
2026-05-09 03:46:56,160 - httpx - INFO - HTTP Request: POST https://api.telegram.org/bot2047277455:AAGwObQa-UPRwulCHH1JJfHjE680_rP7n_I/sendMessage "HTTP/1.1 200 OK"
2026-05-09 03:47:05,952 - httpx - INFO - HTTP Request: POST https://api.telegram.org/bot2047277455:AAGwObQa-UPRwulCHH1JJfHjE680_rP7n_I/getUpdates "HTTP/1.1 200 OK"
2026-05-09 03:47:14,629 - parser - INFO - Найдено новых спинов от API: 1
2026-05-09 03:47:14,640 - parser - INFO - Сохранено: 1, пропущено: 0
2026-05-09 03:47:14,640 - parser - INFO - Пропускаем проверку порогов — в БД только 60 спинов (нужно 500+)
2026-05-09 03:47:16,013 - httpx - INFO - HTTP Request: POST https://api.telegram.org/bot2047277455:AAGwObQa-UPRwulCHH1JJfHjE680_rP7n_I/getUpdates "HTTP/1.1 200 OK"
2026-05-09 03:47:23,229 - httpx - INFO - HTTP Request: POST https://api.telegram.org/bot2047277455:AAGwObQa-UPRwulCHH1JJfHjE680_rP7n_I/getUpdates "HTTP/1.1 200 OK"
2026-05-09 03:47:23,458 - httpx - INFO - HTTP Request: POST https://api.telegram.org/bot2047277455:AAGwObQa-UPRwulCHH1JJfHjE680_rP7n_I/sendMessage "HTTP/1.1 200 OK"
2026-05-09 03:47:33,288 - httpx - INFO - HTTP Request: POST https://api.telegram.org/bot2047277455:AAGwObQa-UPRwulCHH1JJfHjE680_rP7n_I/getUpdates "HTTP/1.1 200 OK"
2026-05-09 03:47:43,346 - httpx - INFO - HTTP Request: POST https://api.telegram.org/bot2047277455:AAGwObQa-UPRwulCHH1JJfHjE680_rP7n_I/getUpdates "HTTP/1.1 200 OK"
2026-05-09 03:47:44,844 - parser - INFO - Найдено новых спинов от API: 1
2026-05-09 03:47:44,857 - parser - INFO - Сохранено: 1, пропущено: 0
2026-05-09 03:47:44,858 - parser - INFO - Пропускаем проверку порогов — в БД только 61 спинов (нужно 500+)
2026-05-09 03:47:53,403 - httpx - INFO - HTTP Request: POST https://api.telegram.org/bot2047277455:AAGwObQa-UPRwulCHH1JJfHjE680_rP7n_I/getUpdates "HTTP/1.1 200 OK"
2026-05-09 03:48:25,428 - database - INFO - База данных инициализирована: crazy_time.db
2026-05-09 03:48:26,628 - __main__ - INFO - Бот запущен
2026-05-09 03:48:26,859 - httpx - INFO - HTTP Request: POST https://api.telegram.org/bot2047277455:AAGwObQa-UPRwulCHH1JJfHjE680_rP7n_I/getMe "HTTP/1.1 200 OK"
2026-05-09 03:48:26,860 - __main__ - INFO - Запуск фонового парсера...
2026-05-09 03:48:27,136 - token_fetcher - INFO - Получаем новый токен через Selenium...
2026-05-09 03:48:27,140 - WDM - INFO - ====== WebDriver manager ======
2026-05-09 03:48:27,195 - httpx - INFO - HTTP Request: POST https://api.telegram.org/bot2047277455:AAGwObQa-UPRwulCHH1JJfHjE680_rP7n_I/deleteWebhook "HTTP/1.1 200 OK"
2026-05-09 03:48:27,196 - telegram.ext.Application - INFO - Application started
2026-05-09 03:48:28,133 - WDM - INFO - Get LATEST chromedriver version for google-chrome
2026-05-09 03:48:28,133 - token_fetcher - ERROR - Ошибка Selenium: 'NoneType' object has no attribute 'split'
Traceback (most recent call last):
  File "D:\MILLIONER\token_fetcher.py", line 70, in _fetch_token_selenium
    service = Service(ChromeDriverManager().install())
                      ^^^^^^^^^^^^^^^^^^^^^^^^^^^^^^^
  File "C:\Users\Sh1ndyS\AppData\Local\Programs\Python\Python311\Lib\site-packages\webdriver_manager\chrome.py", line 40, in install
    driver_path = self._get_driver_binary_path(self.driver)
                  ^^^^^^^^^^^^^^^^^^^^^^^^^^^^^^^^^^^^^^^^^
  File "C:\Users\Sh1ndyS\AppData\Local\Programs\Python\Python311\Lib\site-packages\webdriver_manager\core\manager.py", line 40, in _get_driver_binary_path
    file = self._download_manager.download_file(driver.get_driver_download_url(os_type))
                                                ^^^^^^^^^^^^^^^^^^^^^^^^^^^^^^^^^^^^^^^
  File "C:\Users\Sh1ndyS\AppData\Local\Programs\Python\Python311\Lib\site-packages\webdriver_manager\drivers\chrome.py", line 32, in get_driver_download_url
    driver_version_to_download = self.get_driver_version_to_download()
                                 ^^^^^^^^^^^^^^^^^^^^^^^^^^^^^^^^^^^^^
  File "C:\Users\Sh1ndyS\AppData\Local\Programs\Python\Python311\Lib\site-packages\webdriver_manager\core\driver.py", line 48, in get_driver_version_to_download
    return self.get_latest_release_version()
           ^^^^^^^^^^^^^^^^^^^^^^^^^^^^^^^^^
  File "C:\Users\Sh1ndyS\AppData\Local\Programs\Python\Python311\Lib\site-packages\webdriver_manager\drivers\chrome.py", line 64, in get_latest_release_version
    determined_browser_version = ".".join(determined_browser_version.split(".")[:3])
                                          ^^^^^^^^^^^^^^^^^^^^^^^^^^^^^^^^
AttributeError: 'NoneType' object has no attribute 'split'
2026-05-09 03:48:28,135 - token_fetcher - ERROR - Не удалось получить токен через Selenium
2026-05-09 03:48:28,135 - parser - INFO - Получаем токен (резервный способ)...
2026-05-09 03:48:29,073 - parser - INFO - Используем токен из config.py
2026-05-09 03:48:29,163 - parser - INFO - Найдено новых спинов от API: 1
2026-05-09 03:48:29,171 - parser - INFO - Сохранено: 1, пропущено: 0
2026-05-09 03:48:29,172 - parser - INFO - Пропускаем проверку порогов — в БД только 62 спинов (нужно 500+)
2026-05-09 03:48:37,409 - httpx - INFO - HTTP Request: POST https://api.telegram.org/bot2047277455:AAGwObQa-UPRwulCHH1JJfHjE680_rP7n_I/getUpdates "HTTP/1.1 200 OK"
2026-05-09 03:48:47,469 - httpx - INFO - HTTP Request: POST https://api.telegram.org/bot2047277455:AAGwObQa-UPRwulCHH1JJfHjE680_rP7n_I/getUpdates "HTTP/1.1 200 OK"
2026-05-09 03:48:57,535 - httpx - INFO - HTTP Request: POST https://api.telegram.org/bot2047277455:AAGwObQa-UPRwulCHH1JJfHjE680_rP7n_I/getUpdates "HTTP/1.1 200 OK"
2026-05-09 03:48:59,434 - parser - INFO - Найдено новых спинов от API: 1
2026-05-09 03:48:59,442 - parser - INFO - Сохранено: 1, пропущено: 0
2026-05-09 03:48:59,443 - parser - INFO - Пропускаем проверку порогов — в БД только 63 спинов (нужно 500+)
2026-05-09 03:49:07,596 - httpx - INFO - HTTP Request: POST https://api.telegram.org/bot2047277455:AAGwObQa-UPRwulCHH1JJfHjE680_rP7n_I/getUpdates "HTTP/1.1 200 OK"
2026-05-09 03:49:17,657 - httpx - INFO - HTTP Request: POST https://api.telegram.org/bot2047277455:AAGwObQa-UPRwulCHH1JJfHjE680_rP7n_I/getUpdates "HTTP/1.1 200 OK"
2026-05-09 03:49:27,720 - httpx - INFO - HTTP Request: POST https://api.telegram.org/bot2047277455:AAGwObQa-UPRwulCHH1JJfHjE680_rP7n_I/getUpdates "HTTP/1.1 200 OK"
2026-05-09 03:49:29,763 - parser - INFO - Найдено новых спинов от API: 0
2026-05-09 03:49:37,786 - httpx - INFO - HTTP Request: POST https://api.telegram.org/bot2047277455:AAGwObQa-UPRwulCHH1JJfHjE680_rP7n_I/getUpdates "HTTP/1.1 200 OK"
2026-05-09 03:49:47,855 - httpx - INFO - HTTP Request: POST https://api.telegram.org/bot2047277455:AAGwObQa-UPRwulCHH1JJfHjE680_rP7n_I/getUpdates "HTTP/1.1 200 OK"
2026-05-09 03:49:57,919 - httpx - INFO - HTTP Request: POST https://api.telegram.org/bot2047277455:AAGwObQa-UPRwulCHH1JJfHjE680_rP7n_I/getUpdates "HTTP/1.1 200 OK"
2026-05-09 03:50:00,299 - parser - INFO - Найдено новых спинов от API: 1
2026-05-09 03:50:00,311 - parser - INFO - Сохранено: 1, пропущено: 0
2026-05-09 03:50:00,312 - parser - INFO - Пропускаем проверку порогов — в БД только 64 спинов (нужно 500+)
2026-05-09 03:50:07,983 - httpx - INFO - HTTP Request: POST https://api.telegram.org/bot2047277455:AAGwObQa-UPRwulCHH1JJfHjE680_rP7n_I/getUpdates "HTTP/1.1 200 OK"
2026-05-09 03:50:18,056 - httpx - INFO - HTTP Request: POST https://api.telegram.org/bot2047277455:AAGwObQa-UPRwulCHH1JJfHjE680_rP7n_I/getUpdates "HTTP/1.1 200 OK"
2026-05-09 03:50:28,120 - httpx - INFO - HTTP Request: POST https://api.telegram.org/bot2047277455:AAGwObQa-UPRwulCHH1JJfHjE680_rP7n_I/getUpdates "HTTP/1.1 200 OK"
2026-05-09 03:51:17,909 - database - INFO - База данных инициализирована: crazy_time.db
2026-05-09 03:51:19,013 - __main__ - INFO - Бот запущен
2026-05-09 03:51:19,250 - httpx - INFO - HTTP Request: POST https://api.telegram.org/bot2047277455:AAGwObQa-UPRwulCHH1JJfHjE680_rP7n_I/getMe "HTTP/1.1 200 OK"
2026-05-09 03:51:19,251 - __main__ - INFO - Запуск фонового парсера...
2026-05-09 03:51:19,331 - token_fetcher - INFO - Получаем новый токен через Selenium...
2026-05-09 03:51:19,390 - httpx - INFO - HTTP Request: POST https://api.telegram.org/bot2047277455:AAGwObQa-UPRwulCHH1JJfHjE680_rP7n_I/deleteWebhook "HTTP/1.1 200 OK"
2026-05-09 03:51:19,392 - telegram.ext.Application - INFO - Application started
2026-05-09 03:51:19,396 - WDM - INFO - ====== WebDriver manager ======
2026-05-09 03:51:20,034 - WDM - INFO - Get LATEST chromedriver version for google-chrome
2026-05-09 03:51:20,034 - token_fetcher - WARNING - webdriver_manager не сработал: 'NoneType' object has no attribute 'split'
2026-05-09 03:51:29,606 - httpx - INFO - HTTP Request: POST https://api.telegram.org/bot2047277455:AAGwObQa-UPRwulCHH1JJfHjE680_rP7n_I/getUpdates "HTTP/1.1 200 OK"
2026-05-09 03:51:39,660 - httpx - INFO - HTTP Request: POST https://api.telegram.org/bot2047277455:AAGwObQa-UPRwulCHH1JJfHjE680_rP7n_I/getUpdates "HTTP/1.1 200 OK"
2026-05-09 03:51:45,929 - token_fetcher - INFO - Открываем tracksino.com/crazytime...
2026-05-09 03:51:49,715 - httpx - INFO - HTTP Request: POST https://api.telegram.org/bot2047277455:AAGwObQa-UPRwulCHH1JJfHjE680_rP7n_I/getUpdates "HTTP/1.1 200 OK"
2026-05-09 03:51:56,441 - token_fetcher - INFO - Токен найден в сетевых логах
2026-05-09 03:51:59,559 - token_fetcher - INFO - Токен обновлён: b8f11ee0...
2026-05-09 03:51:59,772 - httpx - INFO - HTTP Request: POST https://api.telegram.org/bot2047277455:AAGwObQa-UPRwulCHH1JJfHjE680_rP7n_I/getUpdates "HTTP/1.1 200 OK"
2026-05-09 03:51:59,818 - parser - INFO - Найдено новых спинов от API: 3
2026-05-09 03:51:59,840 - parser - INFO - Сохранено: 3, пропущено: 0
2026-05-09 03:51:59,840 - parser - INFO - Пропускаем проверку порогов — в БД только 67 спинов (нужно 500+)
2026-05-09 03:52:09,826 - httpx - INFO - HTTP Request: POST https://api.telegram.org/bot2047277455:AAGwObQa-UPRwulCHH1JJfHjE680_rP7n_I/getUpdates "HTTP/1.1 200 OK"
2026-05-09 03:52:19,881 - httpx - INFO - HTTP Request: POST https://api.telegram.org/bot2047277455:AAGwObQa-UPRwulCHH1JJfHjE680_rP7n_I/getUpdates "HTTP/1.1 200 OK"
2026-05-09 03:52:29,954 - httpx - INFO - HTTP Request: POST https://api.telegram.org/bot2047277455:AAGwObQa-UPRwulCHH1JJfHjE680_rP7n_I/getUpdates "HTTP/1.1 200 OK"
2026-05-09 03:52:30,094 - parser - INFO - Найдено новых спинов от API: 0
2026-05-09 03:52:40,018 - httpx - INFO - HTTP Request: POST https://api.telegram.org/bot2047277455:AAGwObQa-UPRwulCHH1JJfHjE680_rP7n_I/getUpdates "HTTP/1.1 200 OK"
2026-05-09 03:52:50,076 - httpx - INFO - HTTP Request: POST https://api.telegram.org/bot2047277455:AAGwObQa-UPRwulCHH1JJfHjE680_rP7n_I/getUpdates "HTTP/1.1 200 OK"
2026-05-09 03:53:00,137 - httpx - INFO - HTTP Request: POST https://api.telegram.org/bot2047277455:AAGwObQa-UPRwulCHH1JJfHjE680_rP7n_I/getUpdates "HTTP/1.1 200 OK"
2026-05-09 03:53:00,436 - parser - INFO - Найдено новых спинов от API: 0
2026-05-09 03:53:10,195 - httpx - INFO - HTTP Request: POST https://api.telegram.org/bot2047277455:AAGwObQa-UPRwulCHH1JJfHjE680_rP7n_I/getUpdates "HTTP/1.1 200 OK"
2026-05-09 03:53:20,260 - httpx - INFO - HTTP Request: POST https://api.telegram.org/bot2047277455:AAGwObQa-UPRwulCHH1JJfHjE680_rP7n_I/getUpdates "HTTP/1.1 200 OK"
2026-05-09 03:53:30,319 - httpx - INFO - HTTP Request: POST https://api.telegram.org/bot2047277455:AAGwObQa-UPRwulCHH1JJfHjE680_rP7n_I/getUpdates "HTTP/1.1 200 OK"
2026-05-09 03:53:30,667 - parser - INFO - Найдено новых спинов от API: 1
2026-05-09 03:53:30,674 - parser - INFO - Сохранено: 1, пропущено: 0
2026-05-09 03:53:30,674 - parser - INFO - Пропускаем проверку порогов — в БД только 68 спинов (нужно 500+)
2026-05-09 03:53:40,378 - httpx - INFO - HTTP Request: POST https://api.telegram.org/bot2047277455:AAGwObQa-UPRwulCHH1JJfHjE680_rP7n_I/getUpdates "HTTP/1.1 200 OK"
2026-05-09 03:53:50,437 - httpx - INFO - HTTP Request: POST https://api.telegram.org/bot2047277455:AAGwObQa-UPRwulCHH1JJfHjE680_rP7n_I/getUpdates "HTTP/1.1 200 OK"
2026-05-09 03:54:00,493 - httpx - INFO - HTTP Request: POST https://api.telegram.org/bot2047277455:AAGwObQa-UPRwulCHH1JJfHjE680_rP7n_I/getUpdates "HTTP/1.1 200 OK"
2026-05-09 03:54:00,976 - parser - INFO - Найдено новых спинов от API: 1
2026-05-09 03:54:00,986 - parser - INFO - Сохранено: 1, пропущено: 0
2026-05-09 03:54:00,987 - parser - INFO - Пропускаем проверку порогов — в БД только 69 спинов (нужно 500+)
2026-05-09 03:54:10,550 - httpx - INFO - HTTP Request: POST https://api.telegram.org/bot2047277455:AAGwObQa-UPRwulCHH1JJfHjE680_rP7n_I/getUpdates "HTTP/1.1 200 OK"
2026-05-09 03:54:20,612 - httpx - INFO - HTTP Request: POST https://api.telegram.org/bot2047277455:AAGwObQa-UPRwulCHH1JJfHjE680_rP7n_I/getUpdates "HTTP/1.1 200 OK"
2026-05-09 03:54:30,674 - httpx - INFO - HTTP Request: POST https://api.telegram.org/bot2047277455:AAGwObQa-UPRwulCHH1JJfHjE680_rP7n_I/getUpdates "HTTP/1.1 200 OK"
2026-05-09 03:54:31,215 - parser - INFO - Найдено новых спинов от API: 0
2026-05-09 03:54:40,730 - httpx - INFO - HTTP Request: POST https://api.telegram.org/bot2047277455:AAGwObQa-UPRwulCHH1JJfHjE680_rP7n_I/getUpdates "HTTP/1.1 200 OK"
2026-05-09 03:54:50,786 - httpx - INFO - HTTP Request: POST https://api.telegram.org/bot2047277455:AAGwObQa-UPRwulCHH1JJfHjE680_rP7n_I/getUpdates "HTTP/1.1 200 OK"
2026-05-09 03:55:00,843 - httpx - INFO - HTTP Request: POST https://api.telegram.org/bot2047277455:AAGwObQa-UPRwulCHH1JJfHjE680_rP7n_I/getUpdates "HTTP/1.1 200 OK"
2026-05-09 03:55:01,559 - parser - INFO - Найдено новых спинов от API: 1
2026-05-09 03:55:01,571 - parser - INFO - Сохранено: 1, пропущено: 0
2026-05-09 03:55:01,572 - parser - INFO - Пропускаем проверку порогов — в БД только 70 спинов (нужно 500+)
2026-05-09 03:55:10,900 - httpx - INFO - HTTP Request: POST https://api.telegram.org/bot2047277455:AAGwObQa-UPRwulCHH1JJfHjE680_rP7n_I/getUpdates "HTTP/1.1 200 OK"
2026-05-09 03:55:20,954 - httpx - INFO - HTTP Request: POST https://api.telegram.org/bot2047277455:AAGwObQa-UPRwulCHH1JJfHjE680_rP7n_I/getUpdates "HTTP/1.1 200 OK"
2026-05-09 03:55:31,014 - httpx - INFO - HTTP Request: POST https://api.telegram.org/bot2047277455:AAGwObQa-UPRwulCHH1JJfHjE680_rP7n_I/getUpdates "HTTP/1.1 200 OK"
2026-05-09 03:55:31,837 - parser - INFO - Найдено новых спинов от API: 1
2026-05-09 03:55:31,849 - parser - INFO - Сохранено: 1, пропущено: 0
2026-05-09 03:55:31,849 - parser - INFO - Пропускаем проверку порогов — в БД только 71 спинов (нужно 500+)
2026-05-09 03:55:41,071 - httpx - INFO - HTTP Request: POST https://api.telegram.org/bot2047277455:AAGwObQa-UPRwulCHH1JJfHjE680_rP7n_I/getUpdates "HTTP/1.1 200 OK"
2026-05-09 03:55:51,134 - httpx - INFO - HTTP Request: POST https://api.telegram.org/bot2047277455:AAGwObQa-UPRwulCHH1JJfHjE680_rP7n_I/getUpdates "HTTP/1.1 200 OK"
2026-05-09 03:56:01,189 - httpx - INFO - HTTP Request: POST https://api.telegram.org/bot2047277455:AAGwObQa-UPRwulCHH1JJfHjE680_rP7n_I/getUpdates "HTTP/1.1 200 OK"
2026-05-09 03:56:02,172 - parser - INFO - Найдено новых спинов от API: 0
2026-05-09 03:56:11,244 - httpx - INFO - HTTP Request: POST https://api.telegram.org/bot2047277455:AAGwObQa-UPRwulCHH1JJfHjE680_rP7n_I/getUpdates "HTTP/1.1 200 OK"
2026-05-09 03:56:21,302 - httpx - INFO - HTTP Request: POST https://api.telegram.org/bot2047277455:AAGwObQa-UPRwulCHH1JJfHjE680_rP7n_I/getUpdates "HTTP/1.1 200 OK"
2026-05-09 03:56:31,362 - httpx - INFO - HTTP Request: POST https://api.telegram.org/bot2047277455:AAGwObQa-UPRwulCHH1JJfHjE680_rP7n_I/getUpdates "HTTP/1.1 200 OK"
2026-05-09 03:56:32,425 - parser - INFO - Найдено новых спинов от API: 1
2026-05-09 03:56:32,437 - parser - INFO - Сохранено: 1, пропущено: 0
2026-05-09 03:56:32,438 - parser - INFO - Пропускаем проверку порогов — в БД только 72 спинов (нужно 500+)
2026-05-09 03:56:41,417 - httpx - INFO - HTTP Request: POST https://api.telegram.org/bot2047277455:AAGwObQa-UPRwulCHH1JJfHjE680_rP7n_I/getUpdates "HTTP/1.1 200 OK"
2026-05-09 03:56:51,476 - httpx - INFO - HTTP Request: POST https://api.telegram.org/bot2047277455:AAGwObQa-UPRwulCHH1JJfHjE680_rP7n_I/getUpdates "HTTP/1.1 200 OK"
2026-05-09 03:57:01,530 - httpx - INFO - HTTP Request: POST https://api.telegram.org/bot2047277455:AAGwObQa-UPRwulCHH1JJfHjE680_rP7n_I/getUpdates "HTTP/1.1 200 OK"
2026-05-09 03:57:02,706 - parser - INFO - Найдено новых спинов от API: 0
2026-05-09 03:57:11,585 - httpx - INFO - HTTP Request: POST https://api.telegram.org/bot2047277455:AAGwObQa-UPRwulCHH1JJfHjE680_rP7n_I/getUpdates "HTTP/1.1 200 OK"
2026-05-09 03:57:21,645 - httpx - INFO - HTTP Request: POST https://api.telegram.org/bot2047277455:AAGwObQa-UPRwulCHH1JJfHjE680_rP7n_I/getUpdates "HTTP/1.1 200 OK"
2026-05-09 03:57:31,700 - httpx - INFO - HTTP Request: POST https://api.telegram.org/bot2047277455:AAGwObQa-UPRwulCHH1JJfHjE680_rP7n_I/getUpdates "HTTP/1.1 200 OK"
2026-05-09 03:57:32,947 - parser - INFO - Найдено новых спинов от API: 1
2026-05-09 03:57:32,954 - parser - INFO - Сохранено: 1, пропущено: 0
2026-05-09 03:57:32,955 - parser - INFO - Пропускаем проверку порогов — в БД только 73 спинов (нужно 500+)
2026-05-09 03:57:41,758 - httpx - INFO - HTTP Request: POST https://api.telegram.org/bot2047277455:AAGwObQa-UPRwulCHH1JJfHjE680_rP7n_I/getUpdates "HTTP/1.1 200 OK"
2026-05-09 03:57:51,814 - httpx - INFO - HTTP Request: POST https://api.telegram.org/bot2047277455:AAGwObQa-UPRwulCHH1JJfHjE680_rP7n_I/getUpdates "HTTP/1.1 200 OK"
2026-05-09 03:58:01,877 - httpx - INFO - HTTP Request: POST https://api.telegram.org/bot2047277455:AAGwObQa-UPRwulCHH1JJfHjE680_rP7n_I/getUpdates "HTTP/1.1 200 OK"
2026-05-09 03:58:03,273 - parser - INFO - Найдено новых спинов от API: 0
2026-05-09 03:58:11,942 - httpx - INFO - HTTP Request: POST https://api.telegram.org/bot2047277455:AAGwObQa-UPRwulCHH1JJfHjE680_rP7n_I/getUpdates "HTTP/1.1 200 OK"
2026-05-09 03:58:21,996 - httpx - INFO - HTTP Request: POST https://api.telegram.org/bot2047277455:AAGwObQa-UPRwulCHH1JJfHjE680_rP7n_I/getUpdates "HTTP/1.1 200 OK"
2026-05-09 03:58:32,054 - httpx - INFO - HTTP Request: POST https://api.telegram.org/bot2047277455:AAGwObQa-UPRwulCHH1JJfHjE680_rP7n_I/getUpdates "HTTP/1.1 200 OK"
2026-05-09 03:58:33,484 - parser - INFO - Найдено новых спинов от API: 1
2026-05-09 03:58:33,494 - parser - INFO - Сохранено: 1, пропущено: 0
2026-05-09 03:58:33,494 - parser - INFO - Пропускаем проверку порогов — в БД только 74 спинов (нужно 500+)
2026-05-09 03:58:42,109 - httpx - INFO - HTTP Request: POST https://api.telegram.org/bot2047277455:AAGwObQa-UPRwulCHH1JJfHjE680_rP7n_I/getUpdates "HTTP/1.1 200 OK"
2026-05-09 03:58:49,240 - database - INFO - База данных инициализирована: crazy_time.db
2026-05-09 03:58:50,351 - __main__ - INFO - Бот запущен
2026-05-09 03:58:50,585 - httpx - INFO - HTTP Request: POST https://api.telegram.org/bot2047277455:AAGwObQa-UPRwulCHH1JJfHjE680_rP7n_I/getMe "HTTP/1.1 200 OK"
2026-05-09 03:58:50,587 - __main__ - INFO - Запуск фонового парсера...
2026-05-09 03:58:50,653 - token_fetcher - INFO - Получаем новый токен через Selenium...
2026-05-09 03:58:50,654 - token_fetcher - INFO - Найден браузер: C:\Program Files\Yandex\YandexBrowser\Application\browser.exe
2026-05-09 03:58:50,712 - httpx - INFO - HTTP Request: POST https://api.telegram.org/bot2047277455:AAGwObQa-UPRwulCHH1JJfHjE680_rP7n_I/deleteWebhook "HTTP/1.1 200 OK"
2026-05-09 03:58:50,713 - telegram.ext.Application - INFO - Application started
2026-05-09 03:58:50,902 - httpx - INFO - HTTP Request: POST https://api.telegram.org/bot2047277455:AAGwObQa-UPRwulCHH1JJfHjE680_rP7n_I/getUpdates "HTTP/1.1 409 Conflict"
2026-05-09 03:58:50,904 - telegram.ext.Updater - ERROR - Error while getting Updates: Conflict: terminated by other getUpdates request; make sure that only one bot instance is running
2026-05-09 03:58:50,905 - telegram.ext.Application - ERROR - No error handlers are registered, logging exception.
Traceback (most recent call last):
  File "C:\Users\Sh1ndyS\AppData\Local\Programs\Python\Python311\Lib\site-packages\telegram\ext\_updater.py", line 755, in _network_loop_retry
    if not await do_action():
           ^^^^^^^^^^^^^^^^^
  File "C:\Users\Sh1ndyS\AppData\Local\Programs\Python\Python311\Lib\site-packages\telegram\ext\_updater.py", line 749, in do_action
    return action_cb_task.result()
           ^^^^^^^^^^^^^^^^^^^^^^^
  File "C:\Users\Sh1ndyS\AppData\Local\Programs\Python\Python311\Lib\site-packages\telegram\ext\_updater.py", line 389, in polling_action_cb
    raise exc
  File "C:\Users\Sh1ndyS\AppData\Local\Programs\Python\Python311\Lib\site-packages\telegram\ext\_updater.py", line 378, in polling_action_cb
    updates = await self.bot.get_updates(
              ^^^^^^^^^^^^^^^^^^^^^^^^^^^
  File "C:\Users\Sh1ndyS\AppData\Local\Programs\Python\Python311\Lib\site-packages\telegram\ext\_extbot.py", line 647, in get_updates
    updates = await super().get_updates(
              ^^^^^^^^^^^^^^^^^^^^^^^^^^
  File "C:\Users\Sh1ndyS\AppData\Local\Programs\Python\Python311\Lib\site-packages\telegram\_bot.py", line 4326, in get_updates
    await self._post(
  File "C:\Users\Sh1ndyS\AppData\Local\Programs\Python\Python311\Lib\site-packages\telegram\_bot.py", line 618, in _post
    return await self._do_post(
           ^^^^^^^^^^^^^^^^^^^^
  File "C:\Users\Sh1ndyS\AppData\Local\Programs\Python\Python311\Lib\site-packages\telegram\ext\_extbot.py", line 353, in _do_post
    return await super()._do_post(
           ^^^^^^^^^^^^^^^^^^^^^^^
  File "C:\Users\Sh1ndyS\AppData\Local\Programs\Python\Python311\Lib\site-packages\telegram\_bot.py", line 647, in _do_post
    result = await request.post(
             ^^^^^^^^^^^^^^^^^^^
  File "C:\Users\Sh1ndyS\AppData\Local\Programs\Python\Python311\Lib\site-packages\telegram\request\_baserequest.py", line 200, in post
    result = await self._request_wrapper(
             ^^^^^^^^^^^^^^^^^^^^^^^^^^^^
  File "C:\Users\Sh1ndyS\AppData\Local\Programs\Python\Python311\Lib\site-packages\telegram\request\_baserequest.py", line 383, in _request_wrapper
    raise Conflict(message)
telegram.error.Conflict: Conflict: terminated by other getUpdates request; make sure that only one bot instance is running
2026-05-09 03:58:52,232 - token_fetcher - INFO - Используем локальный chromedriver.exe
2026-05-09 03:58:52,286 - token_fetcher - INFO - Открываем tracksino.com/crazytime...
2026-05-09 03:58:54,975 - httpx - INFO - HTTP Request: POST https://api.telegram.org/bot2047277455:AAGwObQa-UPRwulCHH1JJfHjE680_rP7n_I/getUpdates "HTTP/1.1 409 Conflict"
2026-05-09 03:58:54,975 - telegram.ext.Updater - ERROR - Error while getting Updates: Conflict: terminated by other getUpdates request; make sure that only one bot instance is running
2026-05-09 03:58:54,976 - telegram.ext.Application - ERROR - No error handlers are registered, logging exception.
Traceback (most recent call last):
  File "C:\Users\Sh1ndyS\AppData\Local\Programs\Python\Python311\Lib\site-packages\telegram\ext\_updater.py", line 755, in _network_loop_retry
    if not await do_action():
           ^^^^^^^^^^^^^^^^^
  File "C:\Users\Sh1ndyS\AppData\Local\Programs\Python\Python311\Lib\site-packages\telegram\ext\_updater.py", line 749, in do_action
    return action_cb_task.result()
           ^^^^^^^^^^^^^^^^^^^^^^^
  File "C:\Users\Sh1ndyS\AppData\Local\Programs\Python\Python311\Lib\site-packages\telegram\ext\_updater.py", line 389, in polling_action_cb
    raise exc
  File "C:\Users\Sh1ndyS\AppData\Local\Programs\Python\Python311\Lib\site-packages\telegram\ext\_updater.py", line 378, in polling_action_cb
    updates = await self.bot.get_updates(
              ^^^^^^^^^^^^^^^^^^^^^^^^^^^
  File "C:\Users\Sh1ndyS\AppData\Local\Programs\Python\Python311\Lib\site-packages\telegram\ext\_extbot.py", line 647, in get_updates
    updates = await super().get_updates(
              ^^^^^^^^^^^^^^^^^^^^^^^^^^
  File "C:\Users\Sh1ndyS\AppData\Local\Programs\Python\Python311\Lib\site-packages\telegram\_bot.py", line 4326, in get_updates
    await self._post(
  File "C:\Users\Sh1ndyS\AppData\Local\Programs\Python\Python311\Lib\site-packages\telegram\_bot.py", line 618, in _post
    return await self._do_post(
           ^^^^^^^^^^^^^^^^^^^^
  File "C:\Users\Sh1ndyS\AppData\Local\Programs\Python\Python311\Lib\site-packages\telegram\ext\_extbot.py", line 353, in _do_post
    return await super()._do_post(
           ^^^^^^^^^^^^^^^^^^^^^^^
  File "C:\Users\Sh1ndyS\AppData\Local\Programs\Python\Python311\Lib\site-packages\telegram\_bot.py", line 647, in _do_post
    result = await request.post(
             ^^^^^^^^^^^^^^^^^^^
  File "C:\Users\Sh1ndyS\AppData\Local\Programs\Python\Python311\Lib\site-packages\telegram\request\_baserequest.py", line 200, in post
    result = await self._request_wrapper(
             ^^^^^^^^^^^^^^^^^^^^^^^^^^^^
  File "C:\Users\Sh1ndyS\AppData\Local\Programs\Python\Python311\Lib\site-packages\telegram\request\_baserequest.py", line 383, in _request_wrapper
    raise Conflict(message)
telegram.error.Conflict: Conflict: terminated by other getUpdates request; make sure that only one bot instance is running
2026-05-09 03:58:56,031 - httpx - INFO - HTTP Request: POST https://api.telegram.org/bot2047277455:AAGwObQa-UPRwulCHH1JJfHjE680_rP7n_I/getUpdates "HTTP/1.1 409 Conflict"
2026-05-09 03:58:56,031 - telegram.ext.Updater - ERROR - Error while getting Updates: Conflict: terminated by other getUpdates request; make sure that only one bot instance is running
2026-05-09 03:58:56,032 - telegram.ext.Application - ERROR - No error handlers are registered, logging exception.
Traceback (most recent call last):
  File "C:\Users\Sh1ndyS\AppData\Local\Programs\Python\Python311\Lib\site-packages\telegram\ext\_updater.py", line 755, in _network_loop_retry
    if not await do_action():
           ^^^^^^^^^^^^^^^^^
  File "C:\Users\Sh1ndyS\AppData\Local\Programs\Python\Python311\Lib\site-packages\telegram\ext\_updater.py", line 749, in do_action
    return action_cb_task.result()
           ^^^^^^^^^^^^^^^^^^^^^^^
  File "C:\Users\Sh1ndyS\AppData\Local\Programs\Python\Python311\Lib\site-packages\telegram\ext\_updater.py", line 389, in polling_action_cb
    raise exc
  File "C:\Users\Sh1ndyS\AppData\Local\Programs\Python\Python311\Lib\site-packages\telegram\ext\_updater.py", line 378, in polling_action_cb
    updates = await self.bot.get_updates(
              ^^^^^^^^^^^^^^^^^^^^^^^^^^^
  File "C:\Users\Sh1ndyS\AppData\Local\Programs\Python\Python311\Lib\site-packages\telegram\ext\_extbot.py", line 647, in get_updates
    updates = await super().get_updates(
              ^^^^^^^^^^^^^^^^^^^^^^^^^^
  File "C:\Users\Sh1ndyS\AppData\Local\Programs\Python\Python311\Lib\site-packages\telegram\_bot.py", line 4326, in get_updates
    await self._post(
  File "C:\Users\Sh1ndyS\AppData\Local\Programs\Python\Python311\Lib\site-packages\telegram\_bot.py", line 618, in _post
    return await self._do_post(
           ^^^^^^^^^^^^^^^^^^^^
  File "C:\Users\Sh1ndyS\AppData\Local\Programs\Python\Python311\Lib\site-packages\telegram\ext\_extbot.py", line 353, in _do_post
    return await super()._do_post(
           ^^^^^^^^^^^^^^^^^^^^^^^
  File "C:\Users\Sh1ndyS\AppData\Local\Programs\Python\Python311\Lib\site-packages\telegram\_bot.py", line 647, in _do_post
    result = await request.post(
             ^^^^^^^^^^^^^^^^^^^
  File "C:\Users\Sh1ndyS\AppData\Local\Programs\Python\Python311\Lib\site-packages\telegram\request\_baserequest.py", line 200, in post
    result = await self._request_wrapper(
             ^^^^^^^^^^^^^^^^^^^^^^^^^^^^
  File "C:\Users\Sh1ndyS\AppData\Local\Programs\Python\Python311\Lib\site-packages\telegram\request\_baserequest.py", line 383, in _request_wrapper
    raise Conflict(message)
telegram.error.Conflict: Conflict: terminated by other getUpdates request; make sure that only one bot instance is running
2026-05-09 03:59:00,600 - httpx - INFO - HTTP Request: POST https://api.telegram.org/bot2047277455:AAGwObQa-UPRwulCHH1JJfHjE680_rP7n_I/getUpdates "HTTP/1.1 409 Conflict"
2026-05-09 03:59:03,794 - parser - INFO - Найдено новых спинов от API: 0
2026-05-09 03:59:03,822 - token_fetcher - INFO - Токен найден в сетевых логах
2026-05-09 03:59:04,691 - telegram.ext.Updater - ERROR - Error while getting Updates: Conflict: terminated by other getUpdates request; make sure that only one bot instance is running
2026-05-09 03:59:04,717 - telegram.ext.Application - ERROR - No error handlers are registered, logging exception.
Traceback (most recent call last):
  File "C:\Users\Sh1ndyS\AppData\Local\Programs\Python\Python311\Lib\site-packages\telegram\ext\_updater.py", line 755, in _network_loop_retry
    if not await do_action():
           ^^^^^^^^^^^^^^^^^
  File "C:\Users\Sh1ndyS\AppData\Local\Programs\Python\Python311\Lib\site-packages\telegram\ext\_updater.py", line 749, in do_action
    return action_cb_task.result()
           ^^^^^^^^^^^^^^^^^^^^^^^
  File "C:\Users\Sh1ndyS\AppData\Local\Programs\Python\Python311\Lib\site-packages\telegram\ext\_updater.py", line 389, in polling_action_cb
    raise exc
  File "C:\Users\Sh1ndyS\AppData\Local\Programs\Python\Python311\Lib\site-packages\telegram\ext\_updater.py", line 378, in polling_action_cb
    updates = await self.bot.get_updates(
              ^^^^^^^^^^^^^^^^^^^^^^^^^^^
  File "C:\Users\Sh1ndyS\AppData\Local\Programs\Python\Python311\Lib\site-packages\telegram\ext\_extbot.py", line 647, in get_updates
    updates = await super().get_updates(
              ^^^^^^^^^^^^^^^^^^^^^^^^^^
  File "C:\Users\Sh1ndyS\AppData\Local\Programs\Python\Python311\Lib\site-packages\telegram\_bot.py", line 4326, in get_updates
    await self._post(
  File "C:\Users\Sh1ndyS\AppData\Local\Programs\Python\Python311\Lib\site-packages\telegram\_bot.py", line 618, in _post
    return await self._do_post(
           ^^^^^^^^^^^^^^^^^^^^
  File "C:\Users\Sh1ndyS\AppData\Local\Programs\Python\Python311\Lib\site-packages\telegram\ext\_extbot.py", line 353, in _do_post
    return await super()._do_post(
           ^^^^^^^^^^^^^^^^^^^^^^^
  File "C:\Users\Sh1ndyS\AppData\Local\Programs\Python\Python311\Lib\site-packages\telegram\_bot.py", line 647, in _do_post
    result = await request.post(
             ^^^^^^^^^^^^^^^^^^^
  File "C:\Users\Sh1ndyS\AppData\Local\Programs\Python\Python311\Lib\site-packages\telegram\request\_baserequest.py", line 200, in post
    result = await self._request_wrapper(
             ^^^^^^^^^^^^^^^^^^^^^^^^^^^^
  File "C:\Users\Sh1ndyS\AppData\Local\Programs\Python\Python311\Lib\site-packages\telegram\request\_baserequest.py", line 383, in _request_wrapper
    raise Conflict(message)
telegram.error.Conflict: Conflict: terminated by other getUpdates request; make sure that only one bot instance is running
2026-05-09 03:59:06,288 - httpx - INFO - HTTP Request: POST https://api.telegram.org/bot2047277455:AAGwObQa-UPRwulCHH1JJfHjE680_rP7n_I/getUpdates "HTTP/1.1 409 Conflict"
2026-05-09 03:59:06,288 - telegram.ext.Updater - ERROR - Error while getting Updates: Conflict: terminated by other getUpdates request; make sure that only one bot instance is running
2026-05-09 03:59:06,290 - telegram.ext.Application - ERROR - No error handlers are registered, logging exception.
Traceback (most recent call last):
  File "C:\Users\Sh1ndyS\AppData\Local\Programs\Python\Python311\Lib\site-packages\telegram\ext\_updater.py", line 755, in _network_loop_retry
    if not await do_action():
           ^^^^^^^^^^^^^^^^^
  File "C:\Users\Sh1ndyS\AppData\Local\Programs\Python\Python311\Lib\site-packages\telegram\ext\_updater.py", line 749, in do_action
    return action_cb_task.result()
           ^^^^^^^^^^^^^^^^^^^^^^^
  File "C:\Users\Sh1ndyS\AppData\Local\Programs\Python\Python311\Lib\site-packages\telegram\ext\_updater.py", line 389, in polling_action_cb
    raise exc
  File "C:\Users\Sh1ndyS\AppData\Local\Programs\Python\Python311\Lib\site-packages\telegram\ext\_updater.py", line 378, in polling_action_cb
    updates = await self.bot.get_updates(
              ^^^^^^^^^^^^^^^^^^^^^^^^^^^
  File "C:\Users\Sh1ndyS\AppData\Local\Programs\Python\Python311\Lib\site-packages\telegram\ext\_extbot.py", line 647, in get_updates
    updates = await super().get_updates(
              ^^^^^^^^^^^^^^^^^^^^^^^^^^
  File "C:\Users\Sh1ndyS\AppData\Local\Programs\Python\Python311\Lib\site-packages\telegram\_bot.py", line 4326, in get_updates
    await self._post(
  File "C:\Users\Sh1ndyS\AppData\Local\Programs\Python\Python311\Lib\site-packages\telegram\_bot.py", line 618, in _post
    return await self._do_post(
           ^^^^^^^^^^^^^^^^^^^^
  File "C:\Users\Sh1ndyS\AppData\Local\Programs\Python\Python311\Lib\site-packages\telegram\ext\_extbot.py", line 353, in _do_post
    return await super()._do_post(
           ^^^^^^^^^^^^^^^^^^^^^^^
  File "C:\Users\Sh1ndyS\AppData\Local\Programs\Python\Python311\Lib\site-packages\telegram\_bot.py", line 647, in _do_post
    result = await request.post(
             ^^^^^^^^^^^^^^^^^^^
  File "C:\Users\Sh1ndyS\AppData\Local\Programs\Python\Python311\Lib\site-packages\telegram\request\_baserequest.py", line 200, in post
    result = await self._request_wrapper(
             ^^^^^^^^^^^^^^^^^^^^^^^^^^^^
  File "C:\Users\Sh1ndyS\AppData\Local\Programs\Python\Python311\Lib\site-packages\telegram\request\_baserequest.py", line 383, in _request_wrapper
    raise Conflict(message)
telegram.error.Conflict: Conflict: terminated by other getUpdates request; make sure that only one bot instance is running
2026-05-09 03:59:07,856 - token_fetcher - INFO - Токен обновлён: b8f11ee0...
2026-05-09 03:59:08,092 - parser - INFO - Найдено новых спинов от API: 0
2026-05-09 03:59:11,606 - httpx - INFO - HTTP Request: POST https://api.telegram.org/bot2047277455:AAGwObQa-UPRwulCHH1JJfHjE680_rP7n_I/getUpdates "HTTP/1.1 409 Conflict"
2026-05-09 03:59:11,606 - telegram.ext.Updater - ERROR - Error while getting Updates: Conflict: terminated by other getUpdates request; make sure that only one bot instance is running
2026-05-09 03:59:11,606 - telegram.ext.Application - ERROR - No error handlers are registered, logging exception.
Traceback (most recent call last):
  File "C:\Users\Sh1ndyS\AppData\Local\Programs\Python\Python311\Lib\site-packages\telegram\ext\_updater.py", line 755, in _network_loop_retry
    if not await do_action():
           ^^^^^^^^^^^^^^^^^
  File "C:\Users\Sh1ndyS\AppData\Local\Programs\Python\Python311\Lib\site-packages\telegram\ext\_updater.py", line 749, in do_action
    return action_cb_task.result()
           ^^^^^^^^^^^^^^^^^^^^^^^
  File "C:\Users\Sh1ndyS\AppData\Local\Programs\Python\Python311\Lib\site-packages\telegram\ext\_updater.py", line 389, in polling_action_cb
    raise exc
  File "C:\Users\Sh1ndyS\AppData\Local\Programs\Python\Python311\Lib\site-packages\telegram\ext\_updater.py", line 378, in polling_action_cb
    updates = await self.bot.get_updates(
              ^^^^^^^^^^^^^^^^^^^^^^^^^^^
  File "C:\Users\Sh1ndyS\AppData\Local\Programs\Python\Python311\Lib\site-packages\telegram\ext\_extbot.py", line 647, in get_updates
    updates = await super().get_updates(
              ^^^^^^^^^^^^^^^^^^^^^^^^^^
  File "C:\Users\Sh1ndyS\AppData\Local\Programs\Python\Python311\Lib\site-packages\telegram\_bot.py", line 4326, in get_updates
    await self._post(
  File "C:\Users\Sh1ndyS\AppData\Local\Programs\Python\Python311\Lib\site-packages\telegram\_bot.py", line 618, in _post
    return await self._do_post(
           ^^^^^^^^^^^^^^^^^^^^
  File "C:\Users\Sh1ndyS\AppData\Local\Programs\Python\Python311\Lib\site-packages\telegram\ext\_extbot.py", line 353, in _do_post
    return await super()._do_post(
           ^^^^^^^^^^^^^^^^^^^^^^^
  File "C:\Users\Sh1ndyS\AppData\Local\Programs\Python\Python311\Lib\site-packages\telegram\_bot.py", line 647, in _do_post
    result = await request.post(
             ^^^^^^^^^^^^^^^^^^^
  File "C:\Users\Sh1ndyS\AppData\Local\Programs\Python\Python311\Lib\site-packages\telegram\request\_baserequest.py", line 200, in post
    result = await self._request_wrapper(
             ^^^^^^^^^^^^^^^^^^^^^^^^^^^^
  File "C:\Users\Sh1ndyS\AppData\Local\Programs\Python\Python311\Lib\site-packages\telegram\request\_baserequest.py", line 383, in _request_wrapper
    raise Conflict(message)
telegram.error.Conflict: Conflict: terminated by other getUpdates request; make sure that only one bot instance is running
2026-05-09 03:59:13,923 - httpx - INFO - HTTP Request: POST https://api.telegram.org/bot2047277455:AAGwObQa-UPRwulCHH1JJfHjE680_rP7n_I/getUpdates "HTTP/1.1 409 Conflict"
2026-05-09 03:59:13,924 - telegram.ext.Updater - ERROR - Error while getting Updates: Conflict: terminated by other getUpdates request; make sure that only one bot instance is running
2026-05-09 03:59:13,925 - telegram.ext.Application - ERROR - No error handlers are registered, logging exception.
Traceback (most recent call last):
  File "C:\Users\Sh1ndyS\AppData\Local\Programs\Python\Python311\Lib\site-packages\telegram\ext\_updater.py", line 755, in _network_loop_retry
    if not await do_action():
           ^^^^^^^^^^^^^^^^^
  File "C:\Users\Sh1ndyS\AppData\Local\Programs\Python\Python311\Lib\site-packages\telegram\ext\_updater.py", line 749, in do_action
    return action_cb_task.result()
           ^^^^^^^^^^^^^^^^^^^^^^^
  File "C:\Users\Sh1ndyS\AppData\Local\Programs\Python\Python311\Lib\site-packages\telegram\ext\_updater.py", line 389, in polling_action_cb
    raise exc
  File "C:\Users\Sh1ndyS\AppData\Local\Programs\Python\Python311\Lib\site-packages\telegram\ext\_updater.py", line 378, in polling_action_cb
    updates = await self.bot.get_updates(
              ^^^^^^^^^^^^^^^^^^^^^^^^^^^
  File "C:\Users\Sh1ndyS\AppData\Local\Programs\Python\Python311\Lib\site-packages\telegram\ext\_extbot.py", line 647, in get_updates
    updates = await super().get_updates(
              ^^^^^^^^^^^^^^^^^^^^^^^^^^
  File "C:\Users\Sh1ndyS\AppData\Local\Programs\Python\Python311\Lib\site-packages\telegram\_bot.py", line 4326, in get_updates
    await self._post(
  File "C:\Users\Sh1ndyS\AppData\Local\Programs\Python\Python311\Lib\site-packages\telegram\_bot.py", line 618, in _post
    return await self._do_post(
           ^^^^^^^^^^^^^^^^^^^^
  File "C:\Users\Sh1ndyS\AppData\Local\Programs\Python\Python311\Lib\site-packages\telegram\ext\_extbot.py", line 353, in _do_post
    return await super()._do_post(
           ^^^^^^^^^^^^^^^^^^^^^^^
  File "C:\Users\Sh1ndyS\AppData\Local\Programs\Python\Python311\Lib\site-packages\telegram\_bot.py", line 647, in _do_post
    result = await request.post(
             ^^^^^^^^^^^^^^^^^^^
  File "C:\Users\Sh1ndyS\AppData\Local\Programs\Python\Python311\Lib\site-packages\telegram\request\_baserequest.py", line 200, in post
    result = await self._request_wrapper(
             ^^^^^^^^^^^^^^^^^^^^^^^^^^^^
  File "C:\Users\Sh1ndyS\AppData\Local\Programs\Python\Python311\Lib\site-packages\telegram\request\_baserequest.py", line 383, in _request_wrapper
    raise Conflict(message)
telegram.error.Conflict: Conflict: terminated by other getUpdates request; make sure that only one bot instance is running
2026-05-09 03:59:35,040 - database - INFO - База данных инициализирована: crazy_time.db
2026-05-09 03:59:36,147 - __main__ - INFO - Бот запущен
2026-05-09 03:59:36,403 - httpx - INFO - HTTP Request: POST https://api.telegram.org/bot2047277455:AAGwObQa-UPRwulCHH1JJfHjE680_rP7n_I/getMe "HTTP/1.1 200 OK"
2026-05-09 03:59:36,404 - __main__ - INFO - Запуск фонового парсера...
2026-05-09 03:59:36,460 - token_fetcher - INFO - Получаем новый токен через Selenium...
2026-05-09 03:59:36,462 - token_fetcher - INFO - Найден браузер: C:\Program Files\Yandex\YandexBrowser\Application\browser.exe
2026-05-09 03:59:36,521 - httpx - INFO - HTTP Request: POST https://api.telegram.org/bot2047277455:AAGwObQa-UPRwulCHH1JJfHjE680_rP7n_I/deleteWebhook "HTTP/1.1 200 OK"
2026-05-09 03:59:36,522 - telegram.ext.Application - INFO - Application started
2026-05-09 03:59:37,395 - token_fetcher - INFO - Используем локальный chromedriver.exe
2026-05-09 03:59:37,438 - token_fetcher - INFO - Открываем tracksino.com/crazytime...
2026-05-09 03:59:46,739 - httpx - INFO - HTTP Request: POST https://api.telegram.org/bot2047277455:AAGwObQa-UPRwulCHH1JJfHjE680_rP7n_I/getUpdates "HTTP/1.1 200 OK"
2026-05-09 03:59:48,571 - token_fetcher - INFO - Токен найден в сетевых логах
2026-05-09 03:59:51,712 - token_fetcher - INFO - Токен обновлён: b8f11ee0...
2026-05-09 03:59:51,958 - parser - INFO - Найдено новых спинов от API: 1
2026-05-09 03:59:51,971 - parser - INFO - Сохранено: 1, пропущено: 0
2026-05-09 03:59:51,971 - parser - INFO - Пропускаем проверку порогов — в БД только 75 спинов (нужно 500+)
2026-05-09 03:59:56,803 - httpx - INFO - HTTP Request: POST https://api.telegram.org/bot2047277455:AAGwObQa-UPRwulCHH1JJfHjE680_rP7n_I/getUpdates "HTTP/1.1 200 OK"
2026-05-09 04:00:08,932 - httpx - INFO - HTTP Request: POST https://api.telegram.org/bot2047277455:AAGwObQa-UPRwulCHH1JJfHjE680_rP7n_I/getUpdates "HTTP/1.1 200 OK"
2026-05-09 04:00:19,001 - httpx - INFO - HTTP Request: POST https://api.telegram.org/bot2047277455:AAGwObQa-UPRwulCHH1JJfHjE680_rP7n_I/getUpdates "HTTP/1.1 200 OK"
2026-05-09 04:00:22,968 - parser - INFO - Найдено новых спинов от API: 1
2026-05-09 04:00:22,979 - parser - INFO - Сохранено: 1, пропущено: 0
2026-05-09 04:00:22,980 - parser - INFO - Пропускаем проверку порогов — в БД только 76 спинов (нужно 500+)
2026-05-09 04:00:29,068 - httpx - INFO - HTTP Request: POST https://api.telegram.org/bot2047277455:AAGwObQa-UPRwulCHH1JJfHjE680_rP7n_I/getUpdates "HTTP/1.1 200 OK"
2026-05-09 04:00:39,135 - httpx - INFO - HTTP Request: POST https://api.telegram.org/bot2047277455:AAGwObQa-UPRwulCHH1JJfHjE680_rP7n_I/getUpdates "HTTP/1.1 200 OK"
2026-05-09 04:00:49,197 - httpx - INFO - HTTP Request: POST https://api.telegram.org/bot2047277455:AAGwObQa-UPRwulCHH1JJfHjE680_rP7n_I/getUpdates "HTTP/1.1 200 OK"
2026-05-09 04:00:53,448 - parser - INFO - Найдено новых спинов от API: 1
2026-05-09 04:00:53,465 - parser - INFO - Сохранено: 1, пропущено: 0
2026-05-09 04:00:53,466 - parser - INFO - Пропускаем проверку порогов — в БД только 77 спинов (нужно 500+)
2026-05-09 04:00:59,262 - httpx - INFO - HTTP Request: POST https://api.telegram.org/bot2047277455:AAGwObQa-UPRwulCHH1JJfHjE680_rP7n_I/getUpdates "HTTP/1.1 200 OK"
2026-05-09 04:01:07,460 - telegram.ext.Updater - ERROR - Error while getting Updates: httpx.ReadError: 
2026-05-09 04:01:07,461 - telegram.ext.Application - ERROR - No error handlers are registered, logging exception.
Traceback (most recent call last):
  File "C:\Users\Sh1ndyS\AppData\Local\Programs\Python\Python311\Lib\site-packages\httpx\_transports\default.py", line 101, in map_httpcore_exceptions
    yield
  File "C:\Users\Sh1ndyS\AppData\Local\Programs\Python\Python311\Lib\site-packages\httpx\_transports\default.py", line 394, in handle_async_request
    resp = await self._pool.handle_async_request(req)
           ^^^^^^^^^^^^^^^^^^^^^^^^^^^^^^^^^^^^^^^^^^
  File "C:\Users\Sh1ndyS\AppData\Local\Programs\Python\Python311\Lib\site-packages\httpcore\_async\connection_pool.py", line 256, in handle_async_request
    raise exc from None
  File "C:\Users\Sh1ndyS\AppData\Local\Programs\Python\Python311\Lib\site-packages\httpcore\_async\connection_pool.py", line 236, in handle_async_request
    response = await connection.handle_async_request(
               ^^^^^^^^^^^^^^^^^^^^^^^^^^^^^^^^^^^^^^
  File "C:\Users\Sh1ndyS\AppData\Local\Programs\Python\Python311\Lib\site-packages\httpcore\_async\http_proxy.py", line 343, in handle_async_request
    return await self._connection.handle_async_request(request)
           ^^^^^^^^^^^^^^^^^^^^^^^^^^^^^^^^^^^^^^^^^^^^^^^^^^^^
  File "C:\Users\Sh1ndyS\AppData\Local\Programs\Python\Python311\Lib\site-packages\httpcore\_async\http11.py", line 136, in handle_async_request
    raise exc
  File "C:\Users\Sh1ndyS\AppData\Local\Programs\Python\Python311\Lib\site-packages\httpcore\_async\http11.py", line 106, in handle_async_request
    ) = await self._receive_response_headers(**kwargs)
        ^^^^^^^^^^^^^^^^^^^^^^^^^^^^^^^^^^^^^^^^^^^^^^
  File "C:\Users\Sh1ndyS\AppData\Local\Programs\Python\Python311\Lib\site-packages\httpcore\_async\http11.py", line 177, in _receive_response_headers
    event = await self._receive_event(timeout=timeout)
            ^^^^^^^^^^^^^^^^^^^^^^^^^^^^^^^^^^^^^^^^^^
  File "C:\Users\Sh1ndyS\AppData\Local\Programs\Python\Python311\Lib\site-packages\httpcore\_async\http11.py", line 217, in _receive_event
    data = await self._network_stream.read(
           ^^^^^^^^^^^^^^^^^^^^^^^^^^^^^^^^
  File "C:\Users\Sh1ndyS\AppData\Local\Programs\Python\Python311\Lib\site-packages\httpcore\_backends\anyio.py", line 32, in read
    with map_exceptions(exc_map):
  File "C:\Users\Sh1ndyS\AppData\Local\Programs\Python\Python311\Lib\contextlib.py", line 158, in __exit__
    self.gen.throw(typ, value, traceback)
  File "C:\Users\Sh1ndyS\AppData\Local\Programs\Python\Python311\Lib\site-packages\httpcore\_exceptions.py", line 14, in map_exceptions
    raise to_exc(exc) from exc
httpcore.ReadError

The above exception was the direct cause of the following exception:

Traceback (most recent call last):
  File "C:\Users\Sh1ndyS\AppData\Local\Programs\Python\Python311\Lib\site-packages\telegram\request\_httpxrequest.py", line 276, in do_request
    res = await self._client.request(
          ^^^^^^^^^^^^^^^^^^^^^^^^^^^
  File "C:\Users\Sh1ndyS\AppData\Local\Programs\Python\Python311\Lib\site-packages\httpx\_client.py", line 1540, in request
    return await self.send(request, auth=auth, follow_redirects=follow_redirects)
           ^^^^^^^^^^^^^^^^^^^^^^^^^^^^^^^^^^^^^^^^^^^^^^^^^^^^^^^^^^^^^^^^^^^^^^
  File "C:\Users\Sh1ndyS\AppData\Local\Programs\Python\Python311\Lib\site-packages\httpx\_client.py", line 1629, in send
    response = await self._send_handling_auth(
               ^^^^^^^^^^^^^^^^^^^^^^^^^^^^^^^
  File "C:\Users\Sh1ndyS\AppData\Local\Programs\Python\Python311\Lib\site-packages\httpx\_client.py", line 1657, in _send_handling_auth
    response = await self._send_handling_redirects(
               ^^^^^^^^^^^^^^^^^^^^^^^^^^^^^^^^^^^^
  File "C:\Users\Sh1ndyS\AppData\Local\Programs\Python\Python311\Lib\site-packages\httpx\_client.py", line 1694, in _send_handling_redirects
    response = await self._send_single_request(request)
               ^^^^^^^^^^^^^^^^^^^^^^^^^^^^^^^^^^^^^^^^
  File "C:\Users\Sh1ndyS\AppData\Local\Programs\Python\Python311\Lib\site-packages\httpx\_client.py", line 1730, in _send_single_request
    response = await transport.handle_async_request(request)
               ^^^^^^^^^^^^^^^^^^^^^^^^^^^^^^^^^^^^^^^^^^^^^
  File "C:\Users\Sh1ndyS\AppData\Local\Programs\Python\Python311\Lib\site-packages\httpx\_transports\default.py", line 393, in handle_async_request
    with map_httpcore_exceptions():
  File "C:\Users\Sh1ndyS\AppData\Local\Programs\Python\Python311\Lib\contextlib.py", line 158, in __exit__
    self.gen.throw(typ, value, traceback)
  File "C:\Users\Sh1ndyS\AppData\Local\Programs\Python\Python311\Lib\site-packages\httpx\_transports\default.py", line 118, in map_httpcore_exceptions
    raise mapped_exc(message) from exc
httpx.ReadError

The above exception was the direct cause of the following exception:

Traceback (most recent call last):
  File "C:\Users\Sh1ndyS\AppData\Local\Programs\Python\Python311\Lib\site-packages\telegram\ext\_updater.py", line 755, in _network_loop_retry
    if not await do_action():
           ^^^^^^^^^^^^^^^^^
  File "C:\Users\Sh1ndyS\AppData\Local\Programs\Python\Python311\Lib\site-packages\telegram\ext\_updater.py", line 749, in do_action
    return action_cb_task.result()
           ^^^^^^^^^^^^^^^^^^^^^^^
  File "C:\Users\Sh1ndyS\AppData\Local\Programs\Python\Python311\Lib\site-packages\telegram\ext\_updater.py", line 389, in polling_action_cb
    raise exc
  File "C:\Users\Sh1ndyS\AppData\Local\Programs\Python\Python311\Lib\site-packages\telegram\ext\_updater.py", line 378, in polling_action_cb
    updates = await self.bot.get_updates(
              ^^^^^^^^^^^^^^^^^^^^^^^^^^^
  File "C:\Users\Sh1ndyS\AppData\Local\Programs\Python\Python311\Lib\site-packages\telegram\ext\_extbot.py", line 647, in get_updates
    updates = await super().get_updates(
              ^^^^^^^^^^^^^^^^^^^^^^^^^^
  File "C:\Users\Sh1ndyS\AppData\Local\Programs\Python\Python311\Lib\site-packages\telegram\_bot.py", line 4326, in get_updates
    await self._post(
  File "C:\Users\Sh1ndyS\AppData\Local\Programs\Python\Python311\Lib\site-packages\telegram\_bot.py", line 618, in _post
    return await self._do_post(
           ^^^^^^^^^^^^^^^^^^^^
  File "C:\Users\Sh1ndyS\AppData\Local\Programs\Python\Python311\Lib\site-packages\telegram\ext\_extbot.py", line 353, in _do_post
    return await super()._do_post(
           ^^^^^^^^^^^^^^^^^^^^^^^
  File "C:\Users\Sh1ndyS\AppData\Local\Programs\Python\Python311\Lib\site-packages\telegram\_bot.py", line 647, in _do_post
    result = await request.post(
             ^^^^^^^^^^^^^^^^^^^
  File "C:\Users\Sh1ndyS\AppData\Local\Programs\Python\Python311\Lib\site-packages\telegram\request\_baserequest.py", line 200, in post
    result = await self._request_wrapper(
             ^^^^^^^^^^^^^^^^^^^^^^^^^^^^
  File "C:\Users\Sh1ndyS\AppData\Local\Programs\Python\Python311\Lib\site-packages\telegram\request\_baserequest.py", line 342, in _request_wrapper
    raise exc
  File "C:\Users\Sh1ndyS\AppData\Local\Programs\Python\Python311\Lib\site-packages\telegram\request\_baserequest.py", line 332, in _request_wrapper
    code, payload = await self.do_request(
                    ^^^^^^^^^^^^^^^^^^^^^^
  File "C:\Users\Sh1ndyS\AppData\Local\Programs\Python\Python311\Lib\site-packages\telegram\request\_httpxrequest.py", line 300, in do_request
    raise NetworkError(f"httpx.{err.__class__.__name__}: {err}") from err
telegram.error.NetworkError: httpx.ReadError: 
2026-05-09 04:01:10,516 - telegram.ext.Updater - ERROR - Error while getting Updates: httpx.ConnectError: All connection attempts failed
2026-05-09 04:01:10,517 - telegram.ext.Application - ERROR - No error handlers are registered, logging exception.
Traceback (most recent call last):
  File "C:\Users\Sh1ndyS\AppData\Local\Programs\Python\Python311\Lib\site-packages\httpx\_transports\default.py", line 101, in map_httpcore_exceptions
    yield
  File "C:\Users\Sh1ndyS\AppData\Local\Programs\Python\Python311\Lib\site-packages\httpx\_transports\default.py", line 394, in handle_async_request
    resp = await self._pool.handle_async_request(req)
           ^^^^^^^^^^^^^^^^^^^^^^^^^^^^^^^^^^^^^^^^^^
  File "C:\Users\Sh1ndyS\AppData\Local\Programs\Python\Python311\Lib\site-packages\httpcore\_async\connection_pool.py", line 256, in handle_async_request
    raise exc from None
  File "C:\Users\Sh1ndyS\AppData\Local\Programs\Python\Python311\Lib\site-packages\httpcore\_async\connection_pool.py", line 236, in handle_async_request
    response = await connection.handle_async_request(
               ^^^^^^^^^^^^^^^^^^^^^^^^^^^^^^^^^^^^^^
  File "C:\Users\Sh1ndyS\AppData\Local\Programs\Python\Python311\Lib\site-packages\httpcore\_async\http_proxy.py", line 288, in handle_async_request
    connect_response = await self._connection.handle_async_request(
                       ^^^^^^^^^^^^^^^^^^^^^^^^^^^^^^^^^^^^^^^^^^^^
  File "C:\Users\Sh1ndyS\AppData\Local\Programs\Python\Python311\Lib\site-packages\httpcore\_async\connection.py", line 101, in handle_async_request
    raise exc
  File "C:\Users\Sh1ndyS\AppData\Local\Programs\Python\Python311\Lib\site-packages\httpcore\_async\connection.py", line 78, in handle_async_request
    stream = await self._connect(request)
             ^^^^^^^^^^^^^^^^^^^^^^^^^^^^
  File "C:\Users\Sh1ndyS\AppData\Local\Programs\Python\Python311\Lib\site-packages\httpcore\_async\connection.py", line 124, in _connect
    stream = await self._network_backend.connect_tcp(**kwargs)
             ^^^^^^^^^^^^^^^^^^^^^^^^^^^^^^^^^^^^^^^^^^^^^^^^^
  File "C:\Users\Sh1ndyS\AppData\Local\Programs\Python\Python311\Lib\site-packages\httpcore\_backends\auto.py", line 31, in connect_tcp
    return await self._backend.connect_tcp(
           ^^^^^^^^^^^^^^^^^^^^^^^^^^^^^^^^
  File "C:\Users\Sh1ndyS\AppData\Local\Programs\Python\Python311\Lib\site-packages\httpcore\_backends\anyio.py", line 113, in connect_tcp
    with map_exceptions(exc_map):
  File "C:\Users\Sh1ndyS\AppData\Local\Programs\Python\Python311\Lib\contextlib.py", line 158, in __exit__
    self.gen.throw(typ, value, traceback)
  File "C:\Users\Sh1ndyS\AppData\Local\Programs\Python\Python311\Lib\site-packages\httpcore\_exceptions.py", line 14, in map_exceptions
    raise to_exc(exc) from exc
httpcore.ConnectError: All connection attempts failed

The above exception was the direct cause of the following exception:

Traceback (most recent call last):
  File "C:\Users\Sh1ndyS\AppData\Local\Programs\Python\Python311\Lib\site-packages\telegram\request\_httpxrequest.py", line 276, in do_request
    res = await self._client.request(
          ^^^^^^^^^^^^^^^^^^^^^^^^^^^
  File "C:\Users\Sh1ndyS\AppData\Local\Programs\Python\Python311\Lib\site-packages\httpx\_client.py", line 1540, in request
    return await self.send(request, auth=auth, follow_redirects=follow_redirects)
           ^^^^^^^^^^^^^^^^^^^^^^^^^^^^^^^^^^^^^^^^^^^^^^^^^^^^^^^^^^^^^^^^^^^^^^
  File "C:\Users\Sh1ndyS\AppData\Local\Programs\Python\Python311\Lib\site-packages\httpx\_client.py", line 1629, in send
    response = await self._send_handling_auth(
               ^^^^^^^^^^^^^^^^^^^^^^^^^^^^^^^
  File "C:\Users\Sh1ndyS\AppData\Local\Programs\Python\Python311\Lib\site-packages\httpx\_client.py", line 1657, in _send_handling_auth
    response = await self._send_handling_redirects(
               ^^^^^^^^^^^^^^^^^^^^^^^^^^^^^^^^^^^^
  File "C:\Users\Sh1ndyS\AppData\Local\Programs\Python\Python311\Lib\site-packages\httpx\_client.py", line 1694, in _send_handling_redirects
    response = await self._send_single_request(request)
               ^^^^^^^^^^^^^^^^^^^^^^^^^^^^^^^^^^^^^^^^
  File "C:\Users\Sh1ndyS\AppData\Local\Programs\Python\Python311\Lib\site-packages\httpx\_client.py", line 1730, in _send_single_request
    response = await transport.handle_async_request(request)
               ^^^^^^^^^^^^^^^^^^^^^^^^^^^^^^^^^^^^^^^^^^^^^
  File "C:\Users\Sh1ndyS\AppData\Local\Programs\Python\Python311\Lib\site-packages\httpx\_transports\default.py", line 393, in handle_async_request
    with map_httpcore_exceptions():
  File "C:\Users\Sh1ndyS\AppData\Local\Programs\Python\Python311\Lib\contextlib.py", line 158, in __exit__
    self.gen.throw(typ, value, traceback)
  File "C:\Users\Sh1ndyS\AppData\Local\Programs\Python\Python311\Lib\site-packages\httpx\_transports\default.py", line 118, in map_httpcore_exceptions
    raise mapped_exc(message) from exc
httpx.ConnectError: All connection attempts failed

The above exception was the direct cause of the following exception:

Traceback (most recent call last):
  File "C:\Users\Sh1ndyS\AppData\Local\Programs\Python\Python311\Lib\site-packages\telegram\ext\_updater.py", line 755, in _network_loop_retry
    if not await do_action():
           ^^^^^^^^^^^^^^^^^
  File "C:\Users\Sh1ndyS\AppData\Local\Programs\Python\Python311\Lib\site-packages\telegram\ext\_updater.py", line 749, in do_action
    return action_cb_task.result()
           ^^^^^^^^^^^^^^^^^^^^^^^
  File "C:\Users\Sh1ndyS\AppData\Local\Programs\Python\Python311\Lib\site-packages\telegram\ext\_updater.py", line 389, in polling_action_cb
    raise exc
  File "C:\Users\Sh1ndyS\AppData\Local\Programs\Python\Python311\Lib\site-packages\telegram\ext\_updater.py", line 378, in polling_action_cb
    updates = await self.bot.get_updates(
              ^^^^^^^^^^^^^^^^^^^^^^^^^^^
  File "C:\Users\Sh1ndyS\AppData\Local\Programs\Python\Python311\Lib\site-packages\telegram\ext\_extbot.py", line 647, in get_updates
    updates = await super().get_updates(
              ^^^^^^^^^^^^^^^^^^^^^^^^^^
  File "C:\Users\Sh1ndyS\AppData\Local\Programs\Python\Python311\Lib\site-packages\telegram\_bot.py", line 4326, in get_updates
    await self._post(
  File "C:\Users\Sh1ndyS\AppData\Local\Programs\Python\Python311\Lib\site-packages\telegram\_bot.py", line 618, in _post
    return await self._do_post(
           ^^^^^^^^^^^^^^^^^^^^
  File "C:\Users\Sh1ndyS\AppData\Local\Programs\Python\Python311\Lib\site-packages\telegram\ext\_extbot.py", line 353, in _do_post
    return await super()._do_post(
           ^^^^^^^^^^^^^^^^^^^^^^^
  File "C:\Users\Sh1ndyS\AppData\Local\Programs\Python\Python311\Lib\site-packages\telegram\_bot.py", line 647, in _do_post
    result = await request.post(
             ^^^^^^^^^^^^^^^^^^^
  File "C:\Users\Sh1ndyS\AppData\Local\Programs\Python\Python311\Lib\site-packages\telegram\request\_baserequest.py", line 200, in post
    result = await self._request_wrapper(
             ^^^^^^^^^^^^^^^^^^^^^^^^^^^^
  File "C:\Users\Sh1ndyS\AppData\Local\Programs\Python\Python311\Lib\site-packages\telegram\request\_baserequest.py", line 342, in _request_wrapper
    raise exc
  File "C:\Users\Sh1ndyS\AppData\Local\Programs\Python\Python311\Lib\site-packages\telegram\request\_baserequest.py", line 332, in _request_wrapper
    code, payload = await self.do_request(
                    ^^^^^^^^^^^^^^^^^^^^^^
  File "C:\Users\Sh1ndyS\AppData\Local\Programs\Python\Python311\Lib\site-packages\telegram\request\_httpxrequest.py", line 300, in do_request
    raise NetworkError(f"httpx.{err.__class__.__name__}: {err}") from err
telegram.error.NetworkError: httpx.ConnectError: All connection attempts failed
2026-05-09 04:01:14,067 - telegram.ext.Updater - ERROR - Error while getting Updates: httpx.ConnectError: All connection attempts failed
2026-05-09 04:01:14,068 - telegram.ext.Application - ERROR - No error handlers are registered, logging exception.
Traceback (most recent call last):
  File "C:\Users\Sh1ndyS\AppData\Local\Programs\Python\Python311\Lib\site-packages\httpx\_transports\default.py", line 101, in map_httpcore_exceptions
    yield
  File "C:\Users\Sh1ndyS\AppData\Local\Programs\Python\Python311\Lib\site-packages\httpx\_transports\default.py", line 394, in handle_async_request
    resp = await self._pool.handle_async_request(req)
           ^^^^^^^^^^^^^^^^^^^^^^^^^^^^^^^^^^^^^^^^^^
  File "C:\Users\Sh1ndyS\AppData\Local\Programs\Python\Python311\Lib\site-packages\httpcore\_async\connection_pool.py", line 256, in handle_async_request
    raise exc from None
  File "C:\Users\Sh1ndyS\AppData\Local\Programs\Python\Python311\Lib\site-packages\httpcore\_async\connection_pool.py", line 236, in handle_async_request
    response = await connection.handle_async_request(
               ^^^^^^^^^^^^^^^^^^^^^^^^^^^^^^^^^^^^^^
  File "C:\Users\Sh1ndyS\AppData\Local\Programs\Python\Python311\Lib\site-packages\httpcore\_async\http_proxy.py", line 288, in handle_async_request
    connect_response = await self._connection.handle_async_request(
                       ^^^^^^^^^^^^^^^^^^^^^^^^^^^^^^^^^^^^^^^^^^^^
  File "C:\Users\Sh1ndyS\AppData\Local\Programs\Python\Python311\Lib\site-packages\httpcore\_async\connection.py", line 101, in handle_async_request
    raise exc
  File "C:\Users\Sh1ndyS\AppData\Local\Programs\Python\Python311\Lib\site-packages\httpcore\_async\connection.py", line 78, in handle_async_request
    stream = await self._connect(request)
             ^^^^^^^^^^^^^^^^^^^^^^^^^^^^
  File "C:\Users\Sh1ndyS\AppData\Local\Programs\Python\Python311\Lib\site-packages\httpcore\_async\connection.py", line 124, in _connect
    stream = await self._network_backend.connect_tcp(**kwargs)
             ^^^^^^^^^^^^^^^^^^^^^^^^^^^^^^^^^^^^^^^^^^^^^^^^^
  File "C:\Users\Sh1ndyS\AppData\Local\Programs\Python\Python311\Lib\site-packages\httpcore\_backends\auto.py", line 31, in connect_tcp
    return await self._backend.connect_tcp(
           ^^^^^^^^^^^^^^^^^^^^^^^^^^^^^^^^
  File "C:\Users\Sh1ndyS\AppData\Local\Programs\Python\Python311\Lib\site-packages\httpcore\_backends\anyio.py", line 113, in connect_tcp
    with map_exceptions(exc_map):
  File "C:\Users\Sh1ndyS\AppData\Local\Programs\Python\Python311\Lib\contextlib.py", line 158, in __exit__
    self.gen.throw(typ, value, traceback)
  File "C:\Users\Sh1ndyS\AppData\Local\Programs\Python\Python311\Lib\site-packages\httpcore\_exceptions.py", line 14, in map_exceptions
    raise to_exc(exc) from exc
httpcore.ConnectError: All connection attempts failed

The above exception was the direct cause of the following exception:

Traceback (most recent call last):
  File "C:\Users\Sh1ndyS\AppData\Local\Programs\Python\Python311\Lib\site-packages\telegram\request\_httpxrequest.py", line 276, in do_request
    res = await self._client.request(
          ^^^^^^^^^^^^^^^^^^^^^^^^^^^
  File "C:\Users\Sh1ndyS\AppData\Local\Programs\Python\Python311\Lib\site-packages\httpx\_client.py", line 1540, in request
    return await self.send(request, auth=auth, follow_redirects=follow_redirects)
           ^^^^^^^^^^^^^^^^^^^^^^^^^^^^^^^^^^^^^^^^^^^^^^^^^^^^^^^^^^^^^^^^^^^^^^
  File "C:\Users\Sh1ndyS\AppData\Local\Programs\Python\Python311\Lib\site-packages\httpx\_client.py", line 1629, in send
    response = await self._send_handling_auth(
               ^^^^^^^^^^^^^^^^^^^^^^^^^^^^^^^
  File "C:\Users\Sh1ndyS\AppData\Local\Programs\Python\Python311\Lib\site-packages\httpx\_client.py", line 1657, in _send_handling_auth
    response = await self._send_handling_redirects(
               ^^^^^^^^^^^^^^^^^^^^^^^^^^^^^^^^^^^^
  File "C:\Users\Sh1ndyS\AppData\Local\Programs\Python\Python311\Lib\site-packages\httpx\_client.py", line 1694, in _send_handling_redirects
    response = await self._send_single_request(request)
               ^^^^^^^^^^^^^^^^^^^^^^^^^^^^^^^^^^^^^^^^
  File "C:\Users\Sh1ndyS\AppData\Local\Programs\Python\Python311\Lib\site-packages\httpx\_client.py", line 1730, in _send_single_request
    response = await transport.handle_async_request(request)
               ^^^^^^^^^^^^^^^^^^^^^^^^^^^^^^^^^^^^^^^^^^^^^
  File "C:\Users\Sh1ndyS\AppData\Local\Programs\Python\Python311\Lib\site-packages\httpx\_transports\default.py", line 393, in handle_async_request
    with map_httpcore_exceptions():
  File "C:\Users\Sh1ndyS\AppData\Local\Programs\Python\Python311\Lib\contextlib.py", line 158, in __exit__
    self.gen.throw(typ, value, traceback)
  File "C:\Users\Sh1ndyS\AppData\Local\Programs\Python\Python311\Lib\site-packages\httpx\_transports\default.py", line 118, in map_httpcore_exceptions
    raise mapped_exc(message) from exc
httpx.ConnectError: All connection attempts failed

The above exception was the direct cause of the following exception:

Traceback (most recent call last):
  File "C:\Users\Sh1ndyS\AppData\Local\Programs\Python\Python311\Lib\site-packages\telegram\ext\_updater.py", line 755, in _network_loop_retry
    if not await do_action():
           ^^^^^^^^^^^^^^^^^
  File "C:\Users\Sh1ndyS\AppData\Local\Programs\Python\Python311\Lib\site-packages\telegram\ext\_updater.py", line 749, in do_action
    return action_cb_task.result()
           ^^^^^^^^^^^^^^^^^^^^^^^
  File "C:\Users\Sh1ndyS\AppData\Local\Programs\Python\Python311\Lib\site-packages\telegram\ext\_updater.py", line 389, in polling_action_cb
    raise exc
  File "C:\Users\Sh1ndyS\AppData\Local\Programs\Python\Python311\Lib\site-packages\telegram\ext\_updater.py", line 378, in polling_action_cb
    updates = await self.bot.get_updates(
              ^^^^^^^^^^^^^^^^^^^^^^^^^^^
  File "C:\Users\Sh1ndyS\AppData\Local\Programs\Python\Python311\Lib\site-packages\telegram\ext\_extbot.py", line 647, in get_updates
    updates = await super().get_updates(
              ^^^^^^^^^^^^^^^^^^^^^^^^^^
  File "C:\Users\Sh1ndyS\AppData\Local\Programs\Python\Python311\Lib\site-packages\telegram\_bot.py", line 4326, in get_updates
    await self._post(
  File "C:\Users\Sh1ndyS\AppData\Local\Programs\Python\Python311\Lib\site-packages\telegram\_bot.py", line 618, in _post
    return await self._do_post(
           ^^^^^^^^^^^^^^^^^^^^
  File "C:\Users\Sh1ndyS\AppData\Local\Programs\Python\Python311\Lib\site-packages\telegram\ext\_extbot.py", line 353, in _do_post
    return await super()._do_post(
           ^^^^^^^^^^^^^^^^^^^^^^^
  File "C:\Users\Sh1ndyS\AppData\Local\Programs\Python\Python311\Lib\site-packages\telegram\_bot.py", line 647, in _do_post
    result = await request.post(
             ^^^^^^^^^^^^^^^^^^^
  File "C:\Users\Sh1ndyS\AppData\Local\Programs\Python\Python311\Lib\site-packages\telegram\request\_baserequest.py", line 200, in post
    result = await self._request_wrapper(
             ^^^^^^^^^^^^^^^^^^^^^^^^^^^^
  File "C:\Users\Sh1ndyS\AppData\Local\Programs\Python\Python311\Lib\site-packages\telegram\request\_baserequest.py", line 342, in _request_wrapper
    raise exc
  File "C:\Users\Sh1ndyS\AppData\Local\Programs\Python\Python311\Lib\site-packages\telegram\request\_baserequest.py", line 332, in _request_wrapper
    code, payload = await self.do_request(
                    ^^^^^^^^^^^^^^^^^^^^^^
  File "C:\Users\Sh1ndyS\AppData\Local\Programs\Python\Python311\Lib\site-packages\telegram\request\_httpxrequest.py", line 300, in do_request
    raise NetworkError(f"httpx.{err.__class__.__name__}: {err}") from err
telegram.error.NetworkError: httpx.ConnectError: All connection attempts failed
2026-05-09 04:01:18,358 - telegram.ext.Updater - ERROR - Error while getting Updates: httpx.ConnectError: All connection attempts failed
2026-05-09 04:01:18,358 - telegram.ext.Application - ERROR - No error handlers are registered, logging exception.
Traceback (most recent call last):
  File "C:\Users\Sh1ndyS\AppData\Local\Programs\Python\Python311\Lib\site-packages\httpx\_transports\default.py", line 101, in map_httpcore_exceptions
    yield
  File "C:\Users\Sh1ndyS\AppData\Local\Programs\Python\Python311\Lib\site-packages\httpx\_transports\default.py", line 394, in handle_async_request
    resp = await self._pool.handle_async_request(req)
           ^^^^^^^^^^^^^^^^^^^^^^^^^^^^^^^^^^^^^^^^^^
  File "C:\Users\Sh1ndyS\AppData\Local\Programs\Python\Python311\Lib\site-packages\httpcore\_async\connection_pool.py", line 256, in handle_async_request
    raise exc from None
  File "C:\Users\Sh1ndyS\AppData\Local\Programs\Python\Python311\Lib\site-packages\httpcore\_async\connection_pool.py", line 236, in handle_async_request
    response = await connection.handle_async_request(
               ^^^^^^^^^^^^^^^^^^^^^^^^^^^^^^^^^^^^^^
  File "C:\Users\Sh1ndyS\AppData\Local\Programs\Python\Python311\Lib\site-packages\httpcore\_async\http_proxy.py", line 288, in handle_async_request
    connect_response = await self._connection.handle_async_request(
                       ^^^^^^^^^^^^^^^^^^^^^^^^^^^^^^^^^^^^^^^^^^^^
  File "C:\Users\Sh1ndyS\AppData\Local\Programs\Python\Python311\Lib\site-packages\httpcore\_async\connection.py", line 101, in handle_async_request
    raise exc
  File "C:\Users\Sh1ndyS\AppData\Local\Programs\Python\Python311\Lib\site-packages\httpcore\_async\connection.py", line 78, in handle_async_request
    stream = await self._connect(request)
             ^^^^^^^^^^^^^^^^^^^^^^^^^^^^
  File "C:\Users\Sh1ndyS\AppData\Local\Programs\Python\Python311\Lib\site-packages\httpcore\_async\connection.py", line 124, in _connect
    stream = await self._network_backend.connect_tcp(**kwargs)
             ^^^^^^^^^^^^^^^^^^^^^^^^^^^^^^^^^^^^^^^^^^^^^^^^^
  File "C:\Users\Sh1ndyS\AppData\Local\Programs\Python\Python311\Lib\site-packages\httpcore\_backends\auto.py", line 31, in connect_tcp
    return await self._backend.connect_tcp(
           ^^^^^^^^^^^^^^^^^^^^^^^^^^^^^^^^
  File "C:\Users\Sh1ndyS\AppData\Local\Programs\Python\Python311\Lib\site-packages\httpcore\_backends\anyio.py", line 113, in connect_tcp
    with map_exceptions(exc_map):
  File "C:\Users\Sh1ndyS\AppData\Local\Programs\Python\Python311\Lib\contextlib.py", line 158, in __exit__
    self.gen.throw(typ, value, traceback)
  File "C:\Users\Sh1ndyS\AppData\Local\Programs\Python\Python311\Lib\site-packages\httpcore\_exceptions.py", line 14, in map_exceptions
    raise to_exc(exc) from exc
httpcore.ConnectError: All connection attempts failed

The above exception was the direct cause of the following exception:

Traceback (most recent call last):
  File "C:\Users\Sh1ndyS\AppData\Local\Programs\Python\Python311\Lib\site-packages\telegram\request\_httpxrequest.py", line 276, in do_request
    res = await self._client.request(
          ^^^^^^^^^^^^^^^^^^^^^^^^^^^
  File "C:\Users\Sh1ndyS\AppData\Local\Programs\Python\Python311\Lib\site-packages\httpx\_client.py", line 1540, in request
    return await self.send(request, auth=auth, follow_redirects=follow_redirects)
           ^^^^^^^^^^^^^^^^^^^^^^^^^^^^^^^^^^^^^^^^^^^^^^^^^^^^^^^^^^^^^^^^^^^^^^
  File "C:\Users\Sh1ndyS\AppData\Local\Programs\Python\Python311\Lib\site-packages\httpx\_client.py", line 1629, in send
    response = await self._send_handling_auth(
               ^^^^^^^^^^^^^^^^^^^^^^^^^^^^^^^
  File "C:\Users\Sh1ndyS\AppData\Local\Programs\Python\Python311\Lib\site-packages\httpx\_client.py", line 1657, in _send_handling_auth
    response = await self._send_handling_redirects(
               ^^^^^^^^^^^^^^^^^^^^^^^^^^^^^^^^^^^^
  File "C:\Users\Sh1ndyS\AppData\Local\Programs\Python\Python311\Lib\site-packages\httpx\_client.py", line 1694, in _send_handling_redirects
    response = await self._send_single_request(request)
               ^^^^^^^^^^^^^^^^^^^^^^^^^^^^^^^^^^^^^^^^
  File "C:\Users\Sh1ndyS\AppData\Local\Programs\Python\Python311\Lib\site-packages\httpx\_client.py", line 1730, in _send_single_request
    response = await transport.handle_async_request(request)
               ^^^^^^^^^^^^^^^^^^^^^^^^^^^^^^^^^^^^^^^^^^^^^
  File "C:\Users\Sh1ndyS\AppData\Local\Programs\Python\Python311\Lib\site-packages\httpx\_transports\default.py", line 393, in handle_async_request
    with map_httpcore_exceptions():
  File "C:\Users\Sh1ndyS\AppData\Local\Programs\Python\Python311\Lib\contextlib.py", line 158, in __exit__
    self.gen.throw(typ, value, traceback)
  File "C:\Users\Sh1ndyS\AppData\Local\Programs\Python\Python311\Lib\site-packages\httpx\_transports\default.py", line 118, in map_httpcore_exceptions
    raise mapped_exc(message) from exc
httpx.ConnectError: All connection attempts failed

The above exception was the direct cause of the following exception:

Traceback (most recent call last):
  File "C:\Users\Sh1ndyS\AppData\Local\Programs\Python\Python311\Lib\site-packages\telegram\ext\_updater.py", line 755, in _network_loop_retry
    if not await do_action():
           ^^^^^^^^^^^^^^^^^
  File "C:\Users\Sh1ndyS\AppData\Local\Programs\Python\Python311\Lib\site-packages\telegram\ext\_updater.py", line 749, in do_action
    return action_cb_task.result()
           ^^^^^^^^^^^^^^^^^^^^^^^
  File "C:\Users\Sh1ndyS\AppData\Local\Programs\Python\Python311\Lib\site-packages\telegram\ext\_updater.py", line 389, in polling_action_cb
    raise exc
  File "C:\Users\Sh1ndyS\AppData\Local\Programs\Python\Python311\Lib\site-packages\telegram\ext\_updater.py", line 378, in polling_action_cb
    updates = await self.bot.get_updates(
              ^^^^^^^^^^^^^^^^^^^^^^^^^^^
  File "C:\Users\Sh1ndyS\AppData\Local\Programs\Python\Python311\Lib\site-packages\telegram\ext\_extbot.py", line 647, in get_updates
    updates = await super().get_updates(
              ^^^^^^^^^^^^^^^^^^^^^^^^^^
  File "C:\Users\Sh1ndyS\AppData\Local\Programs\Python\Python311\Lib\site-packages\telegram\_bot.py", line 4326, in get_updates
    await self._post(
  File "C:\Users\Sh1ndyS\AppData\Local\Programs\Python\Python311\Lib\site-packages\telegram\_bot.py", line 618, in _post
    return await self._do_post(
           ^^^^^^^^^^^^^^^^^^^^
  File "C:\Users\Sh1ndyS\AppData\Local\Programs\Python\Python311\Lib\site-packages\telegram\ext\_extbot.py", line 353, in _do_post
    return await super()._do_post(
           ^^^^^^^^^^^^^^^^^^^^^^^
  File "C:\Users\Sh1ndyS\AppData\Local\Programs\Python\Python311\Lib\site-packages\telegram\_bot.py", line 647, in _do_post
    result = await request.post(
             ^^^^^^^^^^^^^^^^^^^
  File "C:\Users\Sh1ndyS\AppData\Local\Programs\Python\Python311\Lib\site-packages\telegram\request\_baserequest.py", line 200, in post
    result = await self._request_wrapper(
             ^^^^^^^^^^^^^^^^^^^^^^^^^^^^
  File "C:\Users\Sh1ndyS\AppData\Local\Programs\Python\Python311\Lib\site-packages\telegram\request\_baserequest.py", line 342, in _request_wrapper
    raise exc
  File "C:\Users\Sh1ndyS\AppData\Local\Programs\Python\Python311\Lib\site-packages\telegram\request\_baserequest.py", line 332, in _request_wrapper
    code, payload = await self.do_request(
                    ^^^^^^^^^^^^^^^^^^^^^^
  File "C:\Users\Sh1ndyS\AppData\Local\Programs\Python\Python311\Lib\site-packages\telegram\request\_httpxrequest.py", line 300, in do_request
    raise NetworkError(f"httpx.{err.__class__.__name__}: {err}") from err
telegram.error.NetworkError: httpx.ConnectError: All connection attempts failed
2026-05-09 04:01:23,742 - telegram.ext.Updater - ERROR - Error while getting Updates: httpx.ConnectError: All connection attempts failed
2026-05-09 04:01:23,743 - telegram.ext.Application - ERROR - No error handlers are registered, logging exception.
Traceback (most recent call last):
  File "C:\Users\Sh1ndyS\AppData\Local\Programs\Python\Python311\Lib\site-packages\httpx\_transports\default.py", line 101, in map_httpcore_exceptions
    yield
  File "C:\Users\Sh1ndyS\AppData\Local\Programs\Python\Python311\Lib\site-packages\httpx\_transports\default.py", line 394, in handle_async_request
    resp = await self._pool.handle_async_request(req)
           ^^^^^^^^^^^^^^^^^^^^^^^^^^^^^^^^^^^^^^^^^^
  File "C:\Users\Sh1ndyS\AppData\Local\Programs\Python\Python311\Lib\site-packages\httpcore\_async\connection_pool.py", line 256, in handle_async_request
    raise exc from None
  File "C:\Users\Sh1ndyS\AppData\Local\Programs\Python\Python311\Lib\site-packages\httpcore\_async\connection_pool.py", line 236, in handle_async_request
    response = await connection.handle_async_request(
               ^^^^^^^^^^^^^^^^^^^^^^^^^^^^^^^^^^^^^^
  File "C:\Users\Sh1ndyS\AppData\Local\Programs\Python\Python311\Lib\site-packages\httpcore\_async\http_proxy.py", line 288, in handle_async_request
    connect_response = await self._connection.handle_async_request(
                       ^^^^^^^^^^^^^^^^^^^^^^^^^^^^^^^^^^^^^^^^^^^^
  File "C:\Users\Sh1ndyS\AppData\Local\Programs\Python\Python311\Lib\site-packages\httpcore\_async\connection.py", line 101, in handle_async_request
    raise exc
  File "C:\Users\Sh1ndyS\AppData\Local\Programs\Python\Python311\Lib\site-packages\httpcore\_async\connection.py", line 78, in handle_async_request
    stream = await self._connect(request)
             ^^^^^^^^^^^^^^^^^^^^^^^^^^^^
  File "C:\Users\Sh1ndyS\AppData\Local\Programs\Python\Python311\Lib\site-packages\httpcore\_async\connection.py", line 124, in _connect
    stream = await self._network_backend.connect_tcp(**kwargs)
             ^^^^^^^^^^^^^^^^^^^^^^^^^^^^^^^^^^^^^^^^^^^^^^^^^
  File "C:\Users\Sh1ndyS\AppData\Local\Programs\Python\Python311\Lib\site-packages\httpcore\_backends\auto.py", line 31, in connect_tcp
    return await self._backend.connect_tcp(
           ^^^^^^^^^^^^^^^^^^^^^^^^^^^^^^^^
  File "C:\Users\Sh1ndyS\AppData\Local\Programs\Python\Python311\Lib\site-packages\httpcore\_backends\anyio.py", line 113, in connect_tcp
    with map_exceptions(exc_map):
  File "C:\Users\Sh1ndyS\AppData\Local\Programs\Python\Python311\Lib\contextlib.py", line 158, in __exit__
    self.gen.throw(typ, value, traceback)
  File "C:\Users\Sh1ndyS\AppData\Local\Programs\Python\Python311\Lib\site-packages\httpcore\_exceptions.py", line 14, in map_exceptions
    raise to_exc(exc) from exc
httpcore.ConnectError: All connection attempts failed

The above exception was the direct cause of the following exception:

Traceback (most recent call last):
  File "C:\Users\Sh1ndyS\AppData\Local\Programs\Python\Python311\Lib\site-packages\telegram\request\_httpxrequest.py", line 276, in do_request
    res = await self._client.request(
          ^^^^^^^^^^^^^^^^^^^^^^^^^^^
  File "C:\Users\Sh1ndyS\AppData\Local\Programs\Python\Python311\Lib\site-packages\httpx\_client.py", line 1540, in request
    return await self.send(request, auth=auth, follow_redirects=follow_redirects)
           ^^^^^^^^^^^^^^^^^^^^^^^^^^^^^^^^^^^^^^^^^^^^^^^^^^^^^^^^^^^^^^^^^^^^^^
  File "C:\Users\Sh1ndyS\AppData\Local\Programs\Python\Python311\Lib\site-packages\httpx\_client.py", line 1629, in send
    response = await self._send_handling_auth(
               ^^^^^^^^^^^^^^^^^^^^^^^^^^^^^^^
  File "C:\Users\Sh1ndyS\AppData\Local\Programs\Python\Python311\Lib\site-packages\httpx\_client.py", line 1657, in _send_handling_auth
    response = await self._send_handling_redirects(
               ^^^^^^^^^^^^^^^^^^^^^^^^^^^^^^^^^^^^
  File "C:\Users\Sh1ndyS\AppData\Local\Programs\Python\Python311\Lib\site-packages\httpx\_client.py", line 1694, in _send_handling_redirects
    response = await self._send_single_request(request)
               ^^^^^^^^^^^^^^^^^^^^^^^^^^^^^^^^^^^^^^^^
  File "C:\Users\Sh1ndyS\AppData\Local\Programs\Python\Python311\Lib\site-packages\httpx\_client.py", line 1730, in _send_single_request
    response = await transport.handle_async_request(request)
               ^^^^^^^^^^^^^^^^^^^^^^^^^^^^^^^^^^^^^^^^^^^^^
  File "C:\Users\Sh1ndyS\AppData\Local\Programs\Python\Python311\Lib\site-packages\httpx\_transports\default.py", line 393, in handle_async_request
    with map_httpcore_exceptions():
  File "C:\Users\Sh1ndyS\AppData\Local\Programs\Python\Python311\Lib\contextlib.py", line 158, in __exit__
    self.gen.throw(typ, value, traceback)
  File "C:\Users\Sh1ndyS\AppData\Local\Programs\Python\Python311\Lib\site-packages\httpx\_transports\default.py", line 118, in map_httpcore_exceptions
    raise mapped_exc(message) from exc
httpx.ConnectError: All connection attempts failed

The above exception was the direct cause of the following exception:

Traceback (most recent call last):
  File "C:\Users\Sh1ndyS\AppData\Local\Programs\Python\Python311\Lib\site-packages\telegram\ext\_updater.py", line 755, in _network_loop_retry
    if not await do_action():
           ^^^^^^^^^^^^^^^^^
  File "C:\Users\Sh1ndyS\AppData\Local\Programs\Python\Python311\Lib\site-packages\telegram\ext\_updater.py", line 749, in do_action
    return action_cb_task.result()
           ^^^^^^^^^^^^^^^^^^^^^^^
  File "C:\Users\Sh1ndyS\AppData\Local\Programs\Python\Python311\Lib\site-packages\telegram\ext\_updater.py", line 389, in polling_action_cb
    raise exc
  File "C:\Users\Sh1ndyS\AppData\Local\Programs\Python\Python311\Lib\site-packages\telegram\ext\_updater.py", line 378, in polling_action_cb
    updates = await self.bot.get_updates(
              ^^^^^^^^^^^^^^^^^^^^^^^^^^^
  File "C:\Users\Sh1ndyS\AppData\Local\Programs\Python\Python311\Lib\site-packages\telegram\ext\_extbot.py", line 647, in get_updates
    updates = await super().get_updates(
              ^^^^^^^^^^^^^^^^^^^^^^^^^^
  File "C:\Users\Sh1ndyS\AppData\Local\Programs\Python\Python311\Lib\site-packages\telegram\_bot.py", line 4326, in get_updates
    await self._post(
  File "C:\Users\Sh1ndyS\AppData\Local\Programs\Python\Python311\Lib\site-packages\telegram\_bot.py", line 618, in _post
    return await self._do_post(
           ^^^^^^^^^^^^^^^^^^^^
  File "C:\Users\Sh1ndyS\AppData\Local\Programs\Python\Python311\Lib\site-packages\telegram\ext\_extbot.py", line 353, in _do_post
    return await super()._do_post(
           ^^^^^^^^^^^^^^^^^^^^^^^
  File "C:\Users\Sh1ndyS\AppData\Local\Programs\Python\Python311\Lib\site-packages\telegram\_bot.py", line 647, in _do_post
    result = await request.post(
             ^^^^^^^^^^^^^^^^^^^
  File "C:\Users\Sh1ndyS\AppData\Local\Programs\Python\Python311\Lib\site-packages\telegram\request\_baserequest.py", line 200, in post
    result = await self._request_wrapper(
             ^^^^^^^^^^^^^^^^^^^^^^^^^^^^
  File "C:\Users\Sh1ndyS\AppData\Local\Programs\Python\Python311\Lib\site-packages\telegram\request\_baserequest.py", line 342, in _request_wrapper
    raise exc
  File "C:\Users\Sh1ndyS\AppData\Local\Programs\Python\Python311\Lib\site-packages\telegram\request\_baserequest.py", line 332, in _request_wrapper
    code, payload = await self.do_request(
                    ^^^^^^^^^^^^^^^^^^^^^^
  File "C:\Users\Sh1ndyS\AppData\Local\Programs\Python\Python311\Lib\site-packages\telegram\request\_httpxrequest.py", line 300, in do_request
    raise NetworkError(f"httpx.{err.__class__.__name__}: {err}") from err
telegram.error.NetworkError: httpx.ConnectError: All connection attempts failed
2026-05-09 04:01:30,854 - telegram.ext.Updater - ERROR - Error while getting Updates: httpx.ConnectError: All connection attempts failed
2026-05-09 04:01:30,855 - telegram.ext.Application - ERROR - No error handlers are registered, logging exception.
Traceback (most recent call last):
  File "C:\Users\Sh1ndyS\AppData\Local\Programs\Python\Python311\Lib\site-packages\httpx\_transports\default.py", line 101, in map_httpcore_exceptions
    yield
  File "C:\Users\Sh1ndyS\AppData\Local\Programs\Python\Python311\Lib\site-packages\httpx\_transports\default.py", line 394, in handle_async_request
    resp = await self._pool.handle_async_request(req)
           ^^^^^^^^^^^^^^^^^^^^^^^^^^^^^^^^^^^^^^^^^^
  File "C:\Users\Sh1ndyS\AppData\Local\Programs\Python\Python311\Lib\site-packages\httpcore\_async\connection_pool.py", line 256, in handle_async_request
    raise exc from None
  File "C:\Users\Sh1ndyS\AppData\Local\Programs\Python\Python311\Lib\site-packages\httpcore\_async\connection_pool.py", line 236, in handle_async_request
    response = await connection.handle_async_request(
               ^^^^^^^^^^^^^^^^^^^^^^^^^^^^^^^^^^^^^^
  File "C:\Users\Sh1ndyS\AppData\Local\Programs\Python\Python311\Lib\site-packages\httpcore\_async\http_proxy.py", line 288, in handle_async_request
    connect_response = await self._connection.handle_async_request(
                       ^^^^^^^^^^^^^^^^^^^^^^^^^^^^^^^^^^^^^^^^^^^^
  File "C:\Users\Sh1ndyS\AppData\Local\Programs\Python\Python311\Lib\site-packages\httpcore\_async\connection.py", line 101, in handle_async_request
    raise exc
  File "C:\Users\Sh1ndyS\AppData\Local\Programs\Python\Python311\Lib\site-packages\httpcore\_async\connection.py", line 78, in handle_async_request
    stream = await self._connect(request)
             ^^^^^^^^^^^^^^^^^^^^^^^^^^^^
  File "C:\Users\Sh1ndyS\AppData\Local\Programs\Python\Python311\Lib\site-packages\httpcore\_async\connection.py", line 124, in _connect
    stream = await self._network_backend.connect_tcp(**kwargs)
             ^^^^^^^^^^^^^^^^^^^^^^^^^^^^^^^^^^^^^^^^^^^^^^^^^
  File "C:\Users\Sh1ndyS\AppData\Local\Programs\Python\Python311\Lib\site-packages\httpcore\_backends\auto.py", line 31, in connect_tcp
    return await self._backend.connect_tcp(
           ^^^^^^^^^^^^^^^^^^^^^^^^^^^^^^^^
  File "C:\Users\Sh1ndyS\AppData\Local\Programs\Python\Python311\Lib\site-packages\httpcore\_backends\anyio.py", line 113, in connect_tcp
    with map_exceptions(exc_map):
  File "C:\Users\Sh1ndyS\AppData\Local\Programs\Python\Python311\Lib\contextlib.py", line 158, in __exit__
    self.gen.throw(typ, value, traceback)
  File "C:\Users\Sh1ndyS\AppData\Local\Programs\Python\Python311\Lib\site-packages\httpcore\_exceptions.py", line 14, in map_exceptions
    raise to_exc(exc) from exc
httpcore.ConnectError: All connection attempts failed

The above exception was the direct cause of the following exception:

Traceback (most recent call last):
  File "C:\Users\Sh1ndyS\AppData\Local\Programs\Python\Python311\Lib\site-packages\telegram\request\_httpxrequest.py", line 276, in do_request
    res = await self._client.request(
          ^^^^^^^^^^^^^^^^^^^^^^^^^^^
  File "C:\Users\Sh1ndyS\AppData\Local\Programs\Python\Python311\Lib\site-packages\httpx\_client.py", line 1540, in request
    return await self.send(request, auth=auth, follow_redirects=follow_redirects)
           ^^^^^^^^^^^^^^^^^^^^^^^^^^^^^^^^^^^^^^^^^^^^^^^^^^^^^^^^^^^^^^^^^^^^^^
  File "C:\Users\Sh1ndyS\AppData\Local\Programs\Python\Python311\Lib\site-packages\httpx\_client.py", line 1629, in send
    response = await self._send_handling_auth(
               ^^^^^^^^^^^^^^^^^^^^^^^^^^^^^^^
  File "C:\Users\Sh1ndyS\AppData\Local\Programs\Python\Python311\Lib\site-packages\httpx\_client.py", line 1657, in _send_handling_auth
    response = await self._send_handling_redirects(
               ^^^^^^^^^^^^^^^^^^^^^^^^^^^^^^^^^^^^
  File "C:\Users\Sh1ndyS\AppData\Local\Programs\Python\Python311\Lib\site-packages\httpx\_client.py", line 1694, in _send_handling_redirects
    response = await self._send_single_request(request)
               ^^^^^^^^^^^^^^^^^^^^^^^^^^^^^^^^^^^^^^^^
  File "C:\Users\Sh1ndyS\AppData\Local\Programs\Python\Python311\Lib\site-packages\httpx\_client.py", line 1730, in _send_single_request
    response = await transport.handle_async_request(request)
               ^^^^^^^^^^^^^^^^^^^^^^^^^^^^^^^^^^^^^^^^^^^^^
  File "C:\Users\Sh1ndyS\AppData\Local\Programs\Python\Python311\Lib\site-packages\httpx\_transports\default.py", line 393, in handle_async_request
    with map_httpcore_exceptions():
  File "C:\Users\Sh1ndyS\AppData\Local\Programs\Python\Python311\Lib\contextlib.py", line 158, in __exit__
    self.gen.throw(typ, value, traceback)
  File "C:\Users\Sh1ndyS\AppData\Local\Programs\Python\Python311\Lib\site-packages\httpx\_transports\default.py", line 118, in map_httpcore_exceptions
    raise mapped_exc(message) from exc
httpx.ConnectError: All connection attempts failed

The above exception was the direct cause of the following exception:

Traceback (most recent call last):
  File "C:\Users\Sh1ndyS\AppData\Local\Programs\Python\Python311\Lib\site-packages\telegram\ext\_updater.py", line 755, in _network_loop_retry
    if not await do_action():
           ^^^^^^^^^^^^^^^^^
  File "C:\Users\Sh1ndyS\AppData\Local\Programs\Python\Python311\Lib\site-packages\telegram\ext\_updater.py", line 749, in do_action
    return action_cb_task.result()
           ^^^^^^^^^^^^^^^^^^^^^^^
  File "C:\Users\Sh1ndyS\AppData\Local\Programs\Python\Python311\Lib\site-packages\telegram\ext\_updater.py", line 389, in polling_action_cb
    raise exc
  File "C:\Users\Sh1ndyS\AppData\Local\Programs\Python\Python311\Lib\site-packages\telegram\ext\_updater.py", line 378, in polling_action_cb
    updates = await self.bot.get_updates(
              ^^^^^^^^^^^^^^^^^^^^^^^^^^^
  File "C:\Users\Sh1ndyS\AppData\Local\Programs\Python\Python311\Lib\site-packages\telegram\ext\_extbot.py", line 647, in get_updates
    updates = await super().get_updates(
              ^^^^^^^^^^^^^^^^^^^^^^^^^^
  File "C:\Users\Sh1ndyS\AppData\Local\Programs\Python\Python311\Lib\site-packages\telegram\_bot.py", line 4326, in get_updates
    await self._post(
  File "C:\Users\Sh1ndyS\AppData\Local\Programs\Python\Python311\Lib\site-packages\telegram\_bot.py", line 618, in _post
    return await self._do_post(
           ^^^^^^^^^^^^^^^^^^^^
  File "C:\Users\Sh1ndyS\AppData\Local\Programs\Python\Python311\Lib\site-packages\telegram\ext\_extbot.py", line 353, in _do_post
    return await super()._do_post(
           ^^^^^^^^^^^^^^^^^^^^^^^
  File "C:\Users\Sh1ndyS\AppData\Local\Programs\Python\Python311\Lib\site-packages\telegram\_bot.py", line 647, in _do_post
    result = await request.post(
             ^^^^^^^^^^^^^^^^^^^
  File "C:\Users\Sh1ndyS\AppData\Local\Programs\Python\Python311\Lib\site-packages\telegram\request\_baserequest.py", line 200, in post
    result = await self._request_wrapper(
             ^^^^^^^^^^^^^^^^^^^^^^^^^^^^
  File "C:\Users\Sh1ndyS\AppData\Local\Programs\Python\Python311\Lib\site-packages\telegram\request\_baserequest.py", line 342, in _request_wrapper
    raise exc
  File "C:\Users\Sh1ndyS\AppData\Local\Programs\Python\Python311\Lib\site-packages\telegram\request\_baserequest.py", line 332, in _request_wrapper
    code, payload = await self.do_request(
                    ^^^^^^^^^^^^^^^^^^^^^^
  File "C:\Users\Sh1ndyS\AppData\Local\Programs\Python\Python311\Lib\site-packages\telegram\request\_httpxrequest.py", line 300, in do_request
    raise NetworkError(f"httpx.{err.__class__.__name__}: {err}") from err
telegram.error.NetworkError: httpx.ConnectError: All connection attempts failed
2026-05-09 04:01:39,369 - parser - ERROR - Ошибка парсера: 
Traceback (most recent call last):
  File "D:\MILLIONER\parser.py", line 143, in fetch_and_process
    new_spins = await self._fetch_new_spins()
                ^^^^^^^^^^^^^^^^^^^^^^^^^^^^^
  File "D:\MILLIONER\parser.py", line 209, in _fetch_new_spins
    async with session.get(url, headers=headers, timeout=aiohttp.ClientTimeout(total=15)) as resp:
  File "C:\Users\Sh1ndyS\AppData\Local\Programs\Python\Python311\Lib\site-packages\aiohttp\client.py", line 1197, in __aenter__
    self._resp = await self._coro
                 ^^^^^^^^^^^^^^^^
  File "C:\Users\Sh1ndyS\AppData\Local\Programs\Python\Python311\Lib\site-packages\aiohttp\client.py", line 507, in _request
    with timer:
  File "C:\Users\Sh1ndyS\AppData\Local\Programs\Python\Python311\Lib\site-packages\aiohttp\helpers.py", line 735, in __exit__
    raise asyncio.TimeoutError from None
TimeoutError
2026-05-09 04:01:47,433 - telegram.ext.Updater - ERROR - Error while getting Updates: httpx.ConnectError: All connection attempts failed
2026-05-09 04:01:47,434 - telegram.ext.Application - ERROR - No error handlers are registered, logging exception.
Traceback (most recent call last):
  File "C:\Users\Sh1ndyS\AppData\Local\Programs\Python\Python311\Lib\site-packages\httpx\_transports\default.py", line 101, in map_httpcore_exceptions
    yield
  File "C:\Users\Sh1ndyS\AppData\Local\Programs\Python\Python311\Lib\site-packages\httpx\_transports\default.py", line 394, in handle_async_request
    resp = await self._pool.handle_async_request(req)
           ^^^^^^^^^^^^^^^^^^^^^^^^^^^^^^^^^^^^^^^^^^
  File "C:\Users\Sh1ndyS\AppData\Local\Programs\Python\Python311\Lib\site-packages\httpcore\_async\connection_pool.py", line 256, in handle_async_request
    raise exc from None
  File "C:\Users\Sh1ndyS\AppData\Local\Programs\Python\Python311\Lib\site-packages\httpcore\_async\connection_pool.py", line 236, in handle_async_request
    response = await connection.handle_async_request(
               ^^^^^^^^^^^^^^^^^^^^^^^^^^^^^^^^^^^^^^
  File "C:\Users\Sh1ndyS\AppData\Local\Programs\Python\Python311\Lib\site-packages\httpcore\_async\http_proxy.py", line 288, in handle_async_request
    connect_response = await self._connection.handle_async_request(
                       ^^^^^^^^^^^^^^^^^^^^^^^^^^^^^^^^^^^^^^^^^^^^
  File "C:\Users\Sh1ndyS\AppData\Local\Programs\Python\Python311\Lib\site-packages\httpcore\_async\connection.py", line 101, in handle_async_request
    raise exc
  File "C:\Users\Sh1ndyS\AppData\Local\Programs\Python\Python311\Lib\site-packages\httpcore\_async\connection.py", line 78, in handle_async_request
    stream = await self._connect(request)
             ^^^^^^^^^^^^^^^^^^^^^^^^^^^^
  File "C:\Users\Sh1ndyS\AppData\Local\Programs\Python\Python311\Lib\site-packages\httpcore\_async\connection.py", line 124, in _connect
    stream = await self._network_backend.connect_tcp(**kwargs)
             ^^^^^^^^^^^^^^^^^^^^^^^^^^^^^^^^^^^^^^^^^^^^^^^^^
  File "C:\Users\Sh1ndyS\AppData\Local\Programs\Python\Python311\Lib\site-packages\httpcore\_backends\auto.py", line 31, in connect_tcp
    return await self._backend.connect_tcp(
           ^^^^^^^^^^^^^^^^^^^^^^^^^^^^^^^^
  File "C:\Users\Sh1ndyS\AppData\Local\Programs\Python\Python311\Lib\site-packages\httpcore\_backends\anyio.py", line 113, in connect_tcp
    with map_exceptions(exc_map):
  File "C:\Users\Sh1ndyS\AppData\Local\Programs\Python\Python311\Lib\contextlib.py", line 158, in __exit__
    self.gen.throw(typ, value, traceback)
  File "C:\Users\Sh1ndyS\AppData\Local\Programs\Python\Python311\Lib\site-packages\httpcore\_exceptions.py", line 14, in map_exceptions
    raise to_exc(exc) from exc
httpcore.ConnectError: All connection attempts failed

The above exception was the direct cause of the following exception:

Traceback (most recent call last):
  File "C:\Users\Sh1ndyS\AppData\Local\Programs\Python\Python311\Lib\site-packages\telegram\request\_httpxrequest.py", line 276, in do_request
    res = await self._client.request(
          ^^^^^^^^^^^^^^^^^^^^^^^^^^^
  File "C:\Users\Sh1ndyS\AppData\Local\Programs\Python\Python311\Lib\site-packages\httpx\_client.py", line 1540, in request
    return await self.send(request, auth=auth, follow_redirects=follow_redirects)
           ^^^^^^^^^^^^^^^^^^^^^^^^^^^^^^^^^^^^^^^^^^^^^^^^^^^^^^^^^^^^^^^^^^^^^^
  File "C:\Users\Sh1ndyS\AppData\Local\Programs\Python\Python311\Lib\site-packages\httpx\_client.py", line 1629, in send
    response = await self._send_handling_auth(
               ^^^^^^^^^^^^^^^^^^^^^^^^^^^^^^^
  File "C:\Users\Sh1ndyS\AppData\Local\Programs\Python\Python311\Lib\site-packages\httpx\_client.py", line 1657, in _send_handling_auth
    response = await self._send_handling_redirects(
               ^^^^^^^^^^^^^^^^^^^^^^^^^^^^^^^^^^^^
  File "C:\Users\Sh1ndyS\AppData\Local\Programs\Python\Python311\Lib\site-packages\httpx\_client.py", line 1694, in _send_handling_redirects
    response = await self._send_single_request(request)
               ^^^^^^^^^^^^^^^^^^^^^^^^^^^^^^^^^^^^^^^^
  File "C:\Users\Sh1ndyS\AppData\Local\Programs\Python\Python311\Lib\site-packages\httpx\_client.py", line 1730, in _send_single_request
    response = await transport.handle_async_request(request)
               ^^^^^^^^^^^^^^^^^^^^^^^^^^^^^^^^^^^^^^^^^^^^^
  File "C:\Users\Sh1ndyS\AppData\Local\Programs\Python\Python311\Lib\site-packages\httpx\_transports\default.py", line 393, in handle_async_request
    with map_httpcore_exceptions():
  File "C:\Users\Sh1ndyS\AppData\Local\Programs\Python\Python311\Lib\contextlib.py", line 158, in __exit__
    self.gen.throw(typ, value, traceback)
  File "C:\Users\Sh1ndyS\AppData\Local\Programs\Python\Python311\Lib\site-packages\httpx\_transports\default.py", line 118, in map_httpcore_exceptions
    raise mapped_exc(message) from exc
httpx.ConnectError: All connection attempts failed

The above exception was the direct cause of the following exception:

Traceback (most recent call last):
  File "C:\Users\Sh1ndyS\AppData\Local\Programs\Python\Python311\Lib\site-packages\telegram\ext\_updater.py", line 755, in _network_loop_retry
    if not await do_action():
           ^^^^^^^^^^^^^^^^^
  File "C:\Users\Sh1ndyS\AppData\Local\Programs\Python\Python311\Lib\site-packages\telegram\ext\_updater.py", line 749, in do_action
    return action_cb_task.result()
           ^^^^^^^^^^^^^^^^^^^^^^^
  File "C:\Users\Sh1ndyS\AppData\Local\Programs\Python\Python311\Lib\site-packages\telegram\ext\_updater.py", line 389, in polling_action_cb
    raise exc
  File "C:\Users\Sh1ndyS\AppData\Local\Programs\Python\Python311\Lib\site-packages\telegram\ext\_updater.py", line 378, in polling_action_cb
    updates = await self.bot.get_updates(
              ^^^^^^^^^^^^^^^^^^^^^^^^^^^
  File "C:\Users\Sh1ndyS\AppData\Local\Programs\Python\Python311\Lib\site-packages\telegram\ext\_extbot.py", line 647, in get_updates
    updates = await super().get_updates(
              ^^^^^^^^^^^^^^^^^^^^^^^^^^
  File "C:\Users\Sh1ndyS\AppData\Local\Programs\Python\Python311\Lib\site-packages\telegram\_bot.py", line 4326, in get_updates
    await self._post(
  File "C:\Users\Sh1ndyS\AppData\Local\Programs\Python\Python311\Lib\site-packages\telegram\_bot.py", line 618, in _post
    return await self._do_post(
           ^^^^^^^^^^^^^^^^^^^^
  File "C:\Users\Sh1ndyS\AppData\Local\Programs\Python\Python311\Lib\site-packages\telegram\ext\_extbot.py", line 353, in _do_post
    return await super()._do_post(
           ^^^^^^^^^^^^^^^^^^^^^^^
  File "C:\Users\Sh1ndyS\AppData\Local\Programs\Python\Python311\Lib\site-packages\telegram\_bot.py", line 647, in _do_post
    result = await request.post(
             ^^^^^^^^^^^^^^^^^^^
  File "C:\Users\Sh1ndyS\AppData\Local\Programs\Python\Python311\Lib\site-packages\telegram\request\_baserequest.py", line 200, in post
    result = await self._request_wrapper(
             ^^^^^^^^^^^^^^^^^^^^^^^^^^^^
  File "C:\Users\Sh1ndyS\AppData\Local\Programs\Python\Python311\Lib\site-packages\telegram\request\_baserequest.py", line 342, in _request_wrapper
    raise exc
  File "C:\Users\Sh1ndyS\AppData\Local\Programs\Python\Python311\Lib\site-packages\telegram\request\_baserequest.py", line 332, in _request_wrapper
    code, payload = await self.do_request(
                    ^^^^^^^^^^^^^^^^^^^^^^
  File "C:\Users\Sh1ndyS\AppData\Local\Programs\Python\Python311\Lib\site-packages\telegram\request\_httpxrequest.py", line 300, in do_request
    raise NetworkError(f"httpx.{err.__class__.__name__}: {err}") from err
telegram.error.NetworkError: httpx.ConnectError: All connection attempts failed
2026-05-09 04:01:50,495 - telegram.ext.Updater - ERROR - Error while getting Updates: httpx.ConnectError: All connection attempts failed
2026-05-09 04:01:50,495 - telegram.ext.Application - ERROR - No error handlers are registered, logging exception.
Traceback (most recent call last):
  File "C:\Users\Sh1ndyS\AppData\Local\Programs\Python\Python311\Lib\site-packages\httpx\_transports\default.py", line 101, in map_httpcore_exceptions
    yield
  File "C:\Users\Sh1ndyS\AppData\Local\Programs\Python\Python311\Lib\site-packages\httpx\_transports\default.py", line 394, in handle_async_request
    resp = await self._pool.handle_async_request(req)
           ^^^^^^^^^^^^^^^^^^^^^^^^^^^^^^^^^^^^^^^^^^
  File "C:\Users\Sh1ndyS\AppData\Local\Programs\Python\Python311\Lib\site-packages\httpcore\_async\connection_pool.py", line 256, in handle_async_request
    raise exc from None
  File "C:\Users\Sh1ndyS\AppData\Local\Programs\Python\Python311\Lib\site-packages\httpcore\_async\connection_pool.py", line 236, in handle_async_request
    response = await connection.handle_async_request(
               ^^^^^^^^^^^^^^^^^^^^^^^^^^^^^^^^^^^^^^
  File "C:\Users\Sh1ndyS\AppData\Local\Programs\Python\Python311\Lib\site-packages\httpcore\_async\http_proxy.py", line 288, in handle_async_request
    connect_response = await self._connection.handle_async_request(
                       ^^^^^^^^^^^^^^^^^^^^^^^^^^^^^^^^^^^^^^^^^^^^
  File "C:\Users\Sh1ndyS\AppData\Local\Programs\Python\Python311\Lib\site-packages\httpcore\_async\connection.py", line 101, in handle_async_request
    raise exc
  File "C:\Users\Sh1ndyS\AppData\Local\Programs\Python\Python311\Lib\site-packages\httpcore\_async\connection.py", line 78, in handle_async_request
    stream = await self._connect(request)
             ^^^^^^^^^^^^^^^^^^^^^^^^^^^^
  File "C:\Users\Sh1ndyS\AppData\Local\Programs\Python\Python311\Lib\site-packages\httpcore\_async\connection.py", line 124, in _connect
    stream = await self._network_backend.connect_tcp(**kwargs)
             ^^^^^^^^^^^^^^^^^^^^^^^^^^^^^^^^^^^^^^^^^^^^^^^^^
  File "C:\Users\Sh1ndyS\AppData\Local\Programs\Python\Python311\Lib\site-packages\httpcore\_backends\auto.py", line 31, in connect_tcp
    return await self._backend.connect_tcp(
           ^^^^^^^^^^^^^^^^^^^^^^^^^^^^^^^^
  File "C:\Users\Sh1ndyS\AppData\Local\Programs\Python\Python311\Lib\site-packages\httpcore\_backends\anyio.py", line 113, in connect_tcp
    with map_exceptions(exc_map):
  File "C:\Users\Sh1ndyS\AppData\Local\Programs\Python\Python311\Lib\contextlib.py", line 158, in __exit__
    self.gen.throw(typ, value, traceback)
  File "C:\Users\Sh1ndyS\AppData\Local\Programs\Python\Python311\Lib\site-packages\httpcore\_exceptions.py", line 14, in map_exceptions
    raise to_exc(exc) from exc
httpcore.ConnectError: All connection attempts failed

The above exception was the direct cause of the following exception:

Traceback (most recent call last):
  File "C:\Users\Sh1ndyS\AppData\Local\Programs\Python\Python311\Lib\site-packages\telegram\request\_httpxrequest.py", line 276, in do_request
    res = await self._client.request(
          ^^^^^^^^^^^^^^^^^^^^^^^^^^^
  File "C:\Users\Sh1ndyS\AppData\Local\Programs\Python\Python311\Lib\site-packages\httpx\_client.py", line 1540, in request
    return await self.send(request, auth=auth, follow_redirects=follow_redirects)
           ^^^^^^^^^^^^^^^^^^^^^^^^^^^^^^^^^^^^^^^^^^^^^^^^^^^^^^^^^^^^^^^^^^^^^^
  File "C:\Users\Sh1ndyS\AppData\Local\Programs\Python\Python311\Lib\site-packages\httpx\_client.py", line 1629, in send
    response = await self._send_handling_auth(
               ^^^^^^^^^^^^^^^^^^^^^^^^^^^^^^^
  File "C:\Users\Sh1ndyS\AppData\Local\Programs\Python\Python311\Lib\site-packages\httpx\_client.py", line 1657, in _send_handling_auth
    response = await self._send_handling_redirects(
               ^^^^^^^^^^^^^^^^^^^^^^^^^^^^^^^^^^^^
  File "C:\Users\Sh1ndyS\AppData\Local\Programs\Python\Python311\Lib\site-packages\httpx\_client.py", line 1694, in _send_handling_redirects
    response = await self._send_single_request(request)
               ^^^^^^^^^^^^^^^^^^^^^^^^^^^^^^^^^^^^^^^^
  File "C:\Users\Sh1ndyS\AppData\Local\Programs\Python\Python311\Lib\site-packages\httpx\_client.py", line 1730, in _send_single_request
    response = await transport.handle_async_request(request)
               ^^^^^^^^^^^^^^^^^^^^^^^^^^^^^^^^^^^^^^^^^^^^^
  File "C:\Users\Sh1ndyS\AppData\Local\Programs\Python\Python311\Lib\site-packages\httpx\_transports\default.py", line 393, in handle_async_request
    with map_httpcore_exceptions():
  File "C:\Users\Sh1ndyS\AppData\Local\Programs\Python\Python311\Lib\contextlib.py", line 158, in __exit__
    self.gen.throw(typ, value, traceback)
  File "C:\Users\Sh1ndyS\AppData\Local\Programs\Python\Python311\Lib\site-packages\httpx\_transports\default.py", line 118, in map_httpcore_exceptions
    raise mapped_exc(message) from exc
httpx.ConnectError: All connection attempts failed

The above exception was the direct cause of the following exception:

Traceback (most recent call last):
  File "C:\Users\Sh1ndyS\AppData\Local\Programs\Python\Python311\Lib\site-packages\telegram\ext\_updater.py", line 755, in _network_loop_retry
    if not await do_action():
           ^^^^^^^^^^^^^^^^^
  File "C:\Users\Sh1ndyS\AppData\Local\Programs\Python\Python311\Lib\site-packages\telegram\ext\_updater.py", line 749, in do_action
    return action_cb_task.result()
           ^^^^^^^^^^^^^^^^^^^^^^^
  File "C:\Users\Sh1ndyS\AppData\Local\Programs\Python\Python311\Lib\site-packages\telegram\ext\_updater.py", line 389, in polling_action_cb
    raise exc
  File "C:\Users\Sh1ndyS\AppData\Local\Programs\Python\Python311\Lib\site-packages\telegram\ext\_updater.py", line 378, in polling_action_cb
    updates = await self.bot.get_updates(
              ^^^^^^^^^^^^^^^^^^^^^^^^^^^
  File "C:\Users\Sh1ndyS\AppData\Local\Programs\Python\Python311\Lib\site-packages\telegram\ext\_extbot.py", line 647, in get_updates
    updates = await super().get_updates(
              ^^^^^^^^^^^^^^^^^^^^^^^^^^
  File "C:\Users\Sh1ndyS\AppData\Local\Programs\Python\Python311\Lib\site-packages\telegram\_bot.py", line 4326, in get_updates
    await self._post(
  File "C:\Users\Sh1ndyS\AppData\Local\Programs\Python\Python311\Lib\site-packages\telegram\_bot.py", line 618, in _post
    return await self._do_post(
           ^^^^^^^^^^^^^^^^^^^^
  File "C:\Users\Sh1ndyS\AppData\Local\Programs\Python\Python311\Lib\site-packages\telegram\ext\_extbot.py", line 353, in _do_post
    return await super()._do_post(
           ^^^^^^^^^^^^^^^^^^^^^^^
  File "C:\Users\Sh1ndyS\AppData\Local\Programs\Python\Python311\Lib\site-packages\telegram\_bot.py", line 647, in _do_post
    result = await request.post(
             ^^^^^^^^^^^^^^^^^^^
  File "C:\Users\Sh1ndyS\AppData\Local\Programs\Python\Python311\Lib\site-packages\telegram\request\_baserequest.py", line 200, in post
    result = await self._request_wrapper(
             ^^^^^^^^^^^^^^^^^^^^^^^^^^^^
  File "C:\Users\Sh1ndyS\AppData\Local\Programs\Python\Python311\Lib\site-packages\telegram\request\_baserequest.py", line 342, in _request_wrapper
    raise exc
  File "C:\Users\Sh1ndyS\AppData\Local\Programs\Python\Python311\Lib\site-packages\telegram\request\_baserequest.py", line 332, in _request_wrapper
    code, payload = await self.do_request(
                    ^^^^^^^^^^^^^^^^^^^^^^
  File "C:\Users\Sh1ndyS\AppData\Local\Programs\Python\Python311\Lib\site-packages\telegram\request\_httpxrequest.py", line 300, in do_request
    raise NetworkError(f"httpx.{err.__class__.__name__}: {err}") from err
telegram.error.NetworkError: httpx.ConnectError: All connection attempts failed
2026-05-09 04:01:54,047 - telegram.ext.Updater - ERROR - Error while getting Updates: httpx.ConnectError: All connection attempts failed
2026-05-09 04:01:54,047 - telegram.ext.Application - ERROR - No error handlers are registered, logging exception.
Traceback (most recent call last):
  File "C:\Users\Sh1ndyS\AppData\Local\Programs\Python\Python311\Lib\site-packages\httpx\_transports\default.py", line 101, in map_httpcore_exceptions
    yield
  File "C:\Users\Sh1ndyS\AppData\Local\Programs\Python\Python311\Lib\site-packages\httpx\_transports\default.py", line 394, in handle_async_request
    resp = await self._pool.handle_async_request(req)
           ^^^^^^^^^^^^^^^^^^^^^^^^^^^^^^^^^^^^^^^^^^
  File "C:\Users\Sh1ndyS\AppData\Local\Programs\Python\Python311\Lib\site-packages\httpcore\_async\connection_pool.py", line 256, in handle_async_request
    raise exc from None
  File "C:\Users\Sh1ndyS\AppData\Local\Programs\Python\Python311\Lib\site-packages\httpcore\_async\connection_pool.py", line 236, in handle_async_request
    response = await connection.handle_async_request(
               ^^^^^^^^^^^^^^^^^^^^^^^^^^^^^^^^^^^^^^
  File "C:\Users\Sh1ndyS\AppData\Local\Programs\Python\Python311\Lib\site-packages\httpcore\_async\http_proxy.py", line 288, in handle_async_request
    connect_response = await self._connection.handle_async_request(
                       ^^^^^^^^^^^^^^^^^^^^^^^^^^^^^^^^^^^^^^^^^^^^
  File "C:\Users\Sh1ndyS\AppData\Local\Programs\Python\Python311\Lib\site-packages\httpcore\_async\connection.py", line 101, in handle_async_request
    raise exc
  File "C:\Users\Sh1ndyS\AppData\Local\Programs\Python\Python311\Lib\site-packages\httpcore\_async\connection.py", line 78, in handle_async_request
    stream = await self._connect(request)
             ^^^^^^^^^^^^^^^^^^^^^^^^^^^^
  File "C:\Users\Sh1ndyS\AppData\Local\Programs\Python\Python311\Lib\site-packages\httpcore\_async\connection.py", line 124, in _connect
    stream = await self._network_backend.connect_tcp(**kwargs)
             ^^^^^^^^^^^^^^^^^^^^^^^^^^^^^^^^^^^^^^^^^^^^^^^^^
  File "C:\Users\Sh1ndyS\AppData\Local\Programs\Python\Python311\Lib\site-packages\httpcore\_backends\auto.py", line 31, in connect_tcp
    return await self._backend.connect_tcp(
           ^^^^^^^^^^^^^^^^^^^^^^^^^^^^^^^^
  File "C:\Users\Sh1ndyS\AppData\Local\Programs\Python\Python311\Lib\site-packages\httpcore\_backends\anyio.py", line 113, in connect_tcp
    with map_exceptions(exc_map):
  File "C:\Users\Sh1ndyS\AppData\Local\Programs\Python\Python311\Lib\contextlib.py", line 158, in __exit__
    self.gen.throw(typ, value, traceback)
  File "C:\Users\Sh1ndyS\AppData\Local\Programs\Python\Python311\Lib\site-packages\httpcore\_exceptions.py", line 14, in map_exceptions
    raise to_exc(exc) from exc
httpcore.ConnectError: All connection attempts failed

The above exception was the direct cause of the following exception:

Traceback (most recent call last):
  File "C:\Users\Sh1ndyS\AppData\Local\Programs\Python\Python311\Lib\site-packages\telegram\request\_httpxrequest.py", line 276, in do_request
    res = await self._client.request(
          ^^^^^^^^^^^^^^^^^^^^^^^^^^^
  File "C:\Users\Sh1ndyS\AppData\Local\Programs\Python\Python311\Lib\site-packages\httpx\_client.py", line 1540, in request
    return await self.send(request, auth=auth, follow_redirects=follow_redirects)
           ^^^^^^^^^^^^^^^^^^^^^^^^^^^^^^^^^^^^^^^^^^^^^^^^^^^^^^^^^^^^^^^^^^^^^^
  File "C:\Users\Sh1ndyS\AppData\Local\Programs\Python\Python311\Lib\site-packages\httpx\_client.py", line 1629, in send
    response = await self._send_handling_auth(
               ^^^^^^^^^^^^^^^^^^^^^^^^^^^^^^^
  File "C:\Users\Sh1ndyS\AppData\Local\Programs\Python\Python311\Lib\site-packages\httpx\_client.py", line 1657, in _send_handling_auth
    response = await self._send_handling_redirects(
               ^^^^^^^^^^^^^^^^^^^^^^^^^^^^^^^^^^^^
  File "C:\Users\Sh1ndyS\AppData\Local\Programs\Python\Python311\Lib\site-packages\httpx\_client.py", line 1694, in _send_handling_redirects
    response = await self._send_single_request(request)
               ^^^^^^^^^^^^^^^^^^^^^^^^^^^^^^^^^^^^^^^^
  File "C:\Users\Sh1ndyS\AppData\Local\Programs\Python\Python311\Lib\site-packages\httpx\_client.py", line 1730, in _send_single_request
    response = await transport.handle_async_request(request)
               ^^^^^^^^^^^^^^^^^^^^^^^^^^^^^^^^^^^^^^^^^^^^^
  File "C:\Users\Sh1ndyS\AppData\Local\Programs\Python\Python311\Lib\site-packages\httpx\_transports\default.py", line 393, in handle_async_request
    with map_httpcore_exceptions():
  File "C:\Users\Sh1ndyS\AppData\Local\Programs\Python\Python311\Lib\contextlib.py", line 158, in __exit__
    self.gen.throw(typ, value, traceback)
  File "C:\Users\Sh1ndyS\AppData\Local\Programs\Python\Python311\Lib\site-packages\httpx\_transports\default.py", line 118, in map_httpcore_exceptions
    raise mapped_exc(message) from exc
httpx.ConnectError: All connection attempts failed

The above exception was the direct cause of the following exception:

Traceback (most recent call last):
  File "C:\Users\Sh1ndyS\AppData\Local\Programs\Python\Python311\Lib\site-packages\telegram\ext\_updater.py", line 755, in _network_loop_retry
    if not await do_action():
           ^^^^^^^^^^^^^^^^^
  File "C:\Users\Sh1ndyS\AppData\Local\Programs\Python\Python311\Lib\site-packages\telegram\ext\_updater.py", line 749, in do_action
    return action_cb_task.result()
           ^^^^^^^^^^^^^^^^^^^^^^^
  File "C:\Users\Sh1ndyS\AppData\Local\Programs\Python\Python311\Lib\site-packages\telegram\ext\_updater.py", line 389, in polling_action_cb
    raise exc
  File "C:\Users\Sh1ndyS\AppData\Local\Programs\Python\Python311\Lib\site-packages\telegram\ext\_updater.py", line 378, in polling_action_cb
    updates = await self.bot.get_updates(
              ^^^^^^^^^^^^^^^^^^^^^^^^^^^
  File "C:\Users\Sh1ndyS\AppData\Local\Programs\Python\Python311\Lib\site-packages\telegram\ext\_extbot.py", line 647, in get_updates
    updates = await super().get_updates(
              ^^^^^^^^^^^^^^^^^^^^^^^^^^
  File "C:\Users\Sh1ndyS\AppData\Local\Programs\Python\Python311\Lib\site-packages\telegram\_bot.py", line 4326, in get_updates
    await self._post(
  File "C:\Users\Sh1ndyS\AppData\Local\Programs\Python\Python311\Lib\site-packages\telegram\_bot.py", line 618, in _post
    return await self._do_post(
           ^^^^^^^^^^^^^^^^^^^^
  File "C:\Users\Sh1ndyS\AppData\Local\Programs\Python\Python311\Lib\site-packages\telegram\ext\_extbot.py", line 353, in _do_post
    return await super()._do_post(
           ^^^^^^^^^^^^^^^^^^^^^^^
  File "C:\Users\Sh1ndyS\AppData\Local\Programs\Python\Python311\Lib\site-packages\telegram\_bot.py", line 647, in _do_post
    result = await request.post(
             ^^^^^^^^^^^^^^^^^^^
  File "C:\Users\Sh1ndyS\AppData\Local\Programs\Python\Python311\Lib\site-packages\telegram\request\_baserequest.py", line 200, in post
    result = await self._request_wrapper(
             ^^^^^^^^^^^^^^^^^^^^^^^^^^^^
  File "C:\Users\Sh1ndyS\AppData\Local\Programs\Python\Python311\Lib\site-packages\telegram\request\_baserequest.py", line 342, in _request_wrapper
    raise exc
  File "C:\Users\Sh1ndyS\AppData\Local\Programs\Python\Python311\Lib\site-packages\telegram\request\_baserequest.py", line 332, in _request_wrapper
    code, payload = await self.do_request(
                    ^^^^^^^^^^^^^^^^^^^^^^
  File "C:\Users\Sh1ndyS\AppData\Local\Programs\Python\Python311\Lib\site-packages\telegram\request\_httpxrequest.py", line 300, in do_request
    raise NetworkError(f"httpx.{err.__class__.__name__}: {err}") from err
telegram.error.NetworkError: httpx.ConnectError: All connection attempts failed
2026-05-09 04:01:58,355 - telegram.ext.Updater - ERROR - Error while getting Updates: httpx.ConnectError: All connection attempts failed
2026-05-09 04:01:58,356 - telegram.ext.Application - ERROR - No error handlers are registered, logging exception.
Traceback (most recent call last):
  File "C:\Users\Sh1ndyS\AppData\Local\Programs\Python\Python311\Lib\site-packages\httpx\_transports\default.py", line 101, in map_httpcore_exceptions
    yield
  File "C:\Users\Sh1ndyS\AppData\Local\Programs\Python\Python311\Lib\site-packages\httpx\_transports\default.py", line 394, in handle_async_request
    resp = await self._pool.handle_async_request(req)
           ^^^^^^^^^^^^^^^^^^^^^^^^^^^^^^^^^^^^^^^^^^
  File "C:\Users\Sh1ndyS\AppData\Local\Programs\Python\Python311\Lib\site-packages\httpcore\_async\connection_pool.py", line 256, in handle_async_request
    raise exc from None
  File "C:\Users\Sh1ndyS\AppData\Local\Programs\Python\Python311\Lib\site-packages\httpcore\_async\connection_pool.py", line 236, in handle_async_request
    response = await connection.handle_async_request(
               ^^^^^^^^^^^^^^^^^^^^^^^^^^^^^^^^^^^^^^
  File "C:\Users\Sh1ndyS\AppData\Local\Programs\Python\Python311\Lib\site-packages\httpcore\_async\http_proxy.py", line 288, in handle_async_request
    connect_response = await self._connection.handle_async_request(
                       ^^^^^^^^^^^^^^^^^^^^^^^^^^^^^^^^^^^^^^^^^^^^
  File "C:\Users\Sh1ndyS\AppData\Local\Programs\Python\Python311\Lib\site-packages\httpcore\_async\connection.py", line 101, in handle_async_request
    raise exc
  File "C:\Users\Sh1ndyS\AppData\Local\Programs\Python\Python311\Lib\site-packages\httpcore\_async\connection.py", line 78, in handle_async_request
    stream = await self._connect(request)
             ^^^^^^^^^^^^^^^^^^^^^^^^^^^^
  File "C:\Users\Sh1ndyS\AppData\Local\Programs\Python\Python311\Lib\site-packages\httpcore\_async\connection.py", line 124, in _connect
    stream = await self._network_backend.connect_tcp(**kwargs)
             ^^^^^^^^^^^^^^^^^^^^^^^^^^^^^^^^^^^^^^^^^^^^^^^^^
  File "C:\Users\Sh1ndyS\AppData\Local\Programs\Python\Python311\Lib\site-packages\httpcore\_backends\auto.py", line 31, in connect_tcp
    return await self._backend.connect_tcp(
           ^^^^^^^^^^^^^^^^^^^^^^^^^^^^^^^^
  File "C:\Users\Sh1ndyS\AppData\Local\Programs\Python\Python311\Lib\site-packages\httpcore\_backends\anyio.py", line 113, in connect_tcp
    with map_exceptions(exc_map):
  File "C:\Users\Sh1ndyS\AppData\Local\Programs\Python\Python311\Lib\contextlib.py", line 158, in __exit__
    self.gen.throw(typ, value, traceback)
  File "C:\Users\Sh1ndyS\AppData\Local\Programs\Python\Python311\Lib\site-packages\httpcore\_exceptions.py", line 14, in map_exceptions
    raise to_exc(exc) from exc
httpcore.ConnectError: All connection attempts failed

The above exception was the direct cause of the following exception:

Traceback (most recent call last):
  File "C:\Users\Sh1ndyS\AppData\Local\Programs\Python\Python311\Lib\site-packages\telegram\request\_httpxrequest.py", line 276, in do_request
    res = await self._client.request(
          ^^^^^^^^^^^^^^^^^^^^^^^^^^^
  File "C:\Users\Sh1ndyS\AppData\Local\Programs\Python\Python311\Lib\site-packages\httpx\_client.py", line 1540, in request
    return await self.send(request, auth=auth, follow_redirects=follow_redirects)
           ^^^^^^^^^^^^^^^^^^^^^^^^^^^^^^^^^^^^^^^^^^^^^^^^^^^^^^^^^^^^^^^^^^^^^^
  File "C:\Users\Sh1ndyS\AppData\Local\Programs\Python\Python311\Lib\site-packages\httpx\_client.py", line 1629, in send
    response = await self._send_handling_auth(
               ^^^^^^^^^^^^^^^^^^^^^^^^^^^^^^^
  File "C:\Users\Sh1ndyS\AppData\Local\Programs\Python\Python311\Lib\site-packages\httpx\_client.py", line 1657, in _send_handling_auth
    response = await self._send_handling_redirects(
               ^^^^^^^^^^^^^^^^^^^^^^^^^^^^^^^^^^^^
  File "C:\Users\Sh1ndyS\AppData\Local\Programs\Python\Python311\Lib\site-packages\httpx\_client.py", line 1694, in _send_handling_redirects
    response = await self._send_single_request(request)
               ^^^^^^^^^^^^^^^^^^^^^^^^^^^^^^^^^^^^^^^^
  File "C:\Users\Sh1ndyS\AppData\Local\Programs\Python\Python311\Lib\site-packages\httpx\_client.py", line 1730, in _send_single_request
    response = await transport.handle_async_request(request)
               ^^^^^^^^^^^^^^^^^^^^^^^^^^^^^^^^^^^^^^^^^^^^^
  File "C:\Users\Sh1ndyS\AppData\Local\Programs\Python\Python311\Lib\site-packages\httpx\_transports\default.py", line 393, in handle_async_request
    with map_httpcore_exceptions():
  File "C:\Users\Sh1ndyS\AppData\Local\Programs\Python\Python311\Lib\contextlib.py", line 158, in __exit__
    self.gen.throw(typ, value, traceback)
  File "C:\Users\Sh1ndyS\AppData\Local\Programs\Python\Python311\Lib\site-packages\httpx\_transports\default.py", line 118, in map_httpcore_exceptions
    raise mapped_exc(message) from exc
httpx.ConnectError: All connection attempts failed

The above exception was the direct cause of the following exception:

Traceback (most recent call last):
  File "C:\Users\Sh1ndyS\AppData\Local\Programs\Python\Python311\Lib\site-packages\telegram\ext\_updater.py", line 755, in _network_loop_retry
    if not await do_action():
           ^^^^^^^^^^^^^^^^^
  File "C:\Users\Sh1ndyS\AppData\Local\Programs\Python\Python311\Lib\site-packages\telegram\ext\_updater.py", line 749, in do_action
    return action_cb_task.result()
           ^^^^^^^^^^^^^^^^^^^^^^^
  File "C:\Users\Sh1ndyS\AppData\Local\Programs\Python\Python311\Lib\site-packages\telegram\ext\_updater.py", line 389, in polling_action_cb
    raise exc
  File "C:\Users\Sh1ndyS\AppData\Local\Programs\Python\Python311\Lib\site-packages\telegram\ext\_updater.py", line 378, in polling_action_cb
    updates = await self.bot.get_updates(
              ^^^^^^^^^^^^^^^^^^^^^^^^^^^
  File "C:\Users\Sh1ndyS\AppData\Local\Programs\Python\Python311\Lib\site-packages\telegram\ext\_extbot.py", line 647, in get_updates
    updates = await super().get_updates(
              ^^^^^^^^^^^^^^^^^^^^^^^^^^
  File "C:\Users\Sh1ndyS\AppData\Local\Programs\Python\Python311\Lib\site-packages\telegram\_bot.py", line 4326, in get_updates
    await self._post(
  File "C:\Users\Sh1ndyS\AppData\Local\Programs\Python\Python311\Lib\site-packages\telegram\_bot.py", line 618, in _post
    return await self._do_post(
           ^^^^^^^^^^^^^^^^^^^^
  File "C:\Users\Sh1ndyS\AppData\Local\Programs\Python\Python311\Lib\site-packages\telegram\ext\_extbot.py", line 353, in _do_post
    return await super()._do_post(
           ^^^^^^^^^^^^^^^^^^^^^^^
  File "C:\Users\Sh1ndyS\AppData\Local\Programs\Python\Python311\Lib\site-packages\telegram\_bot.py", line 647, in _do_post
    result = await request.post(
             ^^^^^^^^^^^^^^^^^^^
  File "C:\Users\Sh1ndyS\AppData\Local\Programs\Python\Python311\Lib\site-packages\telegram\request\_baserequest.py", line 200, in post
    result = await self._request_wrapper(
             ^^^^^^^^^^^^^^^^^^^^^^^^^^^^
  File "C:\Users\Sh1ndyS\AppData\Local\Programs\Python\Python311\Lib\site-packages\telegram\request\_baserequest.py", line 342, in _request_wrapper
    raise exc
  File "C:\Users\Sh1ndyS\AppData\Local\Programs\Python\Python311\Lib\site-packages\telegram\request\_baserequest.py", line 332, in _request_wrapper
    code, payload = await self.do_request(
                    ^^^^^^^^^^^^^^^^^^^^^^
  File "C:\Users\Sh1ndyS\AppData\Local\Programs\Python\Python311\Lib\site-packages\telegram\request\_httpxrequest.py", line 300, in do_request
    raise NetworkError(f"httpx.{err.__class__.__name__}: {err}") from err
telegram.error.NetworkError: httpx.ConnectError: All connection attempts failed
2026-05-09 04:02:03,763 - telegram.ext.Updater - ERROR - Error while getting Updates: httpx.ConnectError: All connection attempts failed
2026-05-09 04:02:03,763 - telegram.ext.Application - ERROR - No error handlers are registered, logging exception.
Traceback (most recent call last):
  File "C:\Users\Sh1ndyS\AppData\Local\Programs\Python\Python311\Lib\site-packages\httpx\_transports\default.py", line 101, in map_httpcore_exceptions
    yield
  File "C:\Users\Sh1ndyS\AppData\Local\Programs\Python\Python311\Lib\site-packages\httpx\_transports\default.py", line 394, in handle_async_request
    resp = await self._pool.handle_async_request(req)
           ^^^^^^^^^^^^^^^^^^^^^^^^^^^^^^^^^^^^^^^^^^
  File "C:\Users\Sh1ndyS\AppData\Local\Programs\Python\Python311\Lib\site-packages\httpcore\_async\connection_pool.py", line 256, in handle_async_request
    raise exc from None
  File "C:\Users\Sh1ndyS\AppData\Local\Programs\Python\Python311\Lib\site-packages\httpcore\_async\connection_pool.py", line 236, in handle_async_request
    response = await connection.handle_async_request(
               ^^^^^^^^^^^^^^^^^^^^^^^^^^^^^^^^^^^^^^
  File "C:\Users\Sh1ndyS\AppData\Local\Programs\Python\Python311\Lib\site-packages\httpcore\_async\http_proxy.py", line 288, in handle_async_request
    connect_response = await self._connection.handle_async_request(
                       ^^^^^^^^^^^^^^^^^^^^^^^^^^^^^^^^^^^^^^^^^^^^
  File "C:\Users\Sh1ndyS\AppData\Local\Programs\Python\Python311\Lib\site-packages\httpcore\_async\connection.py", line 101, in handle_async_request
    raise exc
  File "C:\Users\Sh1ndyS\AppData\Local\Programs\Python\Python311\Lib\site-packages\httpcore\_async\connection.py", line 78, in handle_async_request
    stream = await self._connect(request)
             ^^^^^^^^^^^^^^^^^^^^^^^^^^^^
  File "C:\Users\Sh1ndyS\AppData\Local\Programs\Python\Python311\Lib\site-packages\httpcore\_async\connection.py", line 124, in _connect
    stream = await self._network_backend.connect_tcp(**kwargs)
             ^^^^^^^^^^^^^^^^^^^^^^^^^^^^^^^^^^^^^^^^^^^^^^^^^
  File "C:\Users\Sh1ndyS\AppData\Local\Programs\Python\Python311\Lib\site-packages\httpcore\_backends\auto.py", line 31, in connect_tcp
    return await self._backend.connect_tcp(
           ^^^^^^^^^^^^^^^^^^^^^^^^^^^^^^^^
  File "C:\Users\Sh1ndyS\AppData\Local\Programs\Python\Python311\Lib\site-packages\httpcore\_backends\anyio.py", line 113, in connect_tcp
    with map_exceptions(exc_map):
  File "C:\Users\Sh1ndyS\AppData\Local\Programs\Python\Python311\Lib\contextlib.py", line 158, in __exit__
    self.gen.throw(typ, value, traceback)
  File "C:\Users\Sh1ndyS\AppData\Local\Programs\Python\Python311\Lib\site-packages\httpcore\_exceptions.py", line 14, in map_exceptions
    raise to_exc(exc) from exc
httpcore.ConnectError: All connection attempts failed

The above exception was the direct cause of the following exception:

Traceback (most recent call last):
  File "C:\Users\Sh1ndyS\AppData\Local\Programs\Python\Python311\Lib\site-packages\telegram\request\_httpxrequest.py", line 276, in do_request
    res = await self._client.request(
          ^^^^^^^^^^^^^^^^^^^^^^^^^^^
  File "C:\Users\Sh1ndyS\AppData\Local\Programs\Python\Python311\Lib\site-packages\httpx\_client.py", line 1540, in request
    return await self.send(request, auth=auth, follow_redirects=follow_redirects)
           ^^^^^^^^^^^^^^^^^^^^^^^^^^^^^^^^^^^^^^^^^^^^^^^^^^^^^^^^^^^^^^^^^^^^^^
  File "C:\Users\Sh1ndyS\AppData\Local\Programs\Python\Python311\Lib\site-packages\httpx\_client.py", line 1629, in send
    response = await self._send_handling_auth(
               ^^^^^^^^^^^^^^^^^^^^^^^^^^^^^^^
  File "C:\Users\Sh1ndyS\AppData\Local\Programs\Python\Python311\Lib\site-packages\httpx\_client.py", line 1657, in _send_handling_auth
    response = await self._send_handling_redirects(
               ^^^^^^^^^^^^^^^^^^^^^^^^^^^^^^^^^^^^
  File "C:\Users\Sh1ndyS\AppData\Local\Programs\Python\Python311\Lib\site-packages\httpx\_client.py", line 1694, in _send_handling_redirects
    response = await self._send_single_request(request)
               ^^^^^^^^^^^^^^^^^^^^^^^^^^^^^^^^^^^^^^^^
  File "C:\Users\Sh1ndyS\AppData\Local\Programs\Python\Python311\Lib\site-packages\httpx\_client.py", line 1730, in _send_single_request
    response = await transport.handle_async_request(request)
               ^^^^^^^^^^^^^^^^^^^^^^^^^^^^^^^^^^^^^^^^^^^^^
  File "C:\Users\Sh1ndyS\AppData\Local\Programs\Python\Python311\Lib\site-packages\httpx\_transports\default.py", line 393, in handle_async_request
    with map_httpcore_exceptions():
  File "C:\Users\Sh1ndyS\AppData\Local\Programs\Python\Python311\Lib\contextlib.py", line 158, in __exit__
    self.gen.throw(typ, value, traceback)
  File "C:\Users\Sh1ndyS\AppData\Local\Programs\Python\Python311\Lib\site-packages\httpx\_transports\default.py", line 118, in map_httpcore_exceptions
    raise mapped_exc(message) from exc
httpx.ConnectError: All connection attempts failed

The above exception was the direct cause of the following exception:

Traceback (most recent call last):
  File "C:\Users\Sh1ndyS\AppData\Local\Programs\Python\Python311\Lib\site-packages\telegram\ext\_updater.py", line 755, in _network_loop_retry
    if not await do_action():
           ^^^^^^^^^^^^^^^^^
  File "C:\Users\Sh1ndyS\AppData\Local\Programs\Python\Python311\Lib\site-packages\telegram\ext\_updater.py", line 749, in do_action
    return action_cb_task.result()
           ^^^^^^^^^^^^^^^^^^^^^^^
  File "C:\Users\Sh1ndyS\AppData\Local\Programs\Python\Python311\Lib\site-packages\telegram\ext\_updater.py", line 389, in polling_action_cb
    raise exc
  File "C:\Users\Sh1ndyS\AppData\Local\Programs\Python\Python311\Lib\site-packages\telegram\ext\_updater.py", line 378, in polling_action_cb
    updates = await self.bot.get_updates(
              ^^^^^^^^^^^^^^^^^^^^^^^^^^^
  File "C:\Users\Sh1ndyS\AppData\Local\Programs\Python\Python311\Lib\site-packages\telegram\ext\_extbot.py", line 647, in get_updates
    updates = await super().get_updates(
              ^^^^^^^^^^^^^^^^^^^^^^^^^^
  File "C:\Users\Sh1ndyS\AppData\Local\Programs\Python\Python311\Lib\site-packages\telegram\_bot.py", line 4326, in get_updates
    await self._post(
  File "C:\Users\Sh1ndyS\AppData\Local\Programs\Python\Python311\Lib\site-packages\telegram\_bot.py", line 618, in _post
    return await self._do_post(
           ^^^^^^^^^^^^^^^^^^^^
  File "C:\Users\Sh1ndyS\AppData\Local\Programs\Python\Python311\Lib\site-packages\telegram\ext\_extbot.py", line 353, in _do_post
    return await super()._do_post(
           ^^^^^^^^^^^^^^^^^^^^^^^
  File "C:\Users\Sh1ndyS\AppData\Local\Programs\Python\Python311\Lib\site-packages\telegram\_bot.py", line 647, in _do_post
    result = await request.post(
             ^^^^^^^^^^^^^^^^^^^
  File "C:\Users\Sh1ndyS\AppData\Local\Programs\Python\Python311\Lib\site-packages\telegram\request\_baserequest.py", line 200, in post
    result = await self._request_wrapper(
             ^^^^^^^^^^^^^^^^^^^^^^^^^^^^
  File "C:\Users\Sh1ndyS\AppData\Local\Programs\Python\Python311\Lib\site-packages\telegram\request\_baserequest.py", line 342, in _request_wrapper
    raise exc
  File "C:\Users\Sh1ndyS\AppData\Local\Programs\Python\Python311\Lib\site-packages\telegram\request\_baserequest.py", line 332, in _request_wrapper
    code, payload = await self.do_request(
                    ^^^^^^^^^^^^^^^^^^^^^^
  File "C:\Users\Sh1ndyS\AppData\Local\Programs\Python\Python311\Lib\site-packages\telegram\request\_httpxrequest.py", line 300, in do_request
    raise NetworkError(f"httpx.{err.__class__.__name__}: {err}") from err
telegram.error.NetworkError: httpx.ConnectError: All connection attempts failed
2026-05-09 04:02:10,886 - telegram.ext.Updater - ERROR - Error while getting Updates: httpx.ConnectError: All connection attempts failed
2026-05-09 04:02:10,887 - telegram.ext.Application - ERROR - No error handlers are registered, logging exception.
Traceback (most recent call last):
  File "C:\Users\Sh1ndyS\AppData\Local\Programs\Python\Python311\Lib\site-packages\httpx\_transports\default.py", line 101, in map_httpcore_exceptions
    yield
  File "C:\Users\Sh1ndyS\AppData\Local\Programs\Python\Python311\Lib\site-packages\httpx\_transports\default.py", line 394, in handle_async_request
    resp = await self._pool.handle_async_request(req)
           ^^^^^^^^^^^^^^^^^^^^^^^^^^^^^^^^^^^^^^^^^^
  File "C:\Users\Sh1ndyS\AppData\Local\Programs\Python\Python311\Lib\site-packages\httpcore\_async\connection_pool.py", line 256, in handle_async_request
    raise exc from None
  File "C:\Users\Sh1ndyS\AppData\Local\Programs\Python\Python311\Lib\site-packages\httpcore\_async\connection_pool.py", line 236, in handle_async_request
    response = await connection.handle_async_request(
               ^^^^^^^^^^^^^^^^^^^^^^^^^^^^^^^^^^^^^^
  File "C:\Users\Sh1ndyS\AppData\Local\Programs\Python\Python311\Lib\site-packages\httpcore\_async\http_proxy.py", line 288, in handle_async_request
    connect_response = await self._connection.handle_async_request(
                       ^^^^^^^^^^^^^^^^^^^^^^^^^^^^^^^^^^^^^^^^^^^^
  File "C:\Users\Sh1ndyS\AppData\Local\Programs\Python\Python311\Lib\site-packages\httpcore\_async\connection.py", line 101, in handle_async_request
    raise exc
  File "C:\Users\Sh1ndyS\AppData\Local\Programs\Python\Python311\Lib\site-packages\httpcore\_async\connection.py", line 78, in handle_async_request
    stream = await self._connect(request)
             ^^^^^^^^^^^^^^^^^^^^^^^^^^^^
  File "C:\Users\Sh1ndyS\AppData\Local\Programs\Python\Python311\Lib\site-packages\httpcore\_async\connection.py", line 124, in _connect
    stream = await self._network_backend.connect_tcp(**kwargs)
             ^^^^^^^^^^^^^^^^^^^^^^^^^^^^^^^^^^^^^^^^^^^^^^^^^
  File "C:\Users\Sh1ndyS\AppData\Local\Programs\Python\Python311\Lib\site-packages\httpcore\_backends\auto.py", line 31, in connect_tcp
    return await self._backend.connect_tcp(
           ^^^^^^^^^^^^^^^^^^^^^^^^^^^^^^^^
  File "C:\Users\Sh1ndyS\AppData\Local\Programs\Python\Python311\Lib\site-packages\httpcore\_backends\anyio.py", line 113, in connect_tcp
    with map_exceptions(exc_map):
  File "C:\Users\Sh1ndyS\AppData\Local\Programs\Python\Python311\Lib\contextlib.py", line 158, in __exit__
    self.gen.throw(typ, value, traceback)
  File "C:\Users\Sh1ndyS\AppData\Local\Programs\Python\Python311\Lib\site-packages\httpcore\_exceptions.py", line 14, in map_exceptions
    raise to_exc(exc) from exc
httpcore.ConnectError: All connection attempts failed

The above exception was the direct cause of the following exception:

Traceback (most recent call last):
  File "C:\Users\Sh1ndyS\AppData\Local\Programs\Python\Python311\Lib\site-packages\telegram\request\_httpxrequest.py", line 276, in do_request
    res = await self._client.request(
          ^^^^^^^^^^^^^^^^^^^^^^^^^^^
  File "C:\Users\Sh1ndyS\AppData\Local\Programs\Python\Python311\Lib\site-packages\httpx\_client.py", line 1540, in request
    return await self.send(request, auth=auth, follow_redirects=follow_redirects)
           ^^^^^^^^^^^^^^^^^^^^^^^^^^^^^^^^^^^^^^^^^^^^^^^^^^^^^^^^^^^^^^^^^^^^^^
  File "C:\Users\Sh1ndyS\AppData\Local\Programs\Python\Python311\Lib\site-packages\httpx\_client.py", line 1629, in send
    response = await self._send_handling_auth(
               ^^^^^^^^^^^^^^^^^^^^^^^^^^^^^^^
  File "C:\Users\Sh1ndyS\AppData\Local\Programs\Python\Python311\Lib\site-packages\httpx\_client.py", line 1657, in _send_handling_auth
    response = await self._send_handling_redirects(
               ^^^^^^^^^^^^^^^^^^^^^^^^^^^^^^^^^^^^
  File "C:\Users\Sh1ndyS\AppData\Local\Programs\Python\Python311\Lib\site-packages\httpx\_client.py", line 1694, in _send_handling_redirects
    response = await self._send_single_request(request)
               ^^^^^^^^^^^^^^^^^^^^^^^^^^^^^^^^^^^^^^^^
  File "C:\Users\Sh1ndyS\AppData\Local\Programs\Python\Python311\Lib\site-packages\httpx\_client.py", line 1730, in _send_single_request
    response = await transport.handle_async_request(request)
               ^^^^^^^^^^^^^^^^^^^^^^^^^^^^^^^^^^^^^^^^^^^^^
  File "C:\Users\Sh1ndyS\AppData\Local\Programs\Python\Python311\Lib\site-packages\httpx\_transports\default.py", line 393, in handle_async_request
    with map_httpcore_exceptions():
  File "C:\Users\Sh1ndyS\AppData\Local\Programs\Python\Python311\Lib\contextlib.py", line 158, in __exit__
    self.gen.throw(typ, value, traceback)
  File "C:\Users\Sh1ndyS\AppData\Local\Programs\Python\Python311\Lib\site-packages\httpx\_transports\default.py", line 118, in map_httpcore_exceptions
    raise mapped_exc(message) from exc
httpx.ConnectError: All connection attempts failed

The above exception was the direct cause of the following exception:

Traceback (most recent call last):
  File "C:\Users\Sh1ndyS\AppData\Local\Programs\Python\Python311\Lib\site-packages\telegram\ext\_updater.py", line 755, in _network_loop_retry
    if not await do_action():
           ^^^^^^^^^^^^^^^^^
  File "C:\Users\Sh1ndyS\AppData\Local\Programs\Python\Python311\Lib\site-packages\telegram\ext\_updater.py", line 749, in do_action
    return action_cb_task.result()
           ^^^^^^^^^^^^^^^^^^^^^^^
  File "C:\Users\Sh1ndyS\AppData\Local\Programs\Python\Python311\Lib\site-packages\telegram\ext\_updater.py", line 389, in polling_action_cb
    raise exc
  File "C:\Users\Sh1ndyS\AppData\Local\Programs\Python\Python311\Lib\site-packages\telegram\ext\_updater.py", line 378, in polling_action_cb
    updates = await self.bot.get_updates(
              ^^^^^^^^^^^^^^^^^^^^^^^^^^^
  File "C:\Users\Sh1ndyS\AppData\Local\Programs\Python\Python311\Lib\site-packages\telegram\ext\_extbot.py", line 647, in get_updates
    updates = await super().get_updates(
              ^^^^^^^^^^^^^^^^^^^^^^^^^^
  File "C:\Users\Sh1ndyS\AppData\Local\Programs\Python\Python311\Lib\site-packages\telegram\_bot.py", line 4326, in get_updates
    await self._post(
  File "C:\Users\Sh1ndyS\AppData\Local\Programs\Python\Python311\Lib\site-packages\telegram\_bot.py", line 618, in _post
    return await self._do_post(
           ^^^^^^^^^^^^^^^^^^^^
  File "C:\Users\Sh1ndyS\AppData\Local\Programs\Python\Python311\Lib\site-packages\telegram\ext\_extbot.py", line 353, in _do_post
    return await super()._do_post(
           ^^^^^^^^^^^^^^^^^^^^^^^
  File "C:\Users\Sh1ndyS\AppData\Local\Programs\Python\Python311\Lib\site-packages\telegram\_bot.py", line 647, in _do_post
    result = await request.post(
             ^^^^^^^^^^^^^^^^^^^
  File "C:\Users\Sh1ndyS\AppData\Local\Programs\Python\Python311\Lib\site-packages\telegram\request\_baserequest.py", line 200, in post
    result = await self._request_wrapper(
             ^^^^^^^^^^^^^^^^^^^^^^^^^^^^
  File "C:\Users\Sh1ndyS\AppData\Local\Programs\Python\Python311\Lib\site-packages\telegram\request\_baserequest.py", line 342, in _request_wrapper
    raise exc
  File "C:\Users\Sh1ndyS\AppData\Local\Programs\Python\Python311\Lib\site-packages\telegram\request\_baserequest.py", line 332, in _request_wrapper
    code, payload = await self.do_request(
                    ^^^^^^^^^^^^^^^^^^^^^^
  File "C:\Users\Sh1ndyS\AppData\Local\Programs\Python\Python311\Lib\site-packages\telegram\request\_httpxrequest.py", line 300, in do_request
    raise NetworkError(f"httpx.{err.__class__.__name__}: {err}") from err
telegram.error.NetworkError: httpx.ConnectError: All connection attempts failed
2026-05-09 04:02:20,546 - telegram.ext.Updater - ERROR - Error while getting Updates: httpx.ConnectError: All connection attempts failed
2026-05-09 04:02:20,547 - telegram.ext.Application - ERROR - No error handlers are registered, logging exception.
Traceback (most recent call last):
  File "C:\Users\Sh1ndyS\AppData\Local\Programs\Python\Python311\Lib\site-packages\httpx\_transports\default.py", line 101, in map_httpcore_exceptions
    yield
  File "C:\Users\Sh1ndyS\AppData\Local\Programs\Python\Python311\Lib\site-packages\httpx\_transports\default.py", line 394, in handle_async_request
    resp = await self._pool.handle_async_request(req)
           ^^^^^^^^^^^^^^^^^^^^^^^^^^^^^^^^^^^^^^^^^^
  File "C:\Users\Sh1ndyS\AppData\Local\Programs\Python\Python311\Lib\site-packages\httpcore\_async\connection_pool.py", line 256, in handle_async_request
    raise exc from None
  File "C:\Users\Sh1ndyS\AppData\Local\Programs\Python\Python311\Lib\site-packages\httpcore\_async\connection_pool.py", line 236, in handle_async_request
    response = await connection.handle_async_request(
               ^^^^^^^^^^^^^^^^^^^^^^^^^^^^^^^^^^^^^^
  File "C:\Users\Sh1ndyS\AppData\Local\Programs\Python\Python311\Lib\site-packages\httpcore\_async\http_proxy.py", line 288, in handle_async_request
    connect_response = await self._connection.handle_async_request(
                       ^^^^^^^^^^^^^^^^^^^^^^^^^^^^^^^^^^^^^^^^^^^^
  File "C:\Users\Sh1ndyS\AppData\Local\Programs\Python\Python311\Lib\site-packages\httpcore\_async\connection.py", line 101, in handle_async_request
    raise exc
  File "C:\Users\Sh1ndyS\AppData\Local\Programs\Python\Python311\Lib\site-packages\httpcore\_async\connection.py", line 78, in handle_async_request
    stream = await self._connect(request)
             ^^^^^^^^^^^^^^^^^^^^^^^^^^^^
  File "C:\Users\Sh1ndyS\AppData\Local\Programs\Python\Python311\Lib\site-packages\httpcore\_async\connection.py", line 124, in _connect
    stream = await self._network_backend.connect_tcp(**kwargs)
             ^^^^^^^^^^^^^^^^^^^^^^^^^^^^^^^^^^^^^^^^^^^^^^^^^
  File "C:\Users\Sh1ndyS\AppData\Local\Programs\Python\Python311\Lib\site-packages\httpcore\_backends\auto.py", line 31, in connect_tcp
    return await self._backend.connect_tcp(
           ^^^^^^^^^^^^^^^^^^^^^^^^^^^^^^^^
  File "C:\Users\Sh1ndyS\AppData\Local\Programs\Python\Python311\Lib\site-packages\httpcore\_backends\anyio.py", line 113, in connect_tcp
    with map_exceptions(exc_map):
  File "C:\Users\Sh1ndyS\AppData\Local\Programs\Python\Python311\Lib\contextlib.py", line 158, in __exit__
    self.gen.throw(typ, value, traceback)
  File "C:\Users\Sh1ndyS\AppData\Local\Programs\Python\Python311\Lib\site-packages\httpcore\_exceptions.py", line 14, in map_exceptions
    raise to_exc(exc) from exc
httpcore.ConnectError: All connection attempts failed

The above exception was the direct cause of the following exception:

Traceback (most recent call last):
  File "C:\Users\Sh1ndyS\AppData\Local\Programs\Python\Python311\Lib\site-packages\telegram\request\_httpxrequest.py", line 276, in do_request
    res = await self._client.request(
          ^^^^^^^^^^^^^^^^^^^^^^^^^^^
  File "C:\Users\Sh1ndyS\AppData\Local\Programs\Python\Python311\Lib\site-packages\httpx\_client.py", line 1540, in request
    return await self.send(request, auth=auth, follow_redirects=follow_redirects)
           ^^^^^^^^^^^^^^^^^^^^^^^^^^^^^^^^^^^^^^^^^^^^^^^^^^^^^^^^^^^^^^^^^^^^^^
  File "C:\Users\Sh1ndyS\AppData\Local\Programs\Python\Python311\Lib\site-packages\httpx\_client.py", line 1629, in send
    response = await self._send_handling_auth(
               ^^^^^^^^^^^^^^^^^^^^^^^^^^^^^^^
  File "C:\Users\Sh1ndyS\AppData\Local\Programs\Python\Python311\Lib\site-packages\httpx\_client.py", line 1657, in _send_handling_auth
    response = await self._send_handling_redirects(
               ^^^^^^^^^^^^^^^^^^^^^^^^^^^^^^^^^^^^
  File "C:\Users\Sh1ndyS\AppData\Local\Programs\Python\Python311\Lib\site-packages\httpx\_client.py", line 1694, in _send_handling_redirects
    response = await self._send_single_request(request)
               ^^^^^^^^^^^^^^^^^^^^^^^^^^^^^^^^^^^^^^^^
  File "C:\Users\Sh1ndyS\AppData\Local\Programs\Python\Python311\Lib\site-packages\httpx\_client.py", line 1730, in _send_single_request
    response = await transport.handle_async_request(request)
               ^^^^^^^^^^^^^^^^^^^^^^^^^^^^^^^^^^^^^^^^^^^^^
  File "C:\Users\Sh1ndyS\AppData\Local\Programs\Python\Python311\Lib\site-packages\httpx\_transports\default.py", line 393, in handle_async_request
    with map_httpcore_exceptions():
  File "C:\Users\Sh1ndyS\AppData\Local\Programs\Python\Python311\Lib\contextlib.py", line 158, in __exit__
    self.gen.throw(typ, value, traceback)
  File "C:\Users\Sh1ndyS\AppData\Local\Programs\Python\Python311\Lib\site-packages\httpx\_transports\default.py", line 118, in map_httpcore_exceptions
    raise mapped_exc(message) from exc
httpx.ConnectError: All connection attempts failed

The above exception was the direct cause of the following exception:

Traceback (most recent call last):
  File "C:\Users\Sh1ndyS\AppData\Local\Programs\Python\Python311\Lib\site-packages\telegram\ext\_updater.py", line 755, in _network_loop_retry
    if not await do_action():
           ^^^^^^^^^^^^^^^^^
  File "C:\Users\Sh1ndyS\AppData\Local\Programs\Python\Python311\Lib\site-packages\telegram\ext\_updater.py", line 749, in do_action
    return action_cb_task.result()
           ^^^^^^^^^^^^^^^^^^^^^^^
  File "C:\Users\Sh1ndyS\AppData\Local\Programs\Python\Python311\Lib\site-packages\telegram\ext\_updater.py", line 389, in polling_action_cb
    raise exc
  File "C:\Users\Sh1ndyS\AppData\Local\Programs\Python\Python311\Lib\site-packages\telegram\ext\_updater.py", line 378, in polling_action_cb
    updates = await self.bot.get_updates(
              ^^^^^^^^^^^^^^^^^^^^^^^^^^^
  File "C:\Users\Sh1ndyS\AppData\Local\Programs\Python\Python311\Lib\site-packages\telegram\ext\_extbot.py", line 647, in get_updates
    updates = await super().get_updates(
              ^^^^^^^^^^^^^^^^^^^^^^^^^^
  File "C:\Users\Sh1ndyS\AppData\Local\Programs\Python\Python311\Lib\site-packages\telegram\_bot.py", line 4326, in get_updates
    await self._post(
  File "C:\Users\Sh1ndyS\AppData\Local\Programs\Python\Python311\Lib\site-packages\telegram\_bot.py", line 618, in _post
    return await self._do_post(
           ^^^^^^^^^^^^^^^^^^^^
  File "C:\Users\Sh1ndyS\AppData\Local\Programs\Python\Python311\Lib\site-packages\telegram\ext\_extbot.py", line 353, in _do_post
    return await super()._do_post(
           ^^^^^^^^^^^^^^^^^^^^^^^
  File "C:\Users\Sh1ndyS\AppData\Local\Programs\Python\Python311\Lib\site-packages\telegram\_bot.py", line 647, in _do_post
    result = await request.post(
             ^^^^^^^^^^^^^^^^^^^
  File "C:\Users\Sh1ndyS\AppData\Local\Programs\Python\Python311\Lib\site-packages\telegram\request\_baserequest.py", line 200, in post
    result = await self._request_wrapper(
             ^^^^^^^^^^^^^^^^^^^^^^^^^^^^
  File "C:\Users\Sh1ndyS\AppData\Local\Programs\Python\Python311\Lib\site-packages\telegram\request\_baserequest.py", line 342, in _request_wrapper
    raise exc
  File "C:\Users\Sh1ndyS\AppData\Local\Programs\Python\Python311\Lib\site-packages\telegram\request\_baserequest.py", line 332, in _request_wrapper
    code, payload = await self.do_request(
                    ^^^^^^^^^^^^^^^^^^^^^^
  File "C:\Users\Sh1ndyS\AppData\Local\Programs\Python\Python311\Lib\site-packages\telegram\request\_httpxrequest.py", line 300, in do_request
    raise NetworkError(f"httpx.{err.__class__.__name__}: {err}") from err
telegram.error.NetworkError: httpx.ConnectError: All connection attempts failed
2026-05-09 04:02:31,374 - parser - ERROR - Ошибка парсера: 
Traceback (most recent call last):
  File "D:\MILLIONER\parser.py", line 143, in fetch_and_process
    new_spins = await self._fetch_new_spins()
                ^^^^^^^^^^^^^^^^^^^^^^^^^^^^^
  File "D:\MILLIONER\parser.py", line 209, in _fetch_new_spins
    async with session.get(url, headers=headers, timeout=aiohttp.ClientTimeout(total=15)) as resp:
  File "C:\Users\Sh1ndyS\AppData\Local\Programs\Python\Python311\Lib\site-packages\aiohttp\client.py", line 1197, in __aenter__
    self._resp = await self._coro
                 ^^^^^^^^^^^^^^^^
  File "C:\Users\Sh1ndyS\AppData\Local\Programs\Python\Python311\Lib\site-packages\aiohttp\client.py", line 507, in _request
    with timer:
  File "C:\Users\Sh1ndyS\AppData\Local\Programs\Python\Python311\Lib\site-packages\aiohttp\helpers.py", line 735, in __exit__
    raise asyncio.TimeoutError from None
TimeoutError
2026-05-09 04:02:33,980 - telegram.ext.Updater - ERROR - Error while getting Updates: httpx.ConnectError: All connection attempts failed
2026-05-09 04:02:33,981 - telegram.ext.Application - ERROR - No error handlers are registered, logging exception.
Traceback (most recent call last):
  File "C:\Users\Sh1ndyS\AppData\Local\Programs\Python\Python311\Lib\site-packages\httpx\_transports\default.py", line 101, in map_httpcore_exceptions
    yield
  File "C:\Users\Sh1ndyS\AppData\Local\Programs\Python\Python311\Lib\site-packages\httpx\_transports\default.py", line 394, in handle_async_request
    resp = await self._pool.handle_async_request(req)
           ^^^^^^^^^^^^^^^^^^^^^^^^^^^^^^^^^^^^^^^^^^
  File "C:\Users\Sh1ndyS\AppData\Local\Programs\Python\Python311\Lib\site-packages\httpcore\_async\connection_pool.py", line 256, in handle_async_request
    raise exc from None
  File "C:\Users\Sh1ndyS\AppData\Local\Programs\Python\Python311\Lib\site-packages\httpcore\_async\connection_pool.py", line 236, in handle_async_request
    response = await connection.handle_async_request(
               ^^^^^^^^^^^^^^^^^^^^^^^^^^^^^^^^^^^^^^
  File "C:\Users\Sh1ndyS\AppData\Local\Programs\Python\Python311\Lib\site-packages\httpcore\_async\http_proxy.py", line 288, in handle_async_request
    connect_response = await self._connection.handle_async_request(
                       ^^^^^^^^^^^^^^^^^^^^^^^^^^^^^^^^^^^^^^^^^^^^
  File "C:\Users\Sh1ndyS\AppData\Local\Programs\Python\Python311\Lib\site-packages\httpcore\_async\connection.py", line 101, in handle_async_request
    raise exc
  File "C:\Users\Sh1ndyS\AppData\Local\Programs\Python\Python311\Lib\site-packages\httpcore\_async\connection.py", line 78, in handle_async_request
    stream = await self._connect(request)
             ^^^^^^^^^^^^^^^^^^^^^^^^^^^^
  File "C:\Users\Sh1ndyS\AppData\Local\Programs\Python\Python311\Lib\site-packages\httpcore\_async\connection.py", line 124, in _connect
    stream = await self._network_backend.connect_tcp(**kwargs)
             ^^^^^^^^^^^^^^^^^^^^^^^^^^^^^^^^^^^^^^^^^^^^^^^^^
  File "C:\Users\Sh1ndyS\AppData\Local\Programs\Python\Python311\Lib\site-packages\httpcore\_backends\auto.py", line 31, in connect_tcp
    return await self._backend.connect_tcp(
           ^^^^^^^^^^^^^^^^^^^^^^^^^^^^^^^^
  File "C:\Users\Sh1ndyS\AppData\Local\Programs\Python\Python311\Lib\site-packages\httpcore\_backends\anyio.py", line 113, in connect_tcp
    with map_exceptions(exc_map):
  File "C:\Users\Sh1ndyS\AppData\Local\Programs\Python\Python311\Lib\contextlib.py", line 158, in __exit__
    self.gen.throw(typ, value, traceback)
  File "C:\Users\Sh1ndyS\AppData\Local\Programs\Python\Python311\Lib\site-packages\httpcore\_exceptions.py", line 14, in map_exceptions
    raise to_exc(exc) from exc
httpcore.ConnectError: All connection attempts failed

The above exception was the direct cause of the following exception:

Traceback (most recent call last):
  File "C:\Users\Sh1ndyS\AppData\Local\Programs\Python\Python311\Lib\site-packages\telegram\request\_httpxrequest.py", line 276, in do_request
    res = await self._client.request(
          ^^^^^^^^^^^^^^^^^^^^^^^^^^^
  File "C:\Users\Sh1ndyS\AppData\Local\Programs\Python\Python311\Lib\site-packages\httpx\_client.py", line 1540, in request
    return await self.send(request, auth=auth, follow_redirects=follow_redirects)
           ^^^^^^^^^^^^^^^^^^^^^^^^^^^^^^^^^^^^^^^^^^^^^^^^^^^^^^^^^^^^^^^^^^^^^^
  File "C:\Users\Sh1ndyS\AppData\Local\Programs\Python\Python311\Lib\site-packages\httpx\_client.py", line 1629, in send
    response = await self._send_handling_auth(
               ^^^^^^^^^^^^^^^^^^^^^^^^^^^^^^^
  File "C:\Users\Sh1ndyS\AppData\Local\Programs\Python\Python311\Lib\site-packages\httpx\_client.py", line 1657, in _send_handling_auth
    response = await self._send_handling_redirects(
               ^^^^^^^^^^^^^^^^^^^^^^^^^^^^^^^^^^^^
  File "C:\Users\Sh1ndyS\AppData\Local\Programs\Python\Python311\Lib\site-packages\httpx\_client.py", line 1694, in _send_handling_redirects
    response = await self._send_single_request(request)
               ^^^^^^^^^^^^^^^^^^^^^^^^^^^^^^^^^^^^^^^^
  File "C:\Users\Sh1ndyS\AppData\Local\Programs\Python\Python311\Lib\site-packages\httpx\_client.py", line 1730, in _send_single_request
    response = await transport.handle_async_request(request)
               ^^^^^^^^^^^^^^^^^^^^^^^^^^^^^^^^^^^^^^^^^^^^^
  File "C:\Users\Sh1ndyS\AppData\Local\Programs\Python\Python311\Lib\site-packages\httpx\_transports\default.py", line 393, in handle_async_request
    with map_httpcore_exceptions():
  File "C:\Users\Sh1ndyS\AppData\Local\Programs\Python\Python311\Lib\contextlib.py", line 158, in __exit__
    self.gen.throw(typ, value, traceback)
  File "C:\Users\Sh1ndyS\AppData\Local\Programs\Python\Python311\Lib\site-packages\httpx\_transports\default.py", line 118, in map_httpcore_exceptions
    raise mapped_exc(message) from exc
httpx.ConnectError: All connection attempts failed

The above exception was the direct cause of the following exception:

Traceback (most recent call last):
  File "C:\Users\Sh1ndyS\AppData\Local\Programs\Python\Python311\Lib\site-packages\telegram\ext\_updater.py", line 755, in _network_loop_retry
    if not await do_action():
           ^^^^^^^^^^^^^^^^^
  File "C:\Users\Sh1ndyS\AppData\Local\Programs\Python\Python311\Lib\site-packages\telegram\ext\_updater.py", line 749, in do_action
    return action_cb_task.result()
           ^^^^^^^^^^^^^^^^^^^^^^^
  File "C:\Users\Sh1ndyS\AppData\Local\Programs\Python\Python311\Lib\site-packages\telegram\ext\_updater.py", line 389, in polling_action_cb
    raise exc
  File "C:\Users\Sh1ndyS\AppData\Local\Programs\Python\Python311\Lib\site-packages\telegram\ext\_updater.py", line 378, in polling_action_cb
    updates = await self.bot.get_updates(
              ^^^^^^^^^^^^^^^^^^^^^^^^^^^
  File "C:\Users\Sh1ndyS\AppData\Local\Programs\Python\Python311\Lib\site-packages\telegram\ext\_extbot.py", line 647, in get_updates
    updates = await super().get_updates(
              ^^^^^^^^^^^^^^^^^^^^^^^^^^
  File "C:\Users\Sh1ndyS\AppData\Local\Programs\Python\Python311\Lib\site-packages\telegram\_bot.py", line 4326, in get_updates
    await self._post(
  File "C:\Users\Sh1ndyS\AppData\Local\Programs\Python\Python311\Lib\site-packages\telegram\_bot.py", line 618, in _post
    return await self._do_post(
           ^^^^^^^^^^^^^^^^^^^^
  File "C:\Users\Sh1ndyS\AppData\Local\Programs\Python\Python311\Lib\site-packages\telegram\ext\_extbot.py", line 353, in _do_post
    return await super()._do_post(
           ^^^^^^^^^^^^^^^^^^^^^^^
  File "C:\Users\Sh1ndyS\AppData\Local\Programs\Python\Python311\Lib\site-packages\telegram\_bot.py", line 647, in _do_post
    result = await request.post(
             ^^^^^^^^^^^^^^^^^^^
  File "C:\Users\Sh1ndyS\AppData\Local\Programs\Python\Python311\Lib\site-packages\telegram\request\_baserequest.py", line 200, in post
    result = await self._request_wrapper(
             ^^^^^^^^^^^^^^^^^^^^^^^^^^^^
  File "C:\Users\Sh1ndyS\AppData\Local\Programs\Python\Python311\Lib\site-packages\telegram\request\_baserequest.py", line 342, in _request_wrapper
    raise exc
  File "C:\Users\Sh1ndyS\AppData\Local\Programs\Python\Python311\Lib\site-packages\telegram\request\_baserequest.py", line 332, in _request_wrapper
    code, payload = await self.do_request(
                    ^^^^^^^^^^^^^^^^^^^^^^
  File "C:\Users\Sh1ndyS\AppData\Local\Programs\Python\Python311\Lib\site-packages\telegram\request\_httpxrequest.py", line 300, in do_request
    raise NetworkError(f"httpx.{err.__class__.__name__}: {err}") from err
telegram.error.NetworkError: httpx.ConnectError: All connection attempts failed
2026-05-09 04:02:47,503 - database - INFO - База данных инициализирована: crazy_time.db
2026-05-09 04:02:47,950 - __main__ - INFO - Бот запущен
2026-05-09 04:02:48,072 - httpx - INFO - HTTP Request: POST https://api.telegram.org/bot2047277455:AAGwObQa-UPRwulCHH1JJfHjE680_rP7n_I/getMe "HTTP/1.1 200 OK"
2026-05-09 04:02:48,073 - __main__ - INFO - Запуск фонового парсера...
2026-05-09 04:02:48,127 - token_fetcher - INFO - Получаем новый токен через Selenium...
2026-05-09 04:02:48,128 - token_fetcher - INFO - Найден браузер: C:\Program Files\Yandex\YandexBrowser\Application\browser.exe
2026-05-09 04:02:48,167 - httpx - INFO - HTTP Request: POST https://api.telegram.org/bot2047277455:AAGwObQa-UPRwulCHH1JJfHjE680_rP7n_I/deleteWebhook "HTTP/1.1 200 OK"
2026-05-09 04:02:48,168 - telegram.ext.Application - INFO - Application started
2026-05-09 04:02:49,292 - token_fetcher - INFO - Используем локальный chromedriver.exe
2026-05-09 04:02:49,296 - token_fetcher - INFO - Открываем tracksino.com/crazytime...
2026-05-09 04:02:58,294 - httpx - INFO - HTTP Request: POST https://api.telegram.org/bot2047277455:AAGwObQa-UPRwulCHH1JJfHjE680_rP7n_I/getUpdates "HTTP/1.1 200 OK"
2026-05-09 04:03:08,340 - httpx - INFO - HTTP Request: POST https://api.telegram.org/bot2047277455:AAGwObQa-UPRwulCHH1JJfHjE680_rP7n_I/getUpdates "HTTP/1.1 200 OK"
2026-05-09 04:03:18,383 - httpx - INFO - HTTP Request: POST https://api.telegram.org/bot2047277455:AAGwObQa-UPRwulCHH1JJfHjE680_rP7n_I/getUpdates "HTTP/1.1 200 OK"
2026-05-09 04:03:18,633 - httpx - INFO - HTTP Request: POST https://api.telegram.org/bot2047277455:AAGwObQa-UPRwulCHH1JJfHjE680_rP7n_I/getUpdates "HTTP/1.1 200 OK"
2026-05-09 04:03:18,786 - httpx - INFO - HTTP Request: POST https://api.telegram.org/bot2047277455:AAGwObQa-UPRwulCHH1JJfHjE680_rP7n_I/sendMessage "HTTP/1.1 200 OK"
2026-05-09 04:03:28,677 - httpx - INFO - HTTP Request: POST https://api.telegram.org/bot2047277455:AAGwObQa-UPRwulCHH1JJfHjE680_rP7n_I/getUpdates "HTTP/1.1 200 OK"
2026-05-09 04:03:31,994 - token_fetcher - ERROR - Ошибка Selenium: Message: unknown error: net::ERR_CONNECTION_RESET
  (Session info: chrome=146.0.7680.2169)
Stacktrace:
	chromedriver!GetHandleVerifier [0x7ff65c3610a5+14cc5]
	chromedriver!GetHandleVerifier [0x7ff65c361110+14d30]
	chromedriver!(No symbol) [0x7ff65c0cdb6d]
	chromedriver!(No symbol) [0x7ff65c0ca694]
	chromedriver!(No symbol) [0x7ff65c0ba701]
	chromedriver!(No symbol) [0x7ff65c0bc5ef]
	chromedriver!(No symbol) [0x7ff65c0baca3]
	chromedriver!(No symbol) [0x7ff65c0ba46b]
	chromedriver!(No symbol) [0x7ff65c0ba121]
	chromedriver!(No symbol) [0x7ff65c0b7d6b]
	chromedriver!(No symbol) [0x7ff65c0b84b2]
	chromedriver!(No symbol) [0x7ff65c0d1e26]
	chromedriver!(No symbol) [0x7ff65c174da4]
	chromedriver!(No symbol) [0x7ff65c15036a]
	chromedriver!(No symbol) [0x7ff65c173f7b]
	chromedriver!(No symbol) [0x7ff65c1196e8]
	chromedriver!(No symbol) [0x7ff65c11a5d3]
	chromedriver!GetHandleVerifier [0x7ff65c665ddd+3199fd]
	chromedriver!GetHandleVerifier [0x7ff65c6604bd+3140dd]
	chromedriver!GetHandleVerifier [0x7ff65c6829ba+3365da]
	chromedriver!GetHandleVerifier [0x7ff65c37ca45+30665]
	chromedriver!GetHandleVerifier [0x7ff65c385b9c+397bc]
	chromedriver!GetHandleVerifier [0x7ff65c36a4c4+1e0e4]
	chromedriver!GetHandleVerifier [0x7ff65c36a676+1e296]
	chromedriver!GetHandleVerifier [0x7ff65c34ef87+2ba7]
	KERNEL32!BaseThreadInitThunk [0x7ffadb2c7604+14]
	ntdll!RtlUserThreadStart [0x7ffadd2a26a1+21]
Traceback (most recent call last):
  File "D:\MILLIONER\token_fetcher.py", line 135, in _fetch_token_selenium
    driver.get("https://tracksino.com/crazytime")
  File "C:\Users\Sh1ndyS\AppData\Local\Programs\Python\Python311\Lib\site-packages\selenium\webdriver\remote\webdriver.py", line 356, in get
    self.execute(Command.GET, {"url": url})
  File "C:\Users\Sh1ndyS\AppData\Local\Programs\Python\Python311\Lib\site-packages\selenium\webdriver\remote\webdriver.py", line 347, in execute
    self.error_handler.check_response(response)
  File "C:\Users\Sh1ndyS\AppData\Local\Programs\Python\Python311\Lib\site-packages\selenium\webdriver\remote\errorhandler.py", line 229, in check_response
    raise exception_class(message, screen, stacktrace)
selenium.common.exceptions.WebDriverException: Message: unknown error: net::ERR_CONNECTION_RESET
  (Session info: chrome=146.0.7680.2169)
Stacktrace:
	chromedriver!GetHandleVerifier [0x7ff65c3610a5+14cc5]
	chromedriver!GetHandleVerifier [0x7ff65c361110+14d30]
	chromedriver!(No symbol) [0x7ff65c0cdb6d]
	chromedriver!(No symbol) [0x7ff65c0ca694]
	chromedriver!(No symbol) [0x7ff65c0ba701]
	chromedriver!(No symbol) [0x7ff65c0bc5ef]
	chromedriver!(No symbol) [0x7ff65c0baca3]
	chromedriver!(No symbol) [0x7ff65c0ba46b]
	chromedriver!(No symbol) [0x7ff65c0ba121]
	chromedriver!(No symbol) [0x7ff65c0b7d6b]
	chromedriver!(No symbol) [0x7ff65c0b84b2]
	chromedriver!(No symbol) [0x7ff65c0d1e26]
	chromedriver!(No symbol) [0x7ff65c174da4]
	chromedriver!(No symbol) [0x7ff65c15036a]
	chromedriver!(No symbol) [0x7ff65c173f7b]
	chromedriver!(No symbol) [0x7ff65c1196e8]
	chromedriver!(No symbol) [0x7ff65c11a5d3]
	chromedriver!GetHandleVerifier [0x7ff65c665ddd+3199fd]
	chromedriver!GetHandleVerifier [0x7ff65c6604bd+3140dd]
	chromedriver!GetHandleVerifier [0x7ff65c6829ba+3365da]
	chromedriver!GetHandleVerifier [0x7ff65c37ca45+30665]
	chromedriver!GetHandleVerifier [0x7ff65c385b9c+397bc]
	chromedriver!GetHandleVerifier [0x7ff65c36a4c4+1e0e4]
	chromedriver!GetHandleVerifier [0x7ff65c36a676+1e296]
	chromedriver!GetHandleVerifier [0x7ff65c34ef87+2ba7]
	KERNEL32!BaseThreadInitThunk [0x7ffadb2c7604+14]
	ntdll!RtlUserThreadStart [0x7ffadd2a26a1+21]

2026-05-09 04:03:36,045 - token_fetcher - ERROR - Не удалось получить токен через Selenium
2026-05-09 04:03:36,045 - parser - INFO - Получаем токен (резервный способ)...
2026-05-09 04:03:38,727 - httpx - INFO - HTTP Request: POST https://api.telegram.org/bot2047277455:AAGwObQa-UPRwulCHH1JJfHjE680_rP7n_I/getUpdates "HTTP/1.1 200 OK"
2026-05-09 04:03:48,780 - httpx - INFO - HTTP Request: POST https://api.telegram.org/bot2047277455:AAGwObQa-UPRwulCHH1JJfHjE680_rP7n_I/getUpdates "HTTP/1.1 200 OK"
2026-05-09 04:03:58,829 - httpx - INFO - HTTP Request: POST https://api.telegram.org/bot2047277455:AAGwObQa-UPRwulCHH1JJfHjE680_rP7n_I/getUpdates "HTTP/1.1 200 OK"
2026-05-09 04:04:11,296 - httpx - INFO - HTTP Request: POST https://api.telegram.org/bot2047277455:AAGwObQa-UPRwulCHH1JJfHjE680_rP7n_I/getUpdates "HTTP/1.1 200 OK"
2026-05-09 04:04:12,366 - parser - ERROR - Ошибка получения токена из HTML: 
2026-05-09 04:04:12,366 - parser - INFO - Используем токен из config.py
2026-05-09 04:04:21,341 - httpx - INFO - HTTP Request: POST https://api.telegram.org/bot2047277455:AAGwObQa-UPRwulCHH1JJfHjE680_rP7n_I/getUpdates "HTTP/1.1 200 OK"
2026-05-09 04:04:28,367 - parser - ERROR - Ошибка парсера: 
Traceback (most recent call last):
  File "D:\MILLIONER\parser.py", line 143, in fetch_and_process
    new_spins = await self._fetch_new_spins()
                ^^^^^^^^^^^^^^^^^^^^^^^^^^^^^
  File "D:\MILLIONER\parser.py", line 209, in _fetch_new_spins
    async with session.get(url, headers=headers, timeout=aiohttp.ClientTimeout(total=15)) as resp:
  File "C:\Users\Sh1ndyS\AppData\Local\Programs\Python\Python311\Lib\site-packages\aiohttp\client.py", line 1197, in __aenter__
    self._resp = await self._coro
                 ^^^^^^^^^^^^^^^^
  File "C:\Users\Sh1ndyS\AppData\Local\Programs\Python\Python311\Lib\site-packages\aiohttp\client.py", line 507, in _request
    with timer:
  File "C:\Users\Sh1ndyS\AppData\Local\Programs\Python\Python311\Lib\site-packages\aiohttp\helpers.py", line 735, in __exit__
    raise asyncio.TimeoutError from None
TimeoutError
2026-05-09 04:04:31,391 - httpx - INFO - HTTP Request: POST https://api.telegram.org/bot2047277455:AAGwObQa-UPRwulCHH1JJfHjE680_rP7n_I/getUpdates "HTTP/1.1 200 OK"
2026-05-09 04:04:41,433 - httpx - INFO - HTTP Request: POST https://api.telegram.org/bot2047277455:AAGwObQa-UPRwulCHH1JJfHjE680_rP7n_I/getUpdates "HTTP/1.1 200 OK"
2026-05-09 04:04:51,478 - httpx - INFO - HTTP Request: POST https://api.telegram.org/bot2047277455:AAGwObQa-UPRwulCHH1JJfHjE680_rP7n_I/getUpdates "HTTP/1.1 200 OK"
2026-05-09 04:05:01,521 - httpx - INFO - HTTP Request: POST https://api.telegram.org/bot2047277455:AAGwObQa-UPRwulCHH1JJfHjE680_rP7n_I/getUpdates "HTTP/1.1 200 OK"
2026-05-09 04:05:11,565 - httpx - INFO - HTTP Request: POST https://api.telegram.org/bot2047277455:AAGwObQa-UPRwulCHH1JJfHjE680_rP7n_I/getUpdates "HTTP/1.1 200 OK"
2026-05-09 04:05:14,378 - parser - ERROR - Ошибка парсера: 
Traceback (most recent call last):
  File "D:\MILLIONER\parser.py", line 143, in fetch_and_process
    new_spins = await self._fetch_new_spins()
                ^^^^^^^^^^^^^^^^^^^^^^^^^^^^^
  File "D:\MILLIONER\parser.py", line 209, in _fetch_new_spins
    async with session.get(url, headers=headers, timeout=aiohttp.ClientTimeout(total=15)) as resp:
  File "C:\Users\Sh1ndyS\AppData\Local\Programs\Python\Python311\Lib\site-packages\aiohttp\client.py", line 1197, in __aenter__
    self._resp = await self._coro
                 ^^^^^^^^^^^^^^^^
  File "C:\Users\Sh1ndyS\AppData\Local\Programs\Python\Python311\Lib\site-packages\aiohttp\client.py", line 507, in _request
    with timer:
  File "C:\Users\Sh1ndyS\AppData\Local\Programs\Python\Python311\Lib\site-packages\aiohttp\helpers.py", line 735, in __exit__
    raise asyncio.TimeoutError from None
TimeoutError
2026-05-09 04:05:21,612 - httpx - INFO - HTTP Request: POST https://api.telegram.org/bot2047277455:AAGwObQa-UPRwulCHH1JJfHjE680_rP7n_I/getUpdates "HTTP/1.1 200 OK"
2026-05-09 04:05:31,662 - httpx - INFO - HTTP Request: POST https://api.telegram.org/bot2047277455:AAGwObQa-UPRwulCHH1JJfHjE680_rP7n_I/getUpdates "HTTP/1.1 200 OK"
2026-05-09 04:05:41,710 - httpx - INFO - HTTP Request: POST https://api.telegram.org/bot2047277455:AAGwObQa-UPRwulCHH1JJfHjE680_rP7n_I/getUpdates "HTTP/1.1 200 OK"
2026-05-09 04:05:51,752 - httpx - INFO - HTTP Request: POST https://api.telegram.org/bot2047277455:AAGwObQa-UPRwulCHH1JJfHjE680_rP7n_I/getUpdates "HTTP/1.1 200 OK"
2026-05-09 04:06:00,362 - parser - ERROR - Ошибка парсера: 
Traceback (most recent call last):
  File "D:\MILLIONER\parser.py", line 143, in fetch_and_process
    new_spins = await self._fetch_new_spins()
                ^^^^^^^^^^^^^^^^^^^^^^^^^^^^^
  File "D:\MILLIONER\parser.py", line 209, in _fetch_new_spins
    async with session.get(url, headers=headers, timeout=aiohttp.ClientTimeout(total=15)) as resp:
  File "C:\Users\Sh1ndyS\AppData\Local\Programs\Python\Python311\Lib\site-packages\aiohttp\client.py", line 1197, in __aenter__
    self._resp = await self._coro
                 ^^^^^^^^^^^^^^^^
  File "C:\Users\Sh1ndyS\AppData\Local\Programs\Python\Python311\Lib\site-packages\aiohttp\client.py", line 507, in _request
    with timer:
  File "C:\Users\Sh1ndyS\AppData\Local\Programs\Python\Python311\Lib\site-packages\aiohttp\helpers.py", line 735, in __exit__
    raise asyncio.TimeoutError from None
TimeoutError
2026-05-09 04:06:01,808 - httpx - INFO - HTTP Request: POST https://api.telegram.org/bot2047277455:AAGwObQa-UPRwulCHH1JJfHjE680_rP7n_I/getUpdates "HTTP/1.1 200 OK"
2026-05-09 04:06:11,850 - httpx - INFO - HTTP Request: POST https://api.telegram.org/bot2047277455:AAGwObQa-UPRwulCHH1JJfHjE680_rP7n_I/getUpdates "HTTP/1.1 200 OK"
2026-05-09 04:06:21,901 - httpx - INFO - HTTP Request: POST https://api.telegram.org/bot2047277455:AAGwObQa-UPRwulCHH1JJfHjE680_rP7n_I/getUpdates "HTTP/1.1 200 OK"
2026-05-09 04:06:31,942 - httpx - INFO - HTTP Request: POST https://api.telegram.org/bot2047277455:AAGwObQa-UPRwulCHH1JJfHjE680_rP7n_I/getUpdates "HTTP/1.1 200 OK"
2026-05-09 04:06:41,995 - httpx - INFO - HTTP Request: POST https://api.telegram.org/bot2047277455:AAGwObQa-UPRwulCHH1JJfHjE680_rP7n_I/getUpdates "HTTP/1.1 200 OK"
2026-05-09 04:06:46,367 - parser - ERROR - Ошибка парсера: 
Traceback (most recent call last):
  File "D:\MILLIONER\parser.py", line 143, in fetch_and_process
    new_spins = await self._fetch_new_spins()
                ^^^^^^^^^^^^^^^^^^^^^^^^^^^^^
  File "D:\MILLIONER\parser.py", line 209, in _fetch_new_spins
    async with session.get(url, headers=headers, timeout=aiohttp.ClientTimeout(total=15)) as resp:
  File "C:\Users\Sh1ndyS\AppData\Local\Programs\Python\Python311\Lib\site-packages\aiohttp\client.py", line 1197, in __aenter__
    self._resp = await self._coro
                 ^^^^^^^^^^^^^^^^
  File "C:\Users\Sh1ndyS\AppData\Local\Programs\Python\Python311\Lib\site-packages\aiohttp\client.py", line 507, in _request
    with timer:
  File "C:\Users\Sh1ndyS\AppData\Local\Programs\Python\Python311\Lib\site-packages\aiohttp\helpers.py", line 735, in __exit__
    raise asyncio.TimeoutError from None
TimeoutError
2026-05-09 04:06:52,044 - httpx - INFO - HTTP Request: POST https://api.telegram.org/bot2047277455:AAGwObQa-UPRwulCHH1JJfHjE680_rP7n_I/getUpdates "HTTP/1.1 200 OK"
2026-05-09 04:07:02,089 - httpx - INFO - HTTP Request: POST https://api.telegram.org/bot2047277455:AAGwObQa-UPRwulCHH1JJfHjE680_rP7n_I/getUpdates "HTTP/1.1 200 OK"
2026-05-09 04:07:12,132 - httpx - INFO - HTTP Request: POST https://api.telegram.org/bot2047277455:AAGwObQa-UPRwulCHH1JJfHjE680_rP7n_I/getUpdates "HTTP/1.1 200 OK"
2026-05-09 04:07:22,180 - httpx - INFO - HTTP Request: POST https://api.telegram.org/bot2047277455:AAGwObQa-UPRwulCHH1JJfHjE680_rP7n_I/getUpdates "HTTP/1.1 200 OK"
2026-05-09 04:07:32,221 - httpx - INFO - HTTP Request: POST https://api.telegram.org/bot2047277455:AAGwObQa-UPRwulCHH1JJfHjE680_rP7n_I/getUpdates "HTTP/1.1 200 OK"
2026-05-09 04:07:32,364 - parser - ERROR - Ошибка парсера: 
Traceback (most recent call last):
  File "D:\MILLIONER\parser.py", line 143, in fetch_and_process
    new_spins = await self._fetch_new_spins()
                ^^^^^^^^^^^^^^^^^^^^^^^^^^^^^
  File "D:\MILLIONER\parser.py", line 209, in _fetch_new_spins
    async with session.get(url, headers=headers, timeout=aiohttp.ClientTimeout(total=15)) as resp:
  File "C:\Users\Sh1ndyS\AppData\Local\Programs\Python\Python311\Lib\site-packages\aiohttp\client.py", line 1197, in __aenter__
    self._resp = await self._coro
                 ^^^^^^^^^^^^^^^^
  File "C:\Users\Sh1ndyS\AppData\Local\Programs\Python\Python311\Lib\site-packages\aiohttp\client.py", line 507, in _request
    with timer:
  File "C:\Users\Sh1ndyS\AppData\Local\Programs\Python\Python311\Lib\site-packages\aiohttp\helpers.py", line 735, in __exit__
    raise asyncio.TimeoutError from None
TimeoutError
2026-05-09 04:07:42,266 - httpx - INFO - HTTP Request: POST https://api.telegram.org/bot2047277455:AAGwObQa-UPRwulCHH1JJfHjE680_rP7n_I/getUpdates "HTTP/1.1 200 OK"
2026-05-09 04:08:41,458 - database - INFO - База данных инициализирована: crazy_time.db
2026-05-09 04:08:42,579 - __main__ - INFO - Бот запущен
2026-05-09 04:08:42,804 - httpx - INFO - HTTP Request: POST https://api.telegram.org/bot2047277455:AAGwObQa-UPRwulCHH1JJfHjE680_rP7n_I/getMe "HTTP/1.1 200 OK"
2026-05-09 04:08:42,805 - __main__ - INFO - Запуск фонового парсера...
2026-05-09 04:08:42,876 - token_fetcher - INFO - Получаем новый токен через Selenium...
2026-05-09 04:08:42,877 - token_fetcher - INFO - Найден браузер: C:\Program Files\Yandex\YandexBrowser\Application\browser.exe
2026-05-09 04:08:42,933 - httpx - INFO - HTTP Request: POST https://api.telegram.org/bot2047277455:AAGwObQa-UPRwulCHH1JJfHjE680_rP7n_I/deleteWebhook "HTTP/1.1 200 OK"
2026-05-09 04:08:42,933 - telegram.ext.Application - INFO - Application started
2026-05-09 04:08:43,907 - token_fetcher - INFO - Используем локальный chromedriver.exe
2026-05-09 04:08:43,917 - token_fetcher - INFO - Открываем tracksino.com/crazytime...
2026-05-09 04:08:53,141 - httpx - INFO - HTTP Request: POST https://api.telegram.org/bot2047277455:AAGwObQa-UPRwulCHH1JJfHjE680_rP7n_I/getUpdates "HTTP/1.1 200 OK"
2026-05-09 04:08:55,149 - token_fetcher - INFO - Токен найден в сетевых логах
2026-05-09 04:08:58,302 - token_fetcher - INFO - Токен обновлён: b8f11ee0...
2026-05-09 04:08:58,565 - parser - INFO - Найдено новых спинов от API: 9
2026-05-09 04:08:58,626 - parser - INFO - Сохранено: 9, пропущено: 0
2026-05-09 04:08:58,627 - parser - INFO - Пропускаем проверку порогов — в БД только 86 спинов (нужно 500+)
2026-05-09 04:09:03,207 - httpx - INFO - HTTP Request: POST https://api.telegram.org/bot2047277455:AAGwObQa-UPRwulCHH1JJfHjE680_rP7n_I/getUpdates "HTTP/1.1 200 OK"
2026-05-09 04:09:13,267 - httpx - INFO - HTTP Request: POST https://api.telegram.org/bot2047277455:AAGwObQa-UPRwulCHH1JJfHjE680_rP7n_I/getUpdates "HTTP/1.1 200 OK"
2026-05-09 04:09:23,329 - httpx - INFO - HTTP Request: POST https://api.telegram.org/bot2047277455:AAGwObQa-UPRwulCHH1JJfHjE680_rP7n_I/getUpdates "HTTP/1.1 200 OK"
2026-05-09 04:09:28,857 - parser - INFO - Найдено новых спинов от API: 0
2026-05-09 04:09:33,393 - httpx - INFO - HTTP Request: POST https://api.telegram.org/bot2047277455:AAGwObQa-UPRwulCHH1JJfHjE680_rP7n_I/getUpdates "HTTP/1.1 200 OK"
2026-05-09 04:09:43,455 - httpx - INFO - HTTP Request: POST https://api.telegram.org/bot2047277455:AAGwObQa-UPRwulCHH1JJfHjE680_rP7n_I/getUpdates "HTTP/1.1 200 OK"
2026-05-09 04:09:53,521 - httpx - INFO - HTTP Request: POST https://api.telegram.org/bot2047277455:AAGwObQa-UPRwulCHH1JJfHjE680_rP7n_I/getUpdates "HTTP/1.1 200 OK"
2026-05-09 04:09:59,187 - parser - INFO - Найдено новых спинов от API: 1
2026-05-09 04:09:59,198 - parser - INFO - Сохранено: 1, пропущено: 0
2026-05-09 04:09:59,198 - parser - INFO - Пропускаем проверку порогов — в БД только 87 спинов (нужно 500+)
2026-05-09 04:10:03,585 - httpx - INFO - HTTP Request: POST https://api.telegram.org/bot2047277455:AAGwObQa-UPRwulCHH1JJfHjE680_rP7n_I/getUpdates "HTTP/1.1 200 OK"
2026-05-09 04:10:13,646 - httpx - INFO - HTTP Request: POST https://api.telegram.org/bot2047277455:AAGwObQa-UPRwulCHH1JJfHjE680_rP7n_I/getUpdates "HTTP/1.1 200 OK"
2026-05-09 04:10:23,718 - httpx - INFO - HTTP Request: POST https://api.telegram.org/bot2047277455:AAGwObQa-UPRwulCHH1JJfHjE680_rP7n_I/getUpdates "HTTP/1.1 200 OK"
2026-05-09 04:10:29,477 - parser - INFO - Найдено новых спинов от API: 1
2026-05-09 04:10:29,487 - parser - INFO - Сохранено: 1, пропущено: 0
2026-05-09 04:10:29,487 - parser - INFO - Пропускаем проверку порогов — в БД только 88 спинов (нужно 500+)
2026-05-09 04:10:33,775 - httpx - INFO - HTTP Request: POST https://api.telegram.org/bot2047277455:AAGwObQa-UPRwulCHH1JJfHjE680_rP7n_I/getUpdates "HTTP/1.1 200 OK"
2026-05-09 04:10:43,835 - httpx - INFO - HTTP Request: POST https://api.telegram.org/bot2047277455:AAGwObQa-UPRwulCHH1JJfHjE680_rP7n_I/getUpdates "HTTP/1.1 200 OK"
2026-05-09 04:10:53,895 - httpx - INFO - HTTP Request: POST https://api.telegram.org/bot2047277455:AAGwObQa-UPRwulCHH1JJfHjE680_rP7n_I/getUpdates "HTTP/1.1 200 OK"
2026-05-09 04:10:59,783 - parser - INFO - Найдено новых спинов от API: 0
2026-05-09 04:11:03,955 - httpx - INFO - HTTP Request: POST https://api.telegram.org/bot2047277455:AAGwObQa-UPRwulCHH1JJfHjE680_rP7n_I/getUpdates "HTTP/1.1 200 OK"
2026-05-09 04:11:14,015 - httpx - INFO - HTTP Request: POST https://api.telegram.org/bot2047277455:AAGwObQa-UPRwulCHH1JJfHjE680_rP7n_I/getUpdates "HTTP/1.1 200 OK"
2026-05-09 04:11:24,073 - httpx - INFO - HTTP Request: POST https://api.telegram.org/bot2047277455:AAGwObQa-UPRwulCHH1JJfHjE680_rP7n_I/getUpdates "HTTP/1.1 200 OK"
2026-05-09 04:11:30,044 - parser - INFO - Найдено новых спинов от API: 1
2026-05-09 04:11:30,054 - parser - INFO - Сохранено: 1, пропущено: 0
2026-05-09 04:11:30,055 - parser - INFO - Пропускаем проверку порогов — в БД только 89 спинов (нужно 500+)
2026-05-09 04:11:34,129 - httpx - INFO - HTTP Request: POST https://api.telegram.org/bot2047277455:AAGwObQa-UPRwulCHH1JJfHjE680_rP7n_I/getUpdates "HTTP/1.1 200 OK"
2026-05-09 04:11:44,192 - httpx - INFO - HTTP Request: POST https://api.telegram.org/bot2047277455:AAGwObQa-UPRwulCHH1JJfHjE680_rP7n_I/getUpdates "HTTP/1.1 200 OK"
2026-05-09 04:11:54,250 - httpx - INFO - HTTP Request: POST https://api.telegram.org/bot2047277455:AAGwObQa-UPRwulCHH1JJfHjE680_rP7n_I/getUpdates "HTTP/1.1 200 OK"
2026-05-09 04:12:00,342 - parser - INFO - Найдено новых спинов от API: 1
2026-05-09 04:12:00,351 - parser - INFO - Сохранено: 1, пропущено: 0
2026-05-09 04:12:00,352 - parser - INFO - Пропускаем проверку порогов — в БД только 90 спинов (нужно 500+)
2026-05-09 04:12:04,310 - httpx - INFO - HTTP Request: POST https://api.telegram.org/bot2047277455:AAGwObQa-UPRwulCHH1JJfHjE680_rP7n_I/getUpdates "HTTP/1.1 200 OK"
2026-05-09 04:12:14,366 - httpx - INFO - HTTP Request: POST https://api.telegram.org/bot2047277455:AAGwObQa-UPRwulCHH1JJfHjE680_rP7n_I/getUpdates "HTTP/1.1 200 OK"
2026-05-09 04:12:24,422 - httpx - INFO - HTTP Request: POST https://api.telegram.org/bot2047277455:AAGwObQa-UPRwulCHH1JJfHjE680_rP7n_I/getUpdates "HTTP/1.1 200 OK"
2026-05-09 04:12:30,615 - parser - INFO - Найдено новых спинов от API: 1
2026-05-09 04:12:30,627 - parser - INFO - Сохранено: 1, пропущено: 0
2026-05-09 04:12:30,627 - parser - INFO - Пропускаем проверку порогов — в БД только 91 спинов (нужно 500+)
2026-05-09 04:12:34,483 - httpx - INFO - HTTP Request: POST https://api.telegram.org/bot2047277455:AAGwObQa-UPRwulCHH1JJfHjE680_rP7n_I/getUpdates "HTTP/1.1 200 OK"
2026-05-09 04:12:44,542 - httpx - INFO - HTTP Request: POST https://api.telegram.org/bot2047277455:AAGwObQa-UPRwulCHH1JJfHjE680_rP7n_I/getUpdates "HTTP/1.1 200 OK"
2026-05-09 04:12:54,599 - httpx - INFO - HTTP Request: POST https://api.telegram.org/bot2047277455:AAGwObQa-UPRwulCHH1JJfHjE680_rP7n_I/getUpdates "HTTP/1.1 200 OK"
2026-05-09 04:13:00,935 - parser - INFO - Найдено новых спинов от API: 0
2026-05-09 04:13:04,660 - httpx - INFO - HTTP Request: POST https://api.telegram.org/bot2047277455:AAGwObQa-UPRwulCHH1JJfHjE680_rP7n_I/getUpdates "HTTP/1.1 200 OK"
2026-05-09 04:13:14,716 - httpx - INFO - HTTP Request: POST https://api.telegram.org/bot2047277455:AAGwObQa-UPRwulCHH1JJfHjE680_rP7n_I/getUpdates "HTTP/1.1 200 OK"
2026-05-09 04:13:24,795 - httpx - INFO - HTTP Request: POST https://api.telegram.org/bot2047277455:AAGwObQa-UPRwulCHH1JJfHjE680_rP7n_I/getUpdates "HTTP/1.1 200 OK"
2026-05-09 04:13:31,169 - parser - INFO - Найдено новых спинов от API: 1
2026-05-09 04:13:31,179 - parser - INFO - Сохранено: 1, пропущено: 0
2026-05-09 04:13:31,179 - parser - INFO - Пропускаем проверку порогов — в БД только 92 спинов (нужно 500+)
2026-05-09 04:13:34,857 - httpx - INFO - HTTP Request: POST https://api.telegram.org/bot2047277455:AAGwObQa-UPRwulCHH1JJfHjE680_rP7n_I/getUpdates "HTTP/1.1 200 OK"
2026-05-09 04:13:44,915 - httpx - INFO - HTTP Request: POST https://api.telegram.org/bot2047277455:AAGwObQa-UPRwulCHH1JJfHjE680_rP7n_I/getUpdates "HTTP/1.1 200 OK"
2026-05-09 04:13:54,974 - httpx - INFO - HTTP Request: POST https://api.telegram.org/bot2047277455:AAGwObQa-UPRwulCHH1JJfHjE680_rP7n_I/getUpdates "HTTP/1.1 200 OK"
2026-05-09 04:14:01,459 - parser - INFO - Найдено новых спинов от API: 1
2026-05-09 04:14:01,470 - parser - INFO - Сохранено: 1, пропущено: 0
2026-05-09 04:14:01,471 - parser - INFO - Пропускаем проверку порогов — в БД только 93 спинов (нужно 500+)
2026-05-09 04:14:05,035 - httpx - INFO - HTTP Request: POST https://api.telegram.org/bot2047277455:AAGwObQa-UPRwulCHH1JJfHjE680_rP7n_I/getUpdates "HTTP/1.1 200 OK"
2026-05-09 04:14:15,095 - httpx - INFO - HTTP Request: POST https://api.telegram.org/bot2047277455:AAGwObQa-UPRwulCHH1JJfHjE680_rP7n_I/getUpdates "HTTP/1.1 200 OK"
2026-05-09 04:14:25,153 - httpx - INFO - HTTP Request: POST https://api.telegram.org/bot2047277455:AAGwObQa-UPRwulCHH1JJfHjE680_rP7n_I/getUpdates "HTTP/1.1 200 OK"
2026-05-09 04:14:31,713 - parser - INFO - Найдено новых спинов от API: 0
2026-05-09 04:14:35,212 - httpx - INFO - HTTP Request: POST https://api.telegram.org/bot2047277455:AAGwObQa-UPRwulCHH1JJfHjE680_rP7n_I/getUpdates "HTTP/1.1 200 OK"
2026-05-09 04:14:45,268 - httpx - INFO - HTTP Request: POST https://api.telegram.org/bot2047277455:AAGwObQa-UPRwulCHH1JJfHjE680_rP7n_I/getUpdates "HTTP/1.1 200 OK"
2026-05-09 04:14:55,327 - httpx - INFO - HTTP Request: POST https://api.telegram.org/bot2047277455:AAGwObQa-UPRwulCHH1JJfHjE680_rP7n_I/getUpdates "HTTP/1.1 200 OK"
2026-05-09 04:15:02,045 - parser - INFO - Найдено новых спинов от API: 1
2026-05-09 04:15:02,057 - parser - INFO - Сохранено: 1, пропущено: 0
2026-05-09 04:15:02,058 - parser - INFO - Пропускаем проверку порогов — в БД только 94 спинов (нужно 500+)
2026-05-09 04:15:05,389 - httpx - INFO - HTTP Request: POST https://api.telegram.org/bot2047277455:AAGwObQa-UPRwulCHH1JJfHjE680_rP7n_I/getUpdates "HTTP/1.1 200 OK"
2026-05-09 04:15:15,448 - httpx - INFO - HTTP Request: POST https://api.telegram.org/bot2047277455:AAGwObQa-UPRwulCHH1JJfHjE680_rP7n_I/getUpdates "HTTP/1.1 200 OK"
2026-05-09 04:15:25,506 - httpx - INFO - HTTP Request: POST https://api.telegram.org/bot2047277455:AAGwObQa-UPRwulCHH1JJfHjE680_rP7n_I/getUpdates "HTTP/1.1 200 OK"
2026-05-09 04:15:32,305 - parser - INFO - Найдено новых спинов от API: 1
2026-05-09 04:15:32,313 - parser - INFO - Сохранено: 1, пропущено: 0
2026-05-09 04:15:32,314 - parser - INFO - Пропускаем проверку порогов — в БД только 95 спинов (нужно 500+)
2026-05-09 04:15:35,566 - httpx - INFO - HTTP Request: POST https://api.telegram.org/bot2047277455:AAGwObQa-UPRwulCHH1JJfHjE680_rP7n_I/getUpdates "HTTP/1.1 200 OK"
2026-05-09 04:15:45,623 - httpx - INFO - HTTP Request: POST https://api.telegram.org/bot2047277455:AAGwObQa-UPRwulCHH1JJfHjE680_rP7n_I/getUpdates "HTTP/1.1 200 OK"
2026-05-09 04:15:55,680 - httpx - INFO - HTTP Request: POST https://api.telegram.org/bot2047277455:AAGwObQa-UPRwulCHH1JJfHjE680_rP7n_I/getUpdates "HTTP/1.1 200 OK"
2026-05-09 04:16:02,609 - parser - INFO - Найдено новых спинов от API: 1
2026-05-09 04:16:02,619 - parser - INFO - Сохранено: 1, пропущено: 0
2026-05-09 04:16:02,620 - parser - INFO - Пропускаем проверку порогов — в БД только 96 спинов (нужно 500+)
2026-05-09 04:16:05,741 - httpx - INFO - HTTP Request: POST https://api.telegram.org/bot2047277455:AAGwObQa-UPRwulCHH1JJfHjE680_rP7n_I/getUpdates "HTTP/1.1 200 OK"
2026-05-09 04:16:15,806 - httpx - INFO - HTTP Request: POST https://api.telegram.org/bot2047277455:AAGwObQa-UPRwulCHH1JJfHjE680_rP7n_I/getUpdates "HTTP/1.1 200 OK"
2026-05-09 04:16:25,864 - httpx - INFO - HTTP Request: POST https://api.telegram.org/bot2047277455:AAGwObQa-UPRwulCHH1JJfHjE680_rP7n_I/getUpdates "HTTP/1.1 200 OK"
2026-05-09 04:16:32,852 - parser - INFO - Найдено новых спинов от API: 0
2026-05-09 04:16:35,923 - httpx - INFO - HTTP Request: POST https://api.telegram.org/bot2047277455:AAGwObQa-UPRwulCHH1JJfHjE680_rP7n_I/getUpdates "HTTP/1.1 200 OK"
2026-05-09 04:16:45,982 - httpx - INFO - HTTP Request: POST https://api.telegram.org/bot2047277455:AAGwObQa-UPRwulCHH1JJfHjE680_rP7n_I/getUpdates "HTTP/1.1 200 OK"
2026-05-09 04:16:56,049 - httpx - INFO - HTTP Request: POST https://api.telegram.org/bot2047277455:AAGwObQa-UPRwulCHH1JJfHjE680_rP7n_I/getUpdates "HTTP/1.1 200 OK"
2026-05-09 04:17:03,161 - parser - INFO - Найдено новых спинов от API: 1
2026-05-09 04:17:03,172 - parser - INFO - Сохранено: 1, пропущено: 0
2026-05-09 04:17:03,173 - parser - INFO - Пропускаем проверку порогов — в БД только 97 спинов (нужно 500+)
2026-05-09 04:17:06,108 - httpx - INFO - HTTP Request: POST https://api.telegram.org/bot2047277455:AAGwObQa-UPRwulCHH1JJfHjE680_rP7n_I/getUpdates "HTTP/1.1 200 OK"
2026-05-09 04:17:16,166 - httpx - INFO - HTTP Request: POST https://api.telegram.org/bot2047277455:AAGwObQa-UPRwulCHH1JJfHjE680_rP7n_I/getUpdates "HTTP/1.1 200 OK"
2026-05-09 04:17:26,223 - httpx - INFO - HTTP Request: POST https://api.telegram.org/bot2047277455:AAGwObQa-UPRwulCHH1JJfHjE680_rP7n_I/getUpdates "HTTP/1.1 200 OK"
2026-05-09 04:17:33,407 - parser - INFO - Найдено новых спинов от API: 0
2026-05-09 04:17:36,285 - httpx - INFO - HTTP Request: POST https://api.telegram.org/bot2047277455:AAGwObQa-UPRwulCHH1JJfHjE680_rP7n_I/getUpdates "HTTP/1.1 200 OK"
2026-05-09 04:17:46,346 - httpx - INFO - HTTP Request: POST https://api.telegram.org/bot2047277455:AAGwObQa-UPRwulCHH1JJfHjE680_rP7n_I/getUpdates "HTTP/1.1 200 OK"
2026-05-09 04:17:56,403 - httpx - INFO - HTTP Request: POST https://api.telegram.org/bot2047277455:AAGwObQa-UPRwulCHH1JJfHjE680_rP7n_I/getUpdates "HTTP/1.1 200 OK"
2026-05-09 04:18:03,671 - parser - INFO - Найдено новых спинов от API: 0
2026-05-09 04:18:06,468 - httpx - INFO - HTTP Request: POST https://api.telegram.org/bot2047277455:AAGwObQa-UPRwulCHH1JJfHjE680_rP7n_I/getUpdates "HTTP/1.1 200 OK"
2026-05-09 04:18:16,531 - httpx - INFO - HTTP Request: POST https://api.telegram.org/bot2047277455:AAGwObQa-UPRwulCHH1JJfHjE680_rP7n_I/getUpdates "HTTP/1.1 200 OK"
2026-05-09 04:18:26,594 - httpx - INFO - HTTP Request: POST https://api.telegram.org/bot2047277455:AAGwObQa-UPRwulCHH1JJfHjE680_rP7n_I/getUpdates "HTTP/1.1 200 OK"
2026-05-09 04:18:33,924 - parser - INFO - Найдено новых спинов от API: 1
2026-05-09 04:18:33,931 - parser - INFO - Сохранено: 1, пропущено: 0
2026-05-09 04:18:33,932 - parser - INFO - Пропускаем проверку порогов — в БД только 98 спинов (нужно 500+)
2026-05-09 04:18:36,652 - httpx - INFO - HTTP Request: POST https://api.telegram.org/bot2047277455:AAGwObQa-UPRwulCHH1JJfHjE680_rP7n_I/getUpdates "HTTP/1.1 200 OK"
2026-05-09 04:20:01,363 - database - INFO - База данных инициализирована: crazy_time.db
2026-05-09 04:20:01,825 - __main__ - INFO - Бот запущен
2026-05-09 04:20:01,961 - httpx - INFO - HTTP Request: POST https://api.telegram.org/bot2047277455:AAGwObQa-UPRwulCHH1JJfHjE680_rP7n_I/getMe "HTTP/1.1 200 OK"
2026-05-09 04:20:01,962 - __main__ - INFO - Запуск фонового парсера...
2026-05-09 04:20:02,033 - httpx - INFO - HTTP Request: POST https://api.telegram.org/bot2047277455:AAGwObQa-UPRwulCHH1JJfHjE680_rP7n_I/deleteWebhook "HTTP/1.1 200 OK"
2026-05-09 04:20:02,035 - telegram.ext.Application - INFO - Application started
2026-05-09 04:20:12,150 - httpx - INFO - HTTP Request: POST https://api.telegram.org/bot2047277455:AAGwObQa-UPRwulCHH1JJfHjE680_rP7n_I/getUpdates "HTTP/1.1 200 OK"
2026-05-09 04:20:17,359 - parser - ERROR - Ошибка парсера: 
Traceback (most recent call last):
  File "D:\MILLIONER\parser.py", line 91, in fetch_and_process
    new_spins = await self._fetch_new_spins()
                ^^^^^^^^^^^^^^^^^^^^^^^^^^^^^
  File "D:\MILLIONER\parser.py", line 156, in _fetch_new_spins
    data = await resp.json(content_type=None)
           ^^^^^^^^^^^^^^^^^^^^^^^^^^^^^^^^^^
  File "C:\Users\Sh1ndyS\AppData\Local\Programs\Python\Python311\Lib\site-packages\aiohttp\client_reqrep.py", line 1171, in json
    await self.read()
  File "C:\Users\Sh1ndyS\AppData\Local\Programs\Python\Python311\Lib\site-packages\aiohttp\client_reqrep.py", line 1111, in read
    self._body = await self.content.read()
                 ^^^^^^^^^^^^^^^^^^^^^^^^^
  File "C:\Users\Sh1ndyS\AppData\Local\Programs\Python\Python311\Lib\site-packages\aiohttp\streams.py", line 383, in read
    block = await self.readany()
            ^^^^^^^^^^^^^^^^^^^^
  File "C:\Users\Sh1ndyS\AppData\Local\Programs\Python\Python311\Lib\site-packages\aiohttp\streams.py", line 405, in readany
    await self._wait("readany")
  File "C:\Users\Sh1ndyS\AppData\Local\Programs\Python\Python311\Lib\site-packages\aiohttp\streams.py", line 311, in _wait
    with self._timer:
  File "C:\Users\Sh1ndyS\AppData\Local\Programs\Python\Python311\Lib\site-packages\aiohttp\helpers.py", line 735, in __exit__
    raise asyncio.TimeoutError from None
TimeoutError
2026-05-09 04:20:22,188 - httpx - INFO - HTTP Request: POST https://api.telegram.org/bot2047277455:AAGwObQa-UPRwulCHH1JJfHjE680_rP7n_I/getUpdates "HTTP/1.1 200 OK"
2026-05-09 04:20:32,227 - httpx - INFO - HTTP Request: POST https://api.telegram.org/bot2047277455:AAGwObQa-UPRwulCHH1JJfHjE680_rP7n_I/getUpdates "HTTP/1.1 200 OK"
2026-05-09 04:20:42,266 - httpx - INFO - HTTP Request: POST https://api.telegram.org/bot2047277455:AAGwObQa-UPRwulCHH1JJfHjE680_rP7n_I/getUpdates "HTTP/1.1 200 OK"
2026-05-09 04:20:52,306 - httpx - INFO - HTTP Request: POST https://api.telegram.org/bot2047277455:AAGwObQa-UPRwulCHH1JJfHjE680_rP7n_I/getUpdates "HTTP/1.1 200 OK"
2026-05-09 04:31:09,425 - database - INFO - База данных инициализирована: crazy_time.db
2026-05-09 04:31:09,859 - __main__ - INFO - Бот запущен
2026-05-09 04:31:10,000 - httpx - INFO - HTTP Request: POST https://api.telegram.org/bot2047277455:AAGwObQa-UPRwulCHH1JJfHjE680_rP7n_I/getMe "HTTP/1.1 200 OK"
2026-05-09 04:31:10,002 - __main__ - INFO - Запуск фонового парсера...
2026-05-09 04:31:10,071 - httpx - INFO - HTTP Request: POST https://api.telegram.org/bot2047277455:AAGwObQa-UPRwulCHH1JJfHjE680_rP7n_I/deleteWebhook "HTTP/1.1 200 OK"
2026-05-09 04:31:10,073 - telegram.ext.Application - INFO - Application started
2026-05-09 04:31:20,195 - httpx - INFO - HTTP Request: POST https://api.telegram.org/bot2047277455:AAGwObQa-UPRwulCHH1JJfHjE680_rP7n_I/getUpdates "HTTP/1.1 200 OK"
2026-05-09 04:31:25,363 - parser - ERROR - Ошибка парсера: 
Traceback (most recent call last):
  File "D:\MILLIONER\parser.py", line 91, in fetch_and_process
    new_spins = await self._fetch_new_spins()
                ^^^^^^^^^^^^^^^^^^^^^^^^^^^^^
  File "D:\MILLIONER\parser.py", line 156, in _fetch_new_spins
    data = await resp.json(content_type=None)
           ^^^^^^^^^^^^^^^^^^^^^^^^^^^^^^^^^^
  File "C:\Users\Sh1ndyS\AppData\Local\Programs\Python\Python311\Lib\site-packages\aiohttp\client_reqrep.py", line 1171, in json
    await self.read()
  File "C:\Users\Sh1ndyS\AppData\Local\Programs\Python\Python311\Lib\site-packages\aiohttp\client_reqrep.py", line 1111, in read
    self._body = await self.content.read()
                 ^^^^^^^^^^^^^^^^^^^^^^^^^
  File "C:\Users\Sh1ndyS\AppData\Local\Programs\Python\Python311\Lib\site-packages\aiohttp\streams.py", line 383, in read
    block = await self.readany()
            ^^^^^^^^^^^^^^^^^^^^
  File "C:\Users\Sh1ndyS\AppData\Local\Programs\Python\Python311\Lib\site-packages\aiohttp\streams.py", line 405, in readany
    await self._wait("readany")
  File "C:\Users\Sh1ndyS\AppData\Local\Programs\Python\Python311\Lib\site-packages\aiohttp\streams.py", line 311, in _wait
    with self._timer:
  File "C:\Users\Sh1ndyS\AppData\Local\Programs\Python\Python311\Lib\site-packages\aiohttp\helpers.py", line 735, in __exit__
    raise asyncio.TimeoutError from None
TimeoutError
2026-05-09 04:31:30,238 - httpx - INFO - HTTP Request: POST https://api.telegram.org/bot2047277455:AAGwObQa-UPRwulCHH1JJfHjE680_rP7n_I/getUpdates "HTTP/1.1 200 OK"
2026-05-09 04:31:40,280 - httpx - INFO - HTTP Request: POST https://api.telegram.org/bot2047277455:AAGwObQa-UPRwulCHH1JJfHjE680_rP7n_I/getUpdates "HTTP/1.1 200 OK"
2026-05-09 04:31:50,322 - httpx - INFO - HTTP Request: POST https://api.telegram.org/bot2047277455:AAGwObQa-UPRwulCHH1JJfHjE680_rP7n_I/getUpdates "HTTP/1.1 200 OK"
2026-05-09 04:31:58,224 - httpx - INFO - HTTP Request: POST https://api.telegram.org/bot2047277455:AAGwObQa-UPRwulCHH1JJfHjE680_rP7n_I/getUpdates "HTTP/1.1 200 OK"
2026-05-09 04:31:58,362 - httpx - INFO - HTTP Request: POST https://api.telegram.org/bot2047277455:AAGwObQa-UPRwulCHH1JJfHjE680_rP7n_I/sendMessage "HTTP/1.1 200 OK"
2026-05-09 04:32:02,028 - httpx - INFO - HTTP Request: POST https://api.telegram.org/bot2047277455:AAGwObQa-UPRwulCHH1JJfHjE680_rP7n_I/getUpdates "HTTP/1.1 200 OK"
2026-05-09 04:32:02,088 - httpx - INFO - HTTP Request: POST https://api.telegram.org/bot2047277455:AAGwObQa-UPRwulCHH1JJfHjE680_rP7n_I/sendMessage "HTTP/1.1 200 OK"
2026-05-09 04:32:06,138 - httpx - INFO - HTTP Request: POST https://api.telegram.org/bot2047277455:AAGwObQa-UPRwulCHH1JJfHjE680_rP7n_I/getUpdates "HTTP/1.1 200 OK"
2026-05-09 04:32:06,198 - httpx - INFO - HTTP Request: POST https://api.telegram.org/bot2047277455:AAGwObQa-UPRwulCHH1JJfHjE680_rP7n_I/sendMessage "HTTP/1.1 200 OK"
2026-05-09 04:32:11,368 - parser - ERROR - Ошибка парсера: 
Traceback (most recent call last):
  File "D:\MILLIONER\parser.py", line 91, in fetch_and_process
    new_spins = await self._fetch_new_spins()
                ^^^^^^^^^^^^^^^^^^^^^^^^^^^^^
  File "D:\MILLIONER\parser.py", line 156, in _fetch_new_spins
    data = await resp.json(content_type=None)
           ^^^^^^^^^^^^^^^^^^^^^^^^^^^^^^^^^^
  File "C:\Users\Sh1ndyS\AppData\Local\Programs\Python\Python311\Lib\site-packages\aiohttp\client_reqrep.py", line 1171, in json
    await self.read()
  File "C:\Users\Sh1ndyS\AppData\Local\Programs\Python\Python311\Lib\site-packages\aiohttp\client_reqrep.py", line 1111, in read
    self._body = await self.content.read()
                 ^^^^^^^^^^^^^^^^^^^^^^^^^
  File "C:\Users\Sh1ndyS\AppData\Local\Programs\Python\Python311\Lib\site-packages\aiohttp\streams.py", line 383, in read
    block = await self.readany()
            ^^^^^^^^^^^^^^^^^^^^
  File "C:\Users\Sh1ndyS\AppData\Local\Programs\Python\Python311\Lib\site-packages\aiohttp\streams.py", line 405, in readany
    await self._wait("readany")
  File "C:\Users\Sh1ndyS\AppData\Local\Programs\Python\Python311\Lib\site-packages\aiohttp\streams.py", line 311, in _wait
    with self._timer:
  File "C:\Users\Sh1ndyS\AppData\Local\Programs\Python\Python311\Lib\site-packages\aiohttp\helpers.py", line 735, in __exit__
    raise asyncio.TimeoutError from None
TimeoutError
2026-05-09 04:32:16,178 - httpx - INFO - HTTP Request: POST https://api.telegram.org/bot2047277455:AAGwObQa-UPRwulCHH1JJfHjE680_rP7n_I/getUpdates "HTTP/1.1 200 OK"
2026-05-09 04:32:16,310 - httpx - INFO - HTTP Request: POST https://api.telegram.org/bot2047277455:AAGwObQa-UPRwulCHH1JJfHjE680_rP7n_I/getUpdates "HTTP/1.1 200 OK"
2026-05-09 04:32:16,461 - httpx - INFO - HTTP Request: POST https://api.telegram.org/bot2047277455:AAGwObQa-UPRwulCHH1JJfHjE680_rP7n_I/sendMessage "HTTP/1.1 200 OK"
2026-05-09 04:32:26,354 - httpx - INFO - HTTP Request: POST https://api.telegram.org/bot2047277455:AAGwObQa-UPRwulCHH1JJfHjE680_rP7n_I/getUpdates "HTTP/1.1 200 OK"
2026-05-09 04:32:31,485 - httpx - INFO - HTTP Request: POST https://api.telegram.org/bot2047277455:AAGwObQa-UPRwulCHH1JJfHjE680_rP7n_I/getUpdates "HTTP/1.1 200 OK"
2026-05-09 04:32:31,630 - httpx - INFO - HTTP Request: POST https://api.telegram.org/bot2047277455:AAGwObQa-UPRwulCHH1JJfHjE680_rP7n_I/sendMessage "HTTP/1.1 200 OK"
2026-05-09 04:32:41,531 - httpx - INFO - HTTP Request: POST https://api.telegram.org/bot2047277455:AAGwObQa-UPRwulCHH1JJfHjE680_rP7n_I/getUpdates "HTTP/1.1 200 OK"
2026-05-09 04:32:45,305 - httpx - INFO - HTTP Request: POST https://api.telegram.org/bot2047277455:AAGwObQa-UPRwulCHH1JJfHjE680_rP7n_I/getUpdates "HTTP/1.1 200 OK"
2026-05-09 04:32:45,455 - httpx - INFO - HTTP Request: POST https://api.telegram.org/bot2047277455:AAGwObQa-UPRwulCHH1JJfHjE680_rP7n_I/sendMessage "HTTP/1.1 200 OK"
2026-05-09 04:32:55,351 - httpx - INFO - HTTP Request: POST https://api.telegram.org/bot2047277455:AAGwObQa-UPRwulCHH1JJfHjE680_rP7n_I/getUpdates "HTTP/1.1 200 OK"
2026-05-09 04:32:57,370 - parser - ERROR - Ошибка парсера: 
Traceback (most recent call last):
  File "D:\MILLIONER\parser.py", line 91, in fetch_and_process
    new_spins = await self._fetch_new_spins()
                ^^^^^^^^^^^^^^^^^^^^^^^^^^^^^
  File "D:\MILLIONER\parser.py", line 156, in _fetch_new_spins
    data = await resp.json(content_type=None)
           ^^^^^^^^^^^^^^^^^^^^^^^^^^^^^^^^^^
  File "C:\Users\Sh1ndyS\AppData\Local\Programs\Python\Python311\Lib\site-packages\aiohttp\client_reqrep.py", line 1171, in json
    await self.read()
  File "C:\Users\Sh1ndyS\AppData\Local\Programs\Python\Python311\Lib\site-packages\aiohttp\client_reqrep.py", line 1111, in read
    self._body = await self.content.read()
                 ^^^^^^^^^^^^^^^^^^^^^^^^^
  File "C:\Users\Sh1ndyS\AppData\Local\Programs\Python\Python311\Lib\site-packages\aiohttp\streams.py", line 383, in read
    block = await self.readany()
            ^^^^^^^^^^^^^^^^^^^^
  File "C:\Users\Sh1ndyS\AppData\Local\Programs\Python\Python311\Lib\site-packages\aiohttp\streams.py", line 405, in readany
    await self._wait("readany")
  File "C:\Users\Sh1ndyS\AppData\Local\Programs\Python\Python311\Lib\site-packages\aiohttp\streams.py", line 311, in _wait
    with self._timer:
  File "C:\Users\Sh1ndyS\AppData\Local\Programs\Python\Python311\Lib\site-packages\aiohttp\helpers.py", line 735, in __exit__
    raise asyncio.TimeoutError from None
TimeoutError
2026-05-09 04:33:05,391 - httpx - INFO - HTTP Request: POST https://api.telegram.org/bot2047277455:AAGwObQa-UPRwulCHH1JJfHjE680_rP7n_I/getUpdates "HTTP/1.1 200 OK"
2026-05-09 04:33:15,431 - httpx - INFO - HTTP Request: POST https://api.telegram.org/bot2047277455:AAGwObQa-UPRwulCHH1JJfHjE680_rP7n_I/getUpdates "HTTP/1.1 200 OK"
2026-05-09 04:33:25,473 - httpx - INFO - HTTP Request: POST https://api.telegram.org/bot2047277455:AAGwObQa-UPRwulCHH1JJfHjE680_rP7n_I/getUpdates "HTTP/1.1 200 OK"
2026-05-09 04:33:35,512 - httpx - INFO - HTTP Request: POST https://api.telegram.org/bot2047277455:AAGwObQa-UPRwulCHH1JJfHjE680_rP7n_I/getUpdates "HTTP/1.1 200 OK"
2026-05-09 04:33:43,372 - parser - ERROR - Ошибка парсера: 
Traceback (most recent call last):
  File "D:\MILLIONER\parser.py", line 91, in fetch_and_process
    new_spins = await self._fetch_new_spins()
                ^^^^^^^^^^^^^^^^^^^^^^^^^^^^^
  File "D:\MILLIONER\parser.py", line 156, in _fetch_new_spins
    data = await resp.json(content_type=None)
           ^^^^^^^^^^^^^^^^^^^^^^^^^^^^^^^^^^
  File "C:\Users\Sh1ndyS\AppData\Local\Programs\Python\Python311\Lib\site-packages\aiohttp\client_reqrep.py", line 1171, in json
    await self.read()
  File "C:\Users\Sh1ndyS\AppData\Local\Programs\Python\Python311\Lib\site-packages\aiohttp\client_reqrep.py", line 1111, in read
    self._body = await self.content.read()
                 ^^^^^^^^^^^^^^^^^^^^^^^^^
  File "C:\Users\Sh1ndyS\AppData\Local\Programs\Python\Python311\Lib\site-packages\aiohttp\streams.py", line 383, in read
    block = await self.readany()
            ^^^^^^^^^^^^^^^^^^^^
  File "C:\Users\Sh1ndyS\AppData\Local\Programs\Python\Python311\Lib\site-packages\aiohttp\streams.py", line 405, in readany
    await self._wait("readany")
  File "C:\Users\Sh1ndyS\AppData\Local\Programs\Python\Python311\Lib\site-packages\aiohttp\streams.py", line 311, in _wait
    with self._timer:
  File "C:\Users\Sh1ndyS\AppData\Local\Programs\Python\Python311\Lib\site-packages\aiohttp\helpers.py", line 735, in __exit__
    raise asyncio.TimeoutError from None
TimeoutError
2026-05-09 04:33:45,555 - httpx - INFO - HTTP Request: POST https://api.telegram.org/bot2047277455:AAGwObQa-UPRwulCHH1JJfHjE680_rP7n_I/getUpdates "HTTP/1.1 200 OK"
2026-05-09 04:33:55,597 - httpx - INFO - HTTP Request: POST https://api.telegram.org/bot2047277455:AAGwObQa-UPRwulCHH1JJfHjE680_rP7n_I/getUpdates "HTTP/1.1 200 OK"
2026-05-09 04:34:05,636 - httpx - INFO - HTTP Request: POST https://api.telegram.org/bot2047277455:AAGwObQa-UPRwulCHH1JJfHjE680_rP7n_I/getUpdates "HTTP/1.1 200 OK"
2026-05-09 04:34:15,677 - httpx - INFO - HTTP Request: POST https://api.telegram.org/bot2047277455:AAGwObQa-UPRwulCHH1JJfHjE680_rP7n_I/getUpdates "HTTP/1.1 200 OK"
2026-05-09 04:34:25,718 - httpx - INFO - HTTP Request: POST https://api.telegram.org/bot2047277455:AAGwObQa-UPRwulCHH1JJfHjE680_rP7n_I/getUpdates "HTTP/1.1 200 OK"
2026-05-09 04:34:29,368 - parser - ERROR - Ошибка парсера: 
Traceback (most recent call last):
  File "D:\MILLIONER\parser.py", line 91, in fetch_and_process
    new_spins = await self._fetch_new_spins()
                ^^^^^^^^^^^^^^^^^^^^^^^^^^^^^
  File "D:\MILLIONER\parser.py", line 156, in _fetch_new_spins
    data = await resp.json(content_type=None)
           ^^^^^^^^^^^^^^^^^^^^^^^^^^^^^^^^^^
  File "C:\Users\Sh1ndyS\AppData\Local\Programs\Python\Python311\Lib\site-packages\aiohttp\client_reqrep.py", line 1171, in json
    await self.read()
  File "C:\Users\Sh1ndyS\AppData\Local\Programs\Python\Python311\Lib\site-packages\aiohttp\client_reqrep.py", line 1111, in read
    self._body = await self.content.read()
                 ^^^^^^^^^^^^^^^^^^^^^^^^^
  File "C:\Users\Sh1ndyS\AppData\Local\Programs\Python\Python311\Lib\site-packages\aiohttp\streams.py", line 383, in read
    block = await self.readany()
            ^^^^^^^^^^^^^^^^^^^^
  File "C:\Users\Sh1ndyS\AppData\Local\Programs\Python\Python311\Lib\site-packages\aiohttp\streams.py", line 405, in readany
    await self._wait("readany")
  File "C:\Users\Sh1ndyS\AppData\Local\Programs\Python\Python311\Lib\site-packages\aiohttp\streams.py", line 311, in _wait
    with self._timer:
  File "C:\Users\Sh1ndyS\AppData\Local\Programs\Python\Python311\Lib\site-packages\aiohttp\helpers.py", line 735, in __exit__
    raise asyncio.TimeoutError from None
TimeoutError
2026-05-09 04:34:35,759 - httpx - INFO - HTTP Request: POST https://api.telegram.org/bot2047277455:AAGwObQa-UPRwulCHH1JJfHjE680_rP7n_I/getUpdates "HTTP/1.1 200 OK"
2026-05-09 04:34:45,797 - httpx - INFO - HTTP Request: POST https://api.telegram.org/bot2047277455:AAGwObQa-UPRwulCHH1JJfHjE680_rP7n_I/getUpdates "HTTP/1.1 200 OK"
2026-05-09 04:34:55,836 - httpx - INFO - HTTP Request: POST https://api.telegram.org/bot2047277455:AAGwObQa-UPRwulCHH1JJfHjE680_rP7n_I/getUpdates "HTTP/1.1 200 OK"
2026-05-09 04:35:05,877 - httpx - INFO - HTTP Request: POST https://api.telegram.org/bot2047277455:AAGwObQa-UPRwulCHH1JJfHjE680_rP7n_I/getUpdates "HTTP/1.1 200 OK"
2026-05-09 04:35:15,353 - parser - ERROR - Ошибка парсера: 
Traceback (most recent call last):
  File "D:\MILLIONER\parser.py", line 91, in fetch_and_process
    new_spins = await self._fetch_new_spins()
                ^^^^^^^^^^^^^^^^^^^^^^^^^^^^^
  File "D:\MILLIONER\parser.py", line 156, in _fetch_new_spins
    data = await resp.json(content_type=None)
           ^^^^^^^^^^^^^^^^^^^^^^^^^^^^^^^^^^
  File "C:\Users\Sh1ndyS\AppData\Local\Programs\Python\Python311\Lib\site-packages\aiohttp\client_reqrep.py", line 1171, in json
    await self.read()
  File "C:\Users\Sh1ndyS\AppData\Local\Programs\Python\Python311\Lib\site-packages\aiohttp\client_reqrep.py", line 1111, in read
    self._body = await self.content.read()
                 ^^^^^^^^^^^^^^^^^^^^^^^^^
  File "C:\Users\Sh1ndyS\AppData\Local\Programs\Python\Python311\Lib\site-packages\aiohttp\streams.py", line 383, in read
    block = await self.readany()
            ^^^^^^^^^^^^^^^^^^^^
  File "C:\Users\Sh1ndyS\AppData\Local\Programs\Python\Python311\Lib\site-packages\aiohttp\streams.py", line 405, in readany
    await self._wait("readany")
  File "C:\Users\Sh1ndyS\AppData\Local\Programs\Python\Python311\Lib\site-packages\aiohttp\streams.py", line 311, in _wait
    with self._timer:
  File "C:\Users\Sh1ndyS\AppData\Local\Programs\Python\Python311\Lib\site-packages\aiohttp\helpers.py", line 735, in __exit__
    raise asyncio.TimeoutError from None
TimeoutError
2026-05-09 04:35:15,918 - httpx - INFO - HTTP Request: POST https://api.telegram.org/bot2047277455:AAGwObQa-UPRwulCHH1JJfHjE680_rP7n_I/getUpdates "HTTP/1.1 200 OK"
2026-05-09 04:35:25,957 - httpx - INFO - HTTP Request: POST https://api.telegram.org/bot2047277455:AAGwObQa-UPRwulCHH1JJfHjE680_rP7n_I/getUpdates "HTTP/1.1 200 OK"
2026-05-09 04:35:36,001 - httpx - INFO - HTTP Request: POST https://api.telegram.org/bot2047277455:AAGwObQa-UPRwulCHH1JJfHjE680_rP7n_I/getUpdates "HTTP/1.1 200 OK"
2026-05-09 04:35:41,565 - httpx - INFO - HTTP Request: POST https://api.telegram.org/bot2047277455:AAGwObQa-UPRwulCHH1JJfHjE680_rP7n_I/getUpdates "HTTP/1.1 200 OK"
2026-05-09 04:35:44,379 - httpx - INFO - HTTP Request: POST https://api.telegram.org/bot2047277455:AAGwObQa-UPRwulCHH1JJfHjE680_rP7n_I/getUpdates "HTTP/1.1 200 OK"
2026-05-09 04:35:44,579 - httpx - INFO - HTTP Request: POST https://api.telegram.org/bot2047277455:AAGwObQa-UPRwulCHH1JJfHjE680_rP7n_I/sendMessage "HTTP/1.1 200 OK"
2026-05-09 04:35:50,859 - httpx - INFO - HTTP Request: POST https://api.telegram.org/bot2047277455:AAGwObQa-UPRwulCHH1JJfHjE680_rP7n_I/getUpdates "HTTP/1.1 200 OK"
2026-05-09 04:35:59,209 - httpx - INFO - HTTP Request: POST https://api.telegram.org/bot2047277455:AAGwObQa-UPRwulCHH1JJfHjE680_rP7n_I/getUpdates "HTTP/1.1 200 OK"
2026-05-09 04:35:59,349 - httpx - INFO - HTTP Request: POST https://api.telegram.org/bot2047277455:AAGwObQa-UPRwulCHH1JJfHjE680_rP7n_I/sendMessage "HTTP/1.1 200 OK"
2026-05-09 04:36:01,358 - parser - ERROR - Ошибка парсера: 
Traceback (most recent call last):
  File "D:\MILLIONER\parser.py", line 91, in fetch_and_process
    new_spins = await self._fetch_new_spins()
                ^^^^^^^^^^^^^^^^^^^^^^^^^^^^^
  File "D:\MILLIONER\parser.py", line 156, in _fetch_new_spins
    data = await resp.json(content_type=None)
           ^^^^^^^^^^^^^^^^^^^^^^^^^^^^^^^^^^
  File "C:\Users\Sh1ndyS\AppData\Local\Programs\Python\Python311\Lib\site-packages\aiohttp\client_reqrep.py", line 1171, in json
    await self.read()
  File "C:\Users\Sh1ndyS\AppData\Local\Programs\Python\Python311\Lib\site-packages\aiohttp\client_reqrep.py", line 1111, in read
    self._body = await self.content.read()
                 ^^^^^^^^^^^^^^^^^^^^^^^^^
  File "C:\Users\Sh1ndyS\AppData\Local\Programs\Python\Python311\Lib\site-packages\aiohttp\streams.py", line 383, in read
    block = await self.readany()
            ^^^^^^^^^^^^^^^^^^^^
  File "C:\Users\Sh1ndyS\AppData\Local\Programs\Python\Python311\Lib\site-packages\aiohttp\streams.py", line 405, in readany
    await self._wait("readany")
  File "C:\Users\Sh1ndyS\AppData\Local\Programs\Python\Python311\Lib\site-packages\aiohttp\streams.py", line 311, in _wait
    with self._timer:
  File "C:\Users\Sh1ndyS\AppData\Local\Programs\Python\Python311\Lib\site-packages\aiohttp\helpers.py", line 735, in __exit__
    raise asyncio.TimeoutError from None
TimeoutError
2026-05-09 04:36:09,249 - httpx - INFO - HTTP Request: POST https://api.telegram.org/bot2047277455:AAGwObQa-UPRwulCHH1JJfHjE680_rP7n_I/getUpdates "HTTP/1.1 200 OK"
2026-05-09 04:36:19,288 - httpx - INFO - HTTP Request: POST https://api.telegram.org/bot2047277455:AAGwObQa-UPRwulCHH1JJfHjE680_rP7n_I/getUpdates "HTTP/1.1 200 OK"
2026-05-09 04:36:24,487 - httpx - INFO - HTTP Request: POST https://api.telegram.org/bot2047277455:AAGwObQa-UPRwulCHH1JJfHjE680_rP7n_I/getUpdates "HTTP/1.1 200 OK"
2026-05-09 04:36:24,623 - httpx - INFO - HTTP Request: POST https://api.telegram.org/bot2047277455:AAGwObQa-UPRwulCHH1JJfHjE680_rP7n_I/sendMessage "HTTP/1.1 200 OK"
2026-05-09 04:36:31,037 - httpx - INFO - HTTP Request: POST https://api.telegram.org/bot2047277455:AAGwObQa-UPRwulCHH1JJfHjE680_rP7n_I/getUpdates "HTTP/1.1 200 OK"
2026-05-09 04:36:31,181 - httpx - INFO - HTTP Request: POST https://api.telegram.org/bot2047277455:AAGwObQa-UPRwulCHH1JJfHjE680_rP7n_I/sendMessage "HTTP/1.1 200 OK"
2026-05-09 04:36:41,081 - httpx - INFO - HTTP Request: POST https://api.telegram.org/bot2047277455:AAGwObQa-UPRwulCHH1JJfHjE680_rP7n_I/getUpdates "HTTP/1.1 200 OK"
2026-05-09 04:36:46,357 - parser - ERROR - Ошибка парсера: 
Traceback (most recent call last):
  File "D:\MILLIONER\parser.py", line 91, in fetch_and_process
    new_spins = await self._fetch_new_spins()
                ^^^^^^^^^^^^^^^^^^^^^^^^^^^^^
  File "D:\MILLIONER\parser.py", line 156, in _fetch_new_spins
    data = await resp.json(content_type=None)
           ^^^^^^^^^^^^^^^^^^^^^^^^^^^^^^^^^^
  File "C:\Users\Sh1ndyS\AppData\Local\Programs\Python\Python311\Lib\site-packages\aiohttp\client_reqrep.py", line 1171, in json
    await self.read()
  File "C:\Users\Sh1ndyS\AppData\Local\Programs\Python\Python311\Lib\site-packages\aiohttp\client_reqrep.py", line 1111, in read
    self._body = await self.content.read()
                 ^^^^^^^^^^^^^^^^^^^^^^^^^
  File "C:\Users\Sh1ndyS\AppData\Local\Programs\Python\Python311\Lib\site-packages\aiohttp\streams.py", line 383, in read
    block = await self.readany()
            ^^^^^^^^^^^^^^^^^^^^
  File "C:\Users\Sh1ndyS\AppData\Local\Programs\Python\Python311\Lib\site-packages\aiohttp\streams.py", line 405, in readany
    await self._wait("readany")
  File "C:\Users\Sh1ndyS\AppData\Local\Programs\Python\Python311\Lib\site-packages\aiohttp\streams.py", line 311, in _wait
    with self._timer:
  File "C:\Users\Sh1ndyS\AppData\Local\Programs\Python\Python311\Lib\site-packages\aiohttp\helpers.py", line 735, in __exit__
    raise asyncio.TimeoutError from None
TimeoutError
2026-05-09 14:11:56,396 - database - INFO - База данных инициализирована: crazy_time.db
2026-05-09 14:11:56,835 - __main__ - INFO - Бот запущен
2026-05-09 14:11:56,964 - httpx - INFO - HTTP Request: POST https://api.telegram.org/bot2047277455:AAGwObQa-UPRwulCHH1JJfHjE680_rP7n_I/getMe "HTTP/1.1 200 OK"
2026-05-09 14:11:56,965 - __main__ - INFO - Запуск фонового парсера...
2026-05-09 14:11:57,021 - httpx - INFO - HTTP Request: POST https://api.telegram.org/bot2047277455:AAGwObQa-UPRwulCHH1JJfHjE680_rP7n_I/deleteWebhook "HTTP/1.1 200 OK"
2026-05-09 14:11:57,023 - telegram.ext.Application - INFO - Application started
2026-05-09 14:12:07,158 - httpx - INFO - HTTP Request: POST https://api.telegram.org/bot2047277455:AAGwObQa-UPRwulCHH1JJfHjE680_rP7n_I/getUpdates "HTTP/1.1 200 OK"
2026-05-09 14:12:12,371 - parser - ERROR - Ошибка парсера: 
Traceback (most recent call last):
  File "D:\MILLIONER\parser.py", line 91, in fetch_and_process
    new_spins = await self._fetch_new_spins()
                ^^^^^^^^^^^^^^^^^^^^^^^^^^^^^
  File "D:\MILLIONER\parser.py", line 156, in _fetch_new_spins
    data = await resp.json(content_type=None)
           ^^^^^^^^^^^^^^^^^^^^^^^^^^^^^^^^^^
  File "C:\Users\Sh1ndyS\AppData\Local\Programs\Python\Python311\Lib\site-packages\aiohttp\client_reqrep.py", line 1171, in json
    await self.read()
  File "C:\Users\Sh1ndyS\AppData\Local\Programs\Python\Python311\Lib\site-packages\aiohttp\client_reqrep.py", line 1111, in read
    self._body = await self.content.read()
                 ^^^^^^^^^^^^^^^^^^^^^^^^^
  File "C:\Users\Sh1ndyS\AppData\Local\Programs\Python\Python311\Lib\site-packages\aiohttp\streams.py", line 383, in read
    block = await self.readany()
            ^^^^^^^^^^^^^^^^^^^^
  File "C:\Users\Sh1ndyS\AppData\Local\Programs\Python\Python311\Lib\site-packages\aiohttp\streams.py", line 405, in readany
    await self._wait("readany")
  File "C:\Users\Sh1ndyS\AppData\Local\Programs\Python\Python311\Lib\site-packages\aiohttp\streams.py", line 311, in _wait
    with self._timer:
  File "C:\Users\Sh1ndyS\AppData\Local\Programs\Python\Python311\Lib\site-packages\aiohttp\helpers.py", line 735, in __exit__
    raise asyncio.TimeoutError from None
TimeoutError
2026-05-09 14:12:17,209 - httpx - INFO - HTTP Request: POST https://api.telegram.org/bot2047277455:AAGwObQa-UPRwulCHH1JJfHjE680_rP7n_I/getUpdates "HTTP/1.1 200 OK"
2026-05-09 14:12:27,248 - httpx - INFO - HTTP Request: POST https://api.telegram.org/bot2047277455:AAGwObQa-UPRwulCHH1JJfHjE680_rP7n_I/getUpdates "HTTP/1.1 200 OK"
2026-05-09 14:12:37,294 - httpx - INFO - HTTP Request: POST https://api.telegram.org/bot2047277455:AAGwObQa-UPRwulCHH1JJfHjE680_rP7n_I/getUpdates "HTTP/1.1 200 OK"
2026-05-09 14:12:47,339 - httpx - INFO - HTTP Request: POST https://api.telegram.org/bot2047277455:AAGwObQa-UPRwulCHH1JJfHjE680_rP7n_I/getUpdates "HTTP/1.1 200 OK"
2026-05-09 14:12:57,381 - httpx - INFO - HTTP Request: POST https://api.telegram.org/bot2047277455:AAGwObQa-UPRwulCHH1JJfHjE680_rP7n_I/getUpdates "HTTP/1.1 200 OK"
2026-05-09 14:12:58,369 - parser - ERROR - Ошибка парсера: 
Traceback (most recent call last):
  File "D:\MILLIONER\parser.py", line 91, in fetch_and_process
    new_spins = await self._fetch_new_spins()
                ^^^^^^^^^^^^^^^^^^^^^^^^^^^^^
  File "D:\MILLIONER\parser.py", line 156, in _fetch_new_spins
    data = await resp.json(content_type=None)
           ^^^^^^^^^^^^^^^^^^^^^^^^^^^^^^^^^^
  File "C:\Users\Sh1ndyS\AppData\Local\Programs\Python\Python311\Lib\site-packages\aiohttp\client_reqrep.py", line 1171, in json
    await self.read()
  File "C:\Users\Sh1ndyS\AppData\Local\Programs\Python\Python311\Lib\site-packages\aiohttp\client_reqrep.py", line 1111, in read
    self._body = await self.content.read()
                 ^^^^^^^^^^^^^^^^^^^^^^^^^
  File "C:\Users\Sh1ndyS\AppData\Local\Programs\Python\Python311\Lib\site-packages\aiohttp\streams.py", line 383, in read
    block = await self.readany()
            ^^^^^^^^^^^^^^^^^^^^
  File "C:\Users\Sh1ndyS\AppData\Local\Programs\Python\Python311\Lib\site-packages\aiohttp\streams.py", line 405, in readany
    await self._wait("readany")
  File "C:\Users\Sh1ndyS\AppData\Local\Programs\Python\Python311\Lib\site-packages\aiohttp\streams.py", line 311, in _wait
    with self._timer:
  File "C:\Users\Sh1ndyS\AppData\Local\Programs\Python\Python311\Lib\site-packages\aiohttp\helpers.py", line 735, in __exit__
    raise asyncio.TimeoutError from None
TimeoutError
2026-05-09 14:13:07,423 - httpx - INFO - HTTP Request: POST https://api.telegram.org/bot2047277455:AAGwObQa-UPRwulCHH1JJfHjE680_rP7n_I/getUpdates "HTTP/1.1 200 OK"
2026-05-09 14:13:13,692 - database - INFO - База данных инициализирована: crazy_time.db
2026-05-09 14:13:14,113 - __main__ - INFO - Бот запущен
2026-05-09 14:13:14,238 - httpx - INFO - HTTP Request: POST https://api.telegram.org/bot2047277455:AAGwObQa-UPRwulCHH1JJfHjE680_rP7n_I/getMe "HTTP/1.1 200 OK"
2026-05-09 14:13:14,239 - __main__ - INFO - Запуск фонового парсера...
2026-05-09 14:13:14,295 - httpx - INFO - HTTP Request: POST https://api.telegram.org/bot2047277455:AAGwObQa-UPRwulCHH1JJfHjE680_rP7n_I/deleteWebhook "HTTP/1.1 200 OK"
2026-05-09 14:13:14,296 - telegram.ext.Application - INFO - Application started
2026-05-09 14:13:14,426 - httpx - INFO - HTTP Request: POST https://api.telegram.org/bot2047277455:AAGwObQa-UPRwulCHH1JJfHjE680_rP7n_I/getUpdates "HTTP/1.1 409 Conflict"
2026-05-09 14:13:14,427 - telegram.ext.Updater - ERROR - Error while getting Updates: Conflict: terminated by other getUpdates request; make sure that only one bot instance is running
2026-05-09 14:13:14,429 - telegram.ext.Application - ERROR - No error handlers are registered, logging exception.
Traceback (most recent call last):
  File "C:\Users\Sh1ndyS\AppData\Local\Programs\Python\Python311\Lib\site-packages\telegram\ext\_updater.py", line 755, in _network_loop_retry
    if not await do_action():
           ^^^^^^^^^^^^^^^^^
  File "C:\Users\Sh1ndyS\AppData\Local\Programs\Python\Python311\Lib\site-packages\telegram\ext\_updater.py", line 749, in do_action
    return action_cb_task.result()
           ^^^^^^^^^^^^^^^^^^^^^^^
  File "C:\Users\Sh1ndyS\AppData\Local\Programs\Python\Python311\Lib\site-packages\telegram\ext\_updater.py", line 389, in polling_action_cb
    raise exc
  File "C:\Users\Sh1ndyS\AppData\Local\Programs\Python\Python311\Lib\site-packages\telegram\ext\_updater.py", line 378, in polling_action_cb
    updates = await self.bot.get_updates(
              ^^^^^^^^^^^^^^^^^^^^^^^^^^^
  File "C:\Users\Sh1ndyS\AppData\Local\Programs\Python\Python311\Lib\site-packages\telegram\ext\_extbot.py", line 647, in get_updates
    updates = await super().get_updates(
              ^^^^^^^^^^^^^^^^^^^^^^^^^^
  File "C:\Users\Sh1ndyS\AppData\Local\Programs\Python\Python311\Lib\site-packages\telegram\_bot.py", line 4326, in get_updates
    await self._post(
  File "C:\Users\Sh1ndyS\AppData\Local\Programs\Python\Python311\Lib\site-packages\telegram\_bot.py", line 618, in _post
    return await self._do_post(
           ^^^^^^^^^^^^^^^^^^^^
  File "C:\Users\Sh1ndyS\AppData\Local\Programs\Python\Python311\Lib\site-packages\telegram\ext\_extbot.py", line 353, in _do_post
    return await super()._do_post(
           ^^^^^^^^^^^^^^^^^^^^^^^
  File "C:\Users\Sh1ndyS\AppData\Local\Programs\Python\Python311\Lib\site-packages\telegram\_bot.py", line 647, in _do_post
    result = await request.post(
             ^^^^^^^^^^^^^^^^^^^
  File "C:\Users\Sh1ndyS\AppData\Local\Programs\Python\Python311\Lib\site-packages\telegram\request\_baserequest.py", line 200, in post
    result = await self._request_wrapper(
             ^^^^^^^^^^^^^^^^^^^^^^^^^^^^
  File "C:\Users\Sh1ndyS\AppData\Local\Programs\Python\Python311\Lib\site-packages\telegram\request\_baserequest.py", line 383, in _request_wrapper
    raise Conflict(message)
telegram.error.Conflict: Conflict: terminated by other getUpdates request; make sure that only one bot instance is running
2026-05-09 14:13:18,486 - httpx - INFO - HTTP Request: POST https://api.telegram.org/bot2047277455:AAGwObQa-UPRwulCHH1JJfHjE680_rP7n_I/getUpdates "HTTP/1.1 409 Conflict"
2026-05-09 14:13:18,487 - telegram.ext.Updater - ERROR - Error while getting Updates: Conflict: terminated by other getUpdates request; make sure that only one bot instance is running
2026-05-09 14:13:18,487 - telegram.ext.Application - ERROR - No error handlers are registered, logging exception.
Traceback (most recent call last):
  File "C:\Users\Sh1ndyS\AppData\Local\Programs\Python\Python311\Lib\site-packages\telegram\ext\_updater.py", line 755, in _network_loop_retry
    if not await do_action():
           ^^^^^^^^^^^^^^^^^
  File "C:\Users\Sh1ndyS\AppData\Local\Programs\Python\Python311\Lib\site-packages\telegram\ext\_updater.py", line 749, in do_action
    return action_cb_task.result()
           ^^^^^^^^^^^^^^^^^^^^^^^
  File "C:\Users\Sh1ndyS\AppData\Local\Programs\Python\Python311\Lib\site-packages\telegram\ext\_updater.py", line 389, in polling_action_cb
    raise exc
  File "C:\Users\Sh1ndyS\AppData\Local\Programs\Python\Python311\Lib\site-packages\telegram\ext\_updater.py", line 378, in polling_action_cb
    updates = await self.bot.get_updates(
              ^^^^^^^^^^^^^^^^^^^^^^^^^^^
  File "C:\Users\Sh1ndyS\AppData\Local\Programs\Python\Python311\Lib\site-packages\telegram\ext\_extbot.py", line 647, in get_updates
    updates = await super().get_updates(
              ^^^^^^^^^^^^^^^^^^^^^^^^^^
  File "C:\Users\Sh1ndyS\AppData\Local\Programs\Python\Python311\Lib\site-packages\telegram\_bot.py", line 4326, in get_updates
    await self._post(
  File "C:\Users\Sh1ndyS\AppData\Local\Programs\Python\Python311\Lib\site-packages\telegram\_bot.py", line 618, in _post
    return await self._do_post(
           ^^^^^^^^^^^^^^^^^^^^
  File "C:\Users\Sh1ndyS\AppData\Local\Programs\Python\Python311\Lib\site-packages\telegram\ext\_extbot.py", line 353, in _do_post
    return await super()._do_post(
           ^^^^^^^^^^^^^^^^^^^^^^^
  File "C:\Users\Sh1ndyS\AppData\Local\Programs\Python\Python311\Lib\site-packages\telegram\_bot.py", line 647, in _do_post
    result = await request.post(
             ^^^^^^^^^^^^^^^^^^^
  File "C:\Users\Sh1ndyS\AppData\Local\Programs\Python\Python311\Lib\site-packages\telegram\request\_baserequest.py", line 200, in post
    result = await self._request_wrapper(
             ^^^^^^^^^^^^^^^^^^^^^^^^^^^^
  File "C:\Users\Sh1ndyS\AppData\Local\Programs\Python\Python311\Lib\site-packages\telegram\request\_baserequest.py", line 383, in _request_wrapper
    raise Conflict(message)
telegram.error.Conflict: Conflict: terminated by other getUpdates request; make sure that only one bot instance is running
2026-05-09 14:13:19,526 - httpx - INFO - HTTP Request: POST https://api.telegram.org/bot2047277455:AAGwObQa-UPRwulCHH1JJfHjE680_rP7n_I/getUpdates "HTTP/1.1 409 Conflict"
2026-05-09 14:13:19,527 - telegram.ext.Updater - ERROR - Error while getting Updates: Conflict: terminated by other getUpdates request; make sure that only one bot instance is running
2026-05-09 14:13:19,528 - telegram.ext.Application - ERROR - No error handlers are registered, logging exception.
Traceback (most recent call last):
  File "C:\Users\Sh1ndyS\AppData\Local\Programs\Python\Python311\Lib\site-packages\telegram\ext\_updater.py", line 755, in _network_loop_retry
    if not await do_action():
           ^^^^^^^^^^^^^^^^^
  File "C:\Users\Sh1ndyS\AppData\Local\Programs\Python\Python311\Lib\site-packages\telegram\ext\_updater.py", line 749, in do_action
    return action_cb_task.result()
           ^^^^^^^^^^^^^^^^^^^^^^^
  File "C:\Users\Sh1ndyS\AppData\Local\Programs\Python\Python311\Lib\site-packages\telegram\ext\_updater.py", line 389, in polling_action_cb
    raise exc
  File "C:\Users\Sh1ndyS\AppData\Local\Programs\Python\Python311\Lib\site-packages\telegram\ext\_updater.py", line 378, in polling_action_cb
    updates = await self.bot.get_updates(
              ^^^^^^^^^^^^^^^^^^^^^^^^^^^
  File "C:\Users\Sh1ndyS\AppData\Local\Programs\Python\Python311\Lib\site-packages\telegram\ext\_extbot.py", line 647, in get_updates
    updates = await super().get_updates(
              ^^^^^^^^^^^^^^^^^^^^^^^^^^
  File "C:\Users\Sh1ndyS\AppData\Local\Programs\Python\Python311\Lib\site-packages\telegram\_bot.py", line 4326, in get_updates
    await self._post(
  File "C:\Users\Sh1ndyS\AppData\Local\Programs\Python\Python311\Lib\site-packages\telegram\_bot.py", line 618, in _post
    return await self._do_post(
           ^^^^^^^^^^^^^^^^^^^^
  File "C:\Users\Sh1ndyS\AppData\Local\Programs\Python\Python311\Lib\site-packages\telegram\ext\_extbot.py", line 353, in _do_post
    return await super()._do_post(
           ^^^^^^^^^^^^^^^^^^^^^^^
  File "C:\Users\Sh1ndyS\AppData\Local\Programs\Python\Python311\Lib\site-packages\telegram\_bot.py", line 647, in _do_post
    result = await request.post(
             ^^^^^^^^^^^^^^^^^^^
  File "C:\Users\Sh1ndyS\AppData\Local\Programs\Python\Python311\Lib\site-packages\telegram\request\_baserequest.py", line 200, in post
    result = await self._request_wrapper(
             ^^^^^^^^^^^^^^^^^^^^^^^^^^^^
  File "C:\Users\Sh1ndyS\AppData\Local\Programs\Python\Python311\Lib\site-packages\telegram\request\_baserequest.py", line 383, in _request_wrapper
    raise Conflict(message)
telegram.error.Conflict: Conflict: terminated by other getUpdates request; make sure that only one bot instance is running
2026-05-09 14:13:24,111 - httpx - INFO - HTTP Request: POST https://api.telegram.org/bot2047277455:AAGwObQa-UPRwulCHH1JJfHjE680_rP7n_I/getUpdates "HTTP/1.1 409 Conflict"
2026-05-09 14:13:24,112 - telegram.ext.Updater - ERROR - Error while getting Updates: Conflict: terminated by other getUpdates request; make sure that only one bot instance is running
2026-05-09 14:13:24,112 - telegram.ext.Application - ERROR - No error handlers are registered, logging exception.
Traceback (most recent call last):
  File "C:\Users\Sh1ndyS\AppData\Local\Programs\Python\Python311\Lib\site-packages\telegram\ext\_updater.py", line 755, in _network_loop_retry
    if not await do_action():
           ^^^^^^^^^^^^^^^^^
  File "C:\Users\Sh1ndyS\AppData\Local\Programs\Python\Python311\Lib\site-packages\telegram\ext\_updater.py", line 749, in do_action
    return action_cb_task.result()
           ^^^^^^^^^^^^^^^^^^^^^^^
  File "C:\Users\Sh1ndyS\AppData\Local\Programs\Python\Python311\Lib\site-packages\telegram\ext\_updater.py", line 389, in polling_action_cb
    raise exc
  File "C:\Users\Sh1ndyS\AppData\Local\Programs\Python\Python311\Lib\site-packages\telegram\ext\_updater.py", line 378, in polling_action_cb
    updates = await self.bot.get_updates(
              ^^^^^^^^^^^^^^^^^^^^^^^^^^^
  File "C:\Users\Sh1ndyS\AppData\Local\Programs\Python\Python311\Lib\site-packages\telegram\ext\_extbot.py", line 647, in get_updates
    updates = await super().get_updates(
              ^^^^^^^^^^^^^^^^^^^^^^^^^^
  File "C:\Users\Sh1ndyS\AppData\Local\Programs\Python\Python311\Lib\site-packages\telegram\_bot.py", line 4326, in get_updates
    await self._post(
  File "C:\Users\Sh1ndyS\AppData\Local\Programs\Python\Python311\Lib\site-packages\telegram\_bot.py", line 618, in _post
    return await self._do_post(
           ^^^^^^^^^^^^^^^^^^^^
  File "C:\Users\Sh1ndyS\AppData\Local\Programs\Python\Python311\Lib\site-packages\telegram\ext\_extbot.py", line 353, in _do_post
    return await super()._do_post(
           ^^^^^^^^^^^^^^^^^^^^^^^
  File "C:\Users\Sh1ndyS\AppData\Local\Programs\Python\Python311\Lib\site-packages\telegram\_bot.py", line 647, in _do_post
    result = await request.post(
             ^^^^^^^^^^^^^^^^^^^
  File "C:\Users\Sh1ndyS\AppData\Local\Programs\Python\Python311\Lib\site-packages\telegram\request\_baserequest.py", line 200, in post
    result = await self._request_wrapper(
             ^^^^^^^^^^^^^^^^^^^^^^^^^^^^
  File "C:\Users\Sh1ndyS\AppData\Local\Programs\Python\Python311\Lib\site-packages\telegram\request\_baserequest.py", line 383, in _request_wrapper
    raise Conflict(message)
telegram.error.Conflict: Conflict: terminated by other getUpdates request; make sure that only one bot instance is running
2026-05-09 14:13:25,666 - httpx - INFO - HTTP Request: POST https://api.telegram.org/bot2047277455:AAGwObQa-UPRwulCHH1JJfHjE680_rP7n_I/getUpdates "HTTP/1.1 409 Conflict"
2026-05-09 14:13:25,668 - telegram.ext.Updater - ERROR - Error while getting Updates: Conflict: terminated by other getUpdates request; make sure that only one bot instance is running
2026-05-09 14:13:25,669 - telegram.ext.Application - ERROR - No error handlers are registered, logging exception.
Traceback (most recent call last):
  File "C:\Users\Sh1ndyS\AppData\Local\Programs\Python\Python311\Lib\site-packages\telegram\ext\_updater.py", line 755, in _network_loop_retry
    if not await do_action():
           ^^^^^^^^^^^^^^^^^
  File "C:\Users\Sh1ndyS\AppData\Local\Programs\Python\Python311\Lib\site-packages\telegram\ext\_updater.py", line 749, in do_action
    return action_cb_task.result()
           ^^^^^^^^^^^^^^^^^^^^^^^
  File "C:\Users\Sh1ndyS\AppData\Local\Programs\Python\Python311\Lib\site-packages\telegram\ext\_updater.py", line 389, in polling_action_cb
    raise exc
  File "C:\Users\Sh1ndyS\AppData\Local\Programs\Python\Python311\Lib\site-packages\telegram\ext\_updater.py", line 378, in polling_action_cb
    updates = await self.bot.get_updates(
              ^^^^^^^^^^^^^^^^^^^^^^^^^^^
  File "C:\Users\Sh1ndyS\AppData\Local\Programs\Python\Python311\Lib\site-packages\telegram\ext\_extbot.py", line 647, in get_updates
    updates = await super().get_updates(
              ^^^^^^^^^^^^^^^^^^^^^^^^^^
  File "C:\Users\Sh1ndyS\AppData\Local\Programs\Python\Python311\Lib\site-packages\telegram\_bot.py", line 4326, in get_updates
    await self._post(
  File "C:\Users\Sh1ndyS\AppData\Local\Programs\Python\Python311\Lib\site-packages\telegram\_bot.py", line 618, in _post
    return await self._do_post(
           ^^^^^^^^^^^^^^^^^^^^
  File "C:\Users\Sh1ndyS\AppData\Local\Programs\Python\Python311\Lib\site-packages\telegram\ext\_extbot.py", line 353, in _do_post
    return await super()._do_post(
           ^^^^^^^^^^^^^^^^^^^^^^^
  File "C:\Users\Sh1ndyS\AppData\Local\Programs\Python\Python311\Lib\site-packages\telegram\_bot.py", line 647, in _do_post
    result = await request.post(
             ^^^^^^^^^^^^^^^^^^^
  File "C:\Users\Sh1ndyS\AppData\Local\Programs\Python\Python311\Lib\site-packages\telegram\request\_baserequest.py", line 200, in post
    result = await self._request_wrapper(
             ^^^^^^^^^^^^^^^^^^^^^^^^^^^^
  File "C:\Users\Sh1ndyS\AppData\Local\Programs\Python\Python311\Lib\site-packages\telegram\request\_baserequest.py", line 383, in _request_wrapper
    raise Conflict(message)
telegram.error.Conflict: Conflict: terminated by other getUpdates request; make sure that only one bot instance is running
2026-05-09 14:13:30,980 - httpx - INFO - HTTP Request: POST https://api.telegram.org/bot2047277455:AAGwObQa-UPRwulCHH1JJfHjE680_rP7n_I/getUpdates "HTTP/1.1 409 Conflict"
2026-05-09 14:13:30,981 - telegram.ext.Updater - ERROR - Error while getting Updates: Conflict: terminated by other getUpdates request; make sure that only one bot instance is running
2026-05-09 14:13:30,983 - telegram.ext.Application - ERROR - No error handlers are registered, logging exception.
Traceback (most recent call last):
  File "C:\Users\Sh1ndyS\AppData\Local\Programs\Python\Python311\Lib\site-packages\telegram\ext\_updater.py", line 755, in _network_loop_retry
    if not await do_action():
           ^^^^^^^^^^^^^^^^^
  File "C:\Users\Sh1ndyS\AppData\Local\Programs\Python\Python311\Lib\site-packages\telegram\ext\_updater.py", line 749, in do_action
    return action_cb_task.result()
           ^^^^^^^^^^^^^^^^^^^^^^^
  File "C:\Users\Sh1ndyS\AppData\Local\Programs\Python\Python311\Lib\site-packages\telegram\ext\_updater.py", line 389, in polling_action_cb
    raise exc
  File "C:\Users\Sh1ndyS\AppData\Local\Programs\Python\Python311\Lib\site-packages\telegram\ext\_updater.py", line 378, in polling_action_cb
    updates = await self.bot.get_updates(
              ^^^^^^^^^^^^^^^^^^^^^^^^^^^
  File "C:\Users\Sh1ndyS\AppData\Local\Programs\Python\Python311\Lib\site-packages\telegram\ext\_extbot.py", line 647, in get_updates
    updates = await super().get_updates(
              ^^^^^^^^^^^^^^^^^^^^^^^^^^
  File "C:\Users\Sh1ndyS\AppData\Local\Programs\Python\Python311\Lib\site-packages\telegram\_bot.py", line 4326, in get_updates
    await self._post(
  File "C:\Users\Sh1ndyS\AppData\Local\Programs\Python\Python311\Lib\site-packages\telegram\_bot.py", line 618, in _post
    return await self._do_post(
           ^^^^^^^^^^^^^^^^^^^^
  File "C:\Users\Sh1ndyS\AppData\Local\Programs\Python\Python311\Lib\site-packages\telegram\ext\_extbot.py", line 353, in _do_post
    return await super()._do_post(
           ^^^^^^^^^^^^^^^^^^^^^^^
  File "C:\Users\Sh1ndyS\AppData\Local\Programs\Python\Python311\Lib\site-packages\telegram\_bot.py", line 647, in _do_post
    result = await request.post(
             ^^^^^^^^^^^^^^^^^^^
  File "C:\Users\Sh1ndyS\AppData\Local\Programs\Python\Python311\Lib\site-packages\telegram\request\_baserequest.py", line 200, in post
    result = await self._request_wrapper(
             ^^^^^^^^^^^^^^^^^^^^^^^^^^^^
  File "C:\Users\Sh1ndyS\AppData\Local\Programs\Python\Python311\Lib\site-packages\telegram\request\_baserequest.py", line 383, in _request_wrapper
    raise Conflict(message)
telegram.error.Conflict: Conflict: terminated by other getUpdates request; make sure that only one bot instance is running
2026-05-09 14:13:41,312 - database - INFO - База данных инициализирована: crazy_time.db
2026-05-09 14:13:41,730 - __main__ - INFO - Бот запущен
2026-05-09 14:13:41,856 - httpx - INFO - HTTP Request: POST https://api.telegram.org/bot2047277455:AAGwObQa-UPRwulCHH1JJfHjE680_rP7n_I/getMe "HTTP/1.1 200 OK"
2026-05-09 14:13:41,858 - __main__ - INFO - Запуск фонового парсера...
2026-05-09 14:13:41,915 - httpx - INFO - HTTP Request: POST https://api.telegram.org/bot2047277455:AAGwObQa-UPRwulCHH1JJfHjE680_rP7n_I/deleteWebhook "HTTP/1.1 200 OK"
2026-05-09 14:13:41,916 - telegram.ext.Application - INFO - Application started
2026-05-09 14:13:52,033 - httpx - INFO - HTTP Request: POST https://api.telegram.org/bot2047277455:AAGwObQa-UPRwulCHH1JJfHjE680_rP7n_I/getUpdates "HTTP/1.1 200 OK"
2026-05-09 14:14:02,072 - httpx - INFO - HTTP Request: POST https://api.telegram.org/bot2047277455:AAGwObQa-UPRwulCHH1JJfHjE680_rP7n_I/getUpdates "HTTP/1.1 200 OK"
2026-05-09 14:14:12,116 - httpx - INFO - HTTP Request: POST https://api.telegram.org/bot2047277455:AAGwObQa-UPRwulCHH1JJfHjE680_rP7n_I/getUpdates "HTTP/1.1 200 OK"
2026-05-09 14:14:12,358 - parser - WARNING - Таймаут slotyi.com (попытка 1/3)
2026-05-09 14:14:22,156 - httpx - INFO - HTTP Request: POST https://api.telegram.org/bot2047277455:AAGwObQa-UPRwulCHH1JJfHjE680_rP7n_I/getUpdates "HTTP/1.1 200 OK"
2026-05-09 14:14:32,193 - httpx - INFO - HTTP Request: POST https://api.telegram.org/bot2047277455:AAGwObQa-UPRwulCHH1JJfHjE680_rP7n_I/getUpdates "HTTP/1.1 200 OK"
2026-05-09 14:14:42,233 - httpx - INFO - HTTP Request: POST https://api.telegram.org/bot2047277455:AAGwObQa-UPRwulCHH1JJfHjE680_rP7n_I/getUpdates "HTTP/1.1 200 OK"
2026-05-09 14:15:16,284 - parser - WARNING - Таймаут slotyi.com (попытка 2/3)
2026-05-09 14:15:26,334 - httpx - INFO - HTTP Request: POST https://api.telegram.org/bot2047277455:AAGwObQa-UPRwulCHH1JJfHjE680_rP7n_I/getUpdates "HTTP/1.1 200 OK"
2026-05-09 14:15:36,374 - httpx - INFO - HTTP Request: POST https://api.telegram.org/bot2047277455:AAGwObQa-UPRwulCHH1JJfHjE680_rP7n_I/getUpdates "HTTP/1.1 200 OK"
2026-05-09 14:15:46,415 - httpx - INFO - HTTP Request: POST https://api.telegram.org/bot2047277455:AAGwObQa-UPRwulCHH1JJfHjE680_rP7n_I/getUpdates "HTTP/1.1 200 OK"
2026-05-09 14:16:16,003 - parser - WARNING - Таймаут slotyi.com (попытка 3/3)
2026-05-09 14:16:27,582 - httpx - INFO - HTTP Request: POST https://api.telegram.org/bot2047277455:AAGwObQa-UPRwulCHH1JJfHjE680_rP7n_I/getUpdates "HTTP/1.1 200 OK"
2026-05-09 14:18:38,822 - httpx - INFO - HTTP Request: POST https://api.telegram.org/bot2047277455:AAGwObQa-UPRwulCHH1JJfHjE680_rP7n_I/getUpdates "HTTP/1.1 200 OK"
2026-05-09 14:20:16,010 - parser - WARNING - Таймаут slotyi.com (попытка 1/3)
2026-05-09 14:20:27,200 - httpx - INFO - HTTP Request: POST https://api.telegram.org/bot2047277455:AAGwObQa-UPRwulCHH1JJfHjE680_rP7n_I/getUpdates "HTTP/1.1 200 OK"
2026-05-09 14:20:37,237 - httpx - INFO - HTTP Request: POST https://api.telegram.org/bot2047277455:AAGwObQa-UPRwulCHH1JJfHjE680_rP7n_I/getUpdates "HTTP/1.1 200 OK"
2026-05-09 14:20:47,277 - httpx - INFO - HTTP Request: POST https://api.telegram.org/bot2047277455:AAGwObQa-UPRwulCHH1JJfHjE680_rP7n_I/getUpdates "HTTP/1.1 200 OK"
2026-05-09 14:20:52,371 - parser - WARNING - Таймаут slotyi.com (попытка 2/3)
2026-05-09 14:20:57,314 - httpx - INFO - HTTP Request: POST https://api.telegram.org/bot2047277455:AAGwObQa-UPRwulCHH1JJfHjE680_rP7n_I/getUpdates "HTTP/1.1 200 OK"
2026-05-09 14:21:07,355 - httpx - INFO - HTTP Request: POST https://api.telegram.org/bot2047277455:AAGwObQa-UPRwulCHH1JJfHjE680_rP7n_I/getUpdates "HTTP/1.1 200 OK"
2026-05-09 14:21:17,395 - httpx - INFO - HTTP Request: POST https://api.telegram.org/bot2047277455:AAGwObQa-UPRwulCHH1JJfHjE680_rP7n_I/getUpdates "HTTP/1.1 200 OK"
2026-05-09 14:21:27,434 - httpx - INFO - HTTP Request: POST https://api.telegram.org/bot2047277455:AAGwObQa-UPRwulCHH1JJfHjE680_rP7n_I/getUpdates "HTTP/1.1 200 OK"
2026-05-09 14:21:28,369 - parser - WARNING - Таймаут slotyi.com (попытка 3/3)
2026-05-09 14:21:37,471 - httpx - INFO - HTTP Request: POST https://api.telegram.org/bot2047277455:AAGwObQa-UPRwulCHH1JJfHjE680_rP7n_I/getUpdates "HTTP/1.1 200 OK"
2026-05-09 14:21:47,509 - httpx - INFO - HTTP Request: POST https://api.telegram.org/bot2047277455:AAGwObQa-UPRwulCHH1JJfHjE680_rP7n_I/getUpdates "HTTP/1.1 200 OK"
2026-05-09 14:23:56,352 - database - INFO - База данных инициализирована: crazy_time.db
2026-05-09 14:23:56,768 - __main__ - INFO - Бот запущен
2026-05-09 14:23:56,894 - httpx - INFO - HTTP Request: POST https://api.telegram.org/bot2047277455:AAGwObQa-UPRwulCHH1JJfHjE680_rP7n_I/getMe "HTTP/1.1 200 OK"
2026-05-09 14:23:56,895 - __main__ - INFO - Запуск фонового парсера...
2026-05-09 14:23:56,900 - parser - ERROR - Ошибка запроса: Server disconnected
2026-05-09 14:23:56,937 - httpx - INFO - HTTP Request: POST https://api.telegram.org/bot2047277455:AAGwObQa-UPRwulCHH1JJfHjE680_rP7n_I/deleteWebhook "HTTP/1.1 200 OK"
2026-05-09 14:23:56,939 - telegram.ext.Application - INFO - Application started
2026-05-09 14:24:07,058 - httpx - INFO - HTTP Request: POST https://api.telegram.org/bot2047277455:AAGwObQa-UPRwulCHH1JJfHjE680_rP7n_I/getUpdates "HTTP/1.1 200 OK"
2026-05-09 14:24:17,097 - httpx - INFO - HTTP Request: POST https://api.telegram.org/bot2047277455:AAGwObQa-UPRwulCHH1JJfHjE680_rP7n_I/getUpdates "HTTP/1.1 200 OK"
2026-05-09 14:24:26,912 - parser - ERROR - Ошибка запроса: Server disconnected
2026-05-09 14:24:27,137 - httpx - INFO - HTTP Request: POST https://api.telegram.org/bot2047277455:AAGwObQa-UPRwulCHH1JJfHjE680_rP7n_I/getUpdates "HTTP/1.1 200 OK"
2026-05-09 14:25:18,340 - database - INFO - База данных инициализирована: crazy_time.db
2026-05-09 14:25:18,749 - __main__ - INFO - Бот запущен
2026-05-09 14:25:18,876 - httpx - INFO - HTTP Request: POST https://api.telegram.org/bot2047277455:AAGwObQa-UPRwulCHH1JJfHjE680_rP7n_I/getMe "HTTP/1.1 200 OK"
2026-05-09 14:25:18,877 - __main__ - INFO - Запуск фонового парсера...
2026-05-09 14:25:18,882 - parser - ERROR - Ошибка запроса: Server disconnected
2026-05-09 14:25:18,919 - httpx - INFO - HTTP Request: POST https://api.telegram.org/bot2047277455:AAGwObQa-UPRwulCHH1JJfHjE680_rP7n_I/deleteWebhook "HTTP/1.1 200 OK"
2026-05-09 14:25:18,921 - telegram.ext.Application - INFO - Application started
2026-05-09 14:25:29,044 - httpx - INFO - HTTP Request: POST https://api.telegram.org/bot2047277455:AAGwObQa-UPRwulCHH1JJfHjE680_rP7n_I/getUpdates "HTTP/1.1 200 OK"
2026-05-09 14:25:39,085 - httpx - INFO - HTTP Request: POST https://api.telegram.org/bot2047277455:AAGwObQa-UPRwulCHH1JJfHjE680_rP7n_I/getUpdates "HTTP/1.1 200 OK"
